-- Generated by Craft v2.6.2962 on Apr 20, 2017, 10:13:54 PM.

--
-- Disable foreign key checks and autocommit.
--

SET FOREIGN_KEY_CHECKS = 0;
SET SQL_MODE = "NO_AUTO_VALUE_ON_ZERO";
SET AUTOCOMMIT = 0;
SET NAMES utf8;


DROP TABLE IF EXISTS `craft_assetfiles`;


--
-- Schema for table `craft_assetfiles`
--
CREATE TABLE `craft_assetfiles` (
  `id` int(11) NOT NULL,
  `sourceId` int(11) DEFAULT NULL,
  `folderId` int(11) NOT NULL,
  `filename` varchar(255) COLLATE utf8_unicode_ci NOT NULL,
  `kind` varchar(50) COLLATE utf8_unicode_ci NOT NULL DEFAULT 'unknown',
  `width` int(11) unsigned DEFAULT NULL,
  `height` int(11) unsigned DEFAULT NULL,
  `size` bigint(20) unsigned DEFAULT NULL,
  `dateModified` datetime DEFAULT NULL,
  `dateCreated` datetime NOT NULL,
  `dateUpdated` datetime NOT NULL,
  `uid` char(36) COLLATE utf8_unicode_ci NOT NULL DEFAULT '0',
  PRIMARY KEY (`id`),
  UNIQUE KEY `craft_assetfiles_filename_folderId_unq_idx` (`filename`,`folderId`),
  KEY `craft_assetfiles_sourceId_fk` (`sourceId`),
  KEY `craft_assetfiles_folderId_fk` (`folderId`)
) ENGINE=InnoDB DEFAULT CHARSET=utf8 COLLATE=utf8_unicode_ci;

--
-- Data for table `craft_assetfiles`
--

INSERT INTO `craft_assetfiles` (`id`, `sourceId`, `folderId`, `filename`, `kind`, `width`, `height`, `size`, `dateModified`, `dateCreated`, `dateUpdated`, `uid`) VALUES
 ('17', '1', '6', 'sample.jpg', 'image', '864', '576', '116584', '2016-03-27 11:25:44', '2016-03-26 21:49:43', '2016-04-23 22:56:20', '3fcbfd25-dc11-4be6-8b26-3a4deb08a530'),
 ('18', '1', '6', 'teaser-ncgov.jpg', 'image', '800', '800', '213430', '2016-03-27 11:25:44', '2016-03-26 22:04:30', '2016-04-23 22:56:20', 'a0430608-0bf6-4840-bb1c-f46739dfe918'),
 ('25', '1', '5', 'dsg-womensfitness-hero.jpg', 'image', '2000', '1125', '319623', '2016-03-28 21:39:52', '2016-03-27 20:20:23', '2016-04-23 22:55:41', '5ef46a70-1113-40ad-894b-ce63d7312228'),
 ('30', '1', '6', 'Assembly_Portfolio_6.jpg', 'image', '1140', '619', '100093', '2016-03-30 22:03:49', '2016-03-29 11:14:53', '2016-04-23 22:56:15', '9915fddc-0f7c-434c-bc70-477995a71f92'),
 ('31', '1', '6', 'Assembly_Portfolio_7.jpg', 'image', '1140', '675', '413576', '2016-03-30 22:03:49', '2016-03-29 11:15:06', '2016-04-23 22:56:16', '5e345520-068c-4f87-943a-c95e529c8a65'),
 ('32', '1', '6', 'Assembly_Portfolio_11.jpg', 'image', '1140', '495', '124565', '2016-03-30 22:03:49', '2016-03-29 11:15:15', '2016-04-23 22:56:15', '716a4bfd-3c41-4f5e-b399-4b060dce14c8'),
 ('34', '1', '5', 'creative-agency-brand-culture-01_0.jpg', 'image', '2880', '1640', '112913', '2016-03-31 22:55:21', '2016-03-31 22:55:21', '2016-04-23 22:55:41', '951e9f4b-a74a-4f3e-9735-c037244c85e6'),
 ('35', '1', '5', 'contact-header.jpg', 'image', '2880', '1040', '74315', '2016-03-31 22:55:25', '2016-03-31 22:55:25', '2016-04-23 22:55:41', '2b67ec70-31b0-4f00-a4e1-e158e889fd88'),
 ('37', '1', '6', 'p_sample-runner.jpg', 'image', '2560', '1600', '414216', '2016-04-17 14:58:51', '2016-04-17 14:58:51', '2016-04-23 22:56:19', 'e3b2f40e-9b99-4e2f-ac5f-821267b4c05e'),
 ('38', '1', '6', 'p_runner.jpg', 'image', '2560', '1200', '356939', '2016-04-17 15:38:25', '2016-04-17 15:38:26', '2016-04-23 22:56:16', '4e8e6801-9fae-4204-9ae7-2fb56deb7cee'),
 ('41', '1', '4', 'l_oracle.png', 'image', '400', '400', '8606', '2016-04-24 15:06:45', '2016-04-19 22:25:36', '2016-04-24 15:06:47', 'c3bd49f0-b134-4d26-bdc5-363fdc0fade9'),
 ('45', '1', '4', 'l_webaward.png', 'image', '400', '400', '18730', '2016-04-19 22:45:03', '2016-04-19 22:45:03', '2016-04-23 22:55:43', '686ada9a-2a71-495a-af21-c9c49376d559'),
 ('47', '1', '5', 'p_hero-home.jpg', 'image', '2880', '1800', '1448386', '2016-04-19 23:30:26', '2016-04-19 23:21:39', '2016-04-23 22:55:42', '89ea2e32-2107-46b4-b7cc-306b08c11e85'),
 ('54', '1', '4', 'l_sia-awards.png', 'image', '400', '400', '14594', '2016-04-24 14:43:35', '2016-04-24 14:43:35', '2016-04-24 14:43:35', '7e12abe9-704d-40cc-b62a-2a5113e773fe'),
 ('55', '1', '4', 'l_layers-magazine.png', 'image', '400', '400', '11009', '2016-04-24 14:44:14', '2016-04-24 14:44:14', '2016-04-24 14:44:14', '7ea1e866-81af-4d03-ba52-1a14645d5124'),
 ('56', '1', '4', 'l_99designs.png', 'image', '400', '400', '18228', '2016-04-24 14:46:15', '2016-04-24 14:46:15', '2016-04-24 14:46:15', '34099f77-ba02-46fb-868b-2ca7816a529f'),
 ('57', '1', '4', 'l_davey-awards.png', 'image', '400', '400', '19056', '2016-04-24 14:47:31', '2016-04-24 14:47:31', '2016-04-24 14:47:31', '631a8852-e0b8-4a28-b7eb-0146f2168fb6'),
 ('62', '1', '4', 'l_w3-awards.png', 'image', '400', '400', '8961', '2016-04-24 14:55:30', '2016-04-24 14:51:40', '2016-04-24 14:55:33', 'a09fc469-3a06-446f-827a-503f0f19fe03'),
 ('65', '1', '4', 'l_lulu.png', 'image', '400', '400', '21091', '2016-04-24 14:58:17', '2016-04-24 14:58:18', '2016-04-24 14:58:18', '61be2bb1-d05b-4026-8e80-c81fe27313fe'),
 ('66', '1', '4', 'l_rex-unc-health.png', 'image', '400', '400', '19369', '2016-04-24 14:58:44', '2016-04-24 14:58:44', '2016-04-24 14:58:44', '661f4c22-310b-46f8-a186-e089b0e5587d'),
 ('67', '1', '4', 'l_wbal.png', 'image', '400', '400', '19149', '2016-04-24 14:59:08', '2016-04-24 14:59:08', '2016-04-24 14:59:08', '12313bd4-567e-4785-b154-678aaf2dc248'),
 ('68', '1', '4', 'l_ncsu.png', 'image', '400', '400', '21817', '2016-04-24 15:00:11', '2016-04-24 15:00:11', '2016-04-24 15:00:11', '3ea4646e-e5d3-4438-8923-8a24eabac530'),
 ('69', '1', '4', 'l_duke-university.png', 'image', '400', '400', '12112', '2016-04-24 15:00:35', '2016-04-24 15:00:36', '2016-04-24 15:00:36', 'ad3309d8-f50e-408f-809f-f28278e60318'),
 ('70', '1', '4', 'l_redhat.png', 'image', '400', '400', '17503', '2016-04-24 15:01:14', '2016-04-24 15:01:15', '2016-04-24 15:01:15', 'a5218a8d-ee48-4afb-b029-9cb89893eff0'),
 ('71', '1', '4', 'l_sirchie.png', 'image', '400', '400', '56053', '2016-04-24 15:04:32', '2016-04-24 15:04:32', '2016-04-24 15:04:32', '1db994a6-fae1-4302-8fc0-5dfefd28da05'),
 ('72', '1', '4', 'l_ncgov.png', 'image', '400', '400', '13519', '2016-04-24 15:04:52', '2016-04-24 15:04:52', '2016-04-24 15:04:52', 'bd1f6252-39ee-460e-82eb-fafbeda54cad'),
 ('73', '1', '4', 'l_rtp.png', 'image', '400', '400', '15831', '2016-04-24 15:05:15', '2016-04-24 15:05:15', '2016-04-24 15:05:15', 'daca88fc-4350-43bb-89e9-918ac34a09c6'),
 ('74', '1', '4', 'l_campbell-university.png', 'image', '400', '400', '16274', '2016-04-24 15:06:02', '2016-04-24 15:06:02', '2016-04-24 15:06:02', '8dee899f-f505-4a01-91e0-dc07b9a2a27a'),
 ('85', '1', '6', 'p_sirchie-homepage.jpg', 'image', '2888', '2086', '371927', '2016-05-01 20:44:09', '2016-05-01 20:44:10', '2016-05-01 20:44:10', 'bf90a11b-455b-4963-b043-8228b98a90e1'),
 ('87', '1', '6', 'p_sirchie-concept.jpg', 'image', '1140', '1140', '206850', '2016-05-01 20:48:24', '2016-05-01 20:48:25', '2016-05-01 20:48:25', 'd061b3af-2f84-41ee-a539-3dd7d8f5cd0c'),
 ('88', '1', '5', 'p_hero-sirchie.jpg', 'image', '2560', '1200', '308690', '2016-05-01 20:58:29', '2016-05-01 20:54:07', '2016-05-01 20:58:32', 'a3e1b139-6420-4fe7-8e9d-dba45d59abc3'),
 ('90', '1', '6', 'p_sirchie-menu.jpg', 'image', '1140', '1140', '142796', '2016-05-01 21:06:46', '2016-05-01 21:06:46', '2016-05-01 21:06:46', '0e776c1f-ed88-4517-9435-d68e8980a92c'),
 ('99', '1', '5', 'Abstract-Wallpaper-HD.png', 'image', '1920', '1080', '1833358', '2016-07-17 01:15:03', '2016-07-17 01:15:04', '2016-07-17 01:15:04', '1d64158f-f47c-46ea-ac2b-57aa171b36aa');



DROP TABLE IF EXISTS `craft_assetfolders`;


--
-- Schema for table `craft_assetfolders`
--
CREATE TABLE `craft_assetfolders` (
  `id` int(11) NOT NULL AUTO_INCREMENT,
  `parentId` int(11) DEFAULT NULL,
  `sourceId` int(11) DEFAULT NULL,
  `name` varchar(255) COLLATE utf8_unicode_ci NOT NULL,
  `path` varchar(255) COLLATE utf8_unicode_ci DEFAULT NULL,
  `dateCreated` datetime NOT NULL,
  `dateUpdated` datetime NOT NULL,
  `uid` char(36) COLLATE utf8_unicode_ci NOT NULL DEFAULT '0',
  PRIMARY KEY (`id`),
  UNIQUE KEY `craft_assetfolders_name_parentId_sourceId_unq_idx` (`name`,`parentId`,`sourceId`),
  KEY `craft_assetfolders_parentId_fk` (`parentId`),
  KEY `craft_assetfolders_sourceId_fk` (`sourceId`)
) ENGINE=InnoDB AUTO_INCREMENT=7 DEFAULT CHARSET=utf8 COLLATE=utf8_unicode_ci;

--
-- Data for table `craft_assetfolders`
--

INSERT INTO `craft_assetfolders` (`id`, `parentId`, `sourceId`, `name`, `path`, `dateCreated`, `dateUpdated`, `uid`) VALUES
 ('1', NULL, '1', 'Assets', '', '2016-03-26 20:27:36', '2016-03-26 21:43:41', 'acc19918-b0ff-4f4a-8b6d-edb6e020e743'),
 ('4', '1', '1', 'logos', 'logos/', '2016-04-23 22:52:31', '2016-04-23 22:53:52', 'c94273ff-ce5f-472a-8581-6ac96ae21d89'),
 ('5', '1', '1', 'heroes', 'heroes/', '2016-04-23 22:53:12', '2016-04-23 22:53:56', 'cbade549-7d06-4440-926a-6f37669e48e0'),
 ('6', '1', '1', 'projects', 'projects/', '2016-04-23 22:56:09', '2016-04-23 22:56:09', '691df780-5cda-4a3d-b001-9ed31fc2c624');



DROP TABLE IF EXISTS `craft_assetindexdata`;


--
-- Schema for table `craft_assetindexdata`
--
CREATE TABLE `craft_assetindexdata` (
  `id` int(11) NOT NULL AUTO_INCREMENT,
  `sessionId` varchar(36) COLLATE utf8_unicode_ci NOT NULL DEFAULT '',
  `sourceId` int(10) NOT NULL,
  `offset` int(10) NOT NULL,
  `uri` text COLLATE utf8_unicode_ci,
  `size` bigint(20) unsigned DEFAULT NULL,
  `recordId` int(10) DEFAULT NULL,
  `dateCreated` datetime NOT NULL,
  `dateUpdated` datetime NOT NULL,
  `uid` char(36) COLLATE utf8_unicode_ci NOT NULL DEFAULT '0',
  PRIMARY KEY (`id`),
  UNIQUE KEY `craft_assetindexdata_sessionId_sourceId_offset_unq_idx` (`sessionId`,`sourceId`,`offset`),
  KEY `craft_assetindexdata_sourceId_fk` (`sourceId`)
) ENGINE=InnoDB DEFAULT CHARSET=utf8 COLLATE=utf8_unicode_ci;

DROP TABLE IF EXISTS `craft_assetsources`;


--
-- Schema for table `craft_assetsources`
--
CREATE TABLE `craft_assetsources` (
  `id` int(11) NOT NULL AUTO_INCREMENT,
  `name` varchar(255) COLLATE utf8_unicode_ci NOT NULL,
  `handle` varchar(255) COLLATE utf8_unicode_ci NOT NULL,
  `type` varchar(150) COLLATE utf8_unicode_ci NOT NULL,
  `settings` text COLLATE utf8_unicode_ci,
  `sortOrder` smallint(6) unsigned DEFAULT NULL,
  `fieldLayoutId` int(10) DEFAULT NULL,
  `dateCreated` datetime NOT NULL,
  `dateUpdated` datetime NOT NULL,
  `uid` char(36) COLLATE utf8_unicode_ci NOT NULL DEFAULT '0',
  PRIMARY KEY (`id`),
  UNIQUE KEY `craft_assetsources_name_unq_idx` (`name`),
  UNIQUE KEY `craft_assetsources_handle_unq_idx` (`handle`),
  KEY `craft_assetsources_fieldLayoutId_fk` (`fieldLayoutId`)
) ENGINE=InnoDB AUTO_INCREMENT=2 DEFAULT CHARSET=utf8 COLLATE=utf8_unicode_ci;

--
-- Data for table `craft_assetsources`
--

INSERT INTO `craft_assetsources` (`id`, `name`, `handle`, `type`, `settings`, `sortOrder`, `fieldLayoutId`, `dateCreated`, `dateUpdated`, `uid`) VALUES
 ('1', 'Assets', 'assets', 'Local', '{\"path\":\"img\\/assets\\/\",\"publicURLs\":\"1\",\"url\":\"\\/img\\/assets\\/\"}', '1', '29', '2016-03-26 20:27:36', '2016-03-27 00:41:40', '27149796-019e-4367-a071-2df713dde8e3');



DROP TABLE IF EXISTS `craft_assettransformindex`;


--
-- Schema for table `craft_assettransformindex`
--
CREATE TABLE `craft_assettransformindex` (
  `id` int(11) NOT NULL AUTO_INCREMENT,
  `fileId` int(11) NOT NULL,
  `filename` varchar(255) COLLATE utf8_unicode_ci DEFAULT NULL,
  `format` varchar(255) COLLATE utf8_unicode_ci DEFAULT NULL,
  `location` varchar(255) COLLATE utf8_unicode_ci NOT NULL,
  `sourceId` int(11) DEFAULT NULL,
  `fileExists` tinyint(1) DEFAULT NULL,
  `inProgress` tinyint(1) DEFAULT NULL,
  `dateIndexed` datetime DEFAULT NULL,
  `dateCreated` datetime NOT NULL,
  `dateUpdated` datetime NOT NULL,
  `uid` char(36) COLLATE utf8_unicode_ci NOT NULL DEFAULT '0',
  PRIMARY KEY (`id`),
  KEY `craft_assettransformindex_sourceId_fileId_location_idx` (`sourceId`,`fileId`,`location`)
) ENGINE=InnoDB AUTO_INCREMENT=59 DEFAULT CHARSET=utf8 COLLATE=utf8_unicode_ci;

DROP TABLE IF EXISTS `craft_assettransforms`;


--
-- Schema for table `craft_assettransforms`
--
CREATE TABLE `craft_assettransforms` (
  `id` int(11) NOT NULL AUTO_INCREMENT,
  `name` varchar(255) COLLATE utf8_unicode_ci NOT NULL,
  `handle` varchar(255) COLLATE utf8_unicode_ci NOT NULL,
  `mode` enum('stretch','fit','crop') COLLATE utf8_unicode_ci NOT NULL DEFAULT 'crop',
  `position` enum('top-left','top-center','top-right','center-left','center-center','center-right','bottom-left','bottom-center','bottom-right') COLLATE utf8_unicode_ci NOT NULL DEFAULT 'center-center',
  `height` int(10) DEFAULT NULL,
  `width` int(10) DEFAULT NULL,
  `format` varchar(255) COLLATE utf8_unicode_ci DEFAULT NULL,
  `quality` int(10) DEFAULT NULL,
  `dimensionChangeTime` datetime DEFAULT NULL,
  `dateCreated` datetime NOT NULL,
  `dateUpdated` datetime NOT NULL,
  `uid` char(36) COLLATE utf8_unicode_ci NOT NULL DEFAULT '0',
  PRIMARY KEY (`id`),
  UNIQUE KEY `craft_assettransforms_name_unq_idx` (`name`),
  UNIQUE KEY `craft_assettransforms_handle_unq_idx` (`handle`)
) ENGINE=InnoDB AUTO_INCREMENT=3 DEFAULT CHARSET=utf8 COLLATE=utf8_unicode_ci;

--
-- Data for table `craft_assettransforms`
--

INSERT INTO `craft_assettransforms` (`id`, `name`, `handle`, `mode`, `position`, `height`, `width`, `format`, `quality`, `dimensionChangeTime`, `dateCreated`, `dateUpdated`, `uid`) VALUES
 ('1', 'Thumbnail', 'thumbnail', 'crop', 'center-center', '480', '640', NULL, NULL, '2016-06-05 18:38:42', '2016-03-26 21:44:16', '2016-06-05 18:38:42', '57d5a465-8247-4be4-9196-2f64a7e69e2e'),
 ('2', 'Hero', 'hero', 'fit', 'center-center', NULL, '1440', NULL, NULL, '2016-03-27 20:03:52', '2016-03-27 20:03:52', '2016-03-27 20:03:52', '7c046114-59da-4d0e-b96f-0203e674e0bb');



DROP TABLE IF EXISTS `craft_categories`;


--
-- Schema for table `craft_categories`
--
CREATE TABLE `craft_categories` (
  `id` int(11) NOT NULL,
  `groupId` int(11) NOT NULL,
  `dateCreated` datetime NOT NULL,
  `dateUpdated` datetime NOT NULL,
  `uid` char(36) COLLATE utf8_unicode_ci NOT NULL DEFAULT '0',
  PRIMARY KEY (`id`),
  KEY `craft_categories_groupId_fk` (`groupId`)
) ENGINE=InnoDB DEFAULT CHARSET=utf8 COLLATE=utf8_unicode_ci;

DROP TABLE IF EXISTS `craft_categorygroups`;


--
-- Schema for table `craft_categorygroups`
--
CREATE TABLE `craft_categorygroups` (
  `id` int(11) NOT NULL AUTO_INCREMENT,
  `structureId` int(11) NOT NULL,
  `fieldLayoutId` int(11) DEFAULT NULL,
  `name` varchar(255) COLLATE utf8_unicode_ci NOT NULL,
  `handle` varchar(255) COLLATE utf8_unicode_ci NOT NULL,
  `hasUrls` tinyint(1) unsigned NOT NULL DEFAULT '1',
  `template` varchar(500) COLLATE utf8_unicode_ci DEFAULT NULL,
  `dateCreated` datetime NOT NULL,
  `dateUpdated` datetime NOT NULL,
  `uid` char(36) COLLATE utf8_unicode_ci NOT NULL DEFAULT '0',
  PRIMARY KEY (`id`),
  UNIQUE KEY `craft_categorygroups_name_unq_idx` (`name`),
  UNIQUE KEY `craft_categorygroups_handle_unq_idx` (`handle`),
  KEY `craft_categorygroups_structureId_fk` (`structureId`),
  KEY `craft_categorygroups_fieldLayoutId_fk` (`fieldLayoutId`)
) ENGINE=InnoDB DEFAULT CHARSET=utf8 COLLATE=utf8_unicode_ci;

DROP TABLE IF EXISTS `craft_categorygroups_i18n`;


--
-- Schema for table `craft_categorygroups_i18n`
--
CREATE TABLE `craft_categorygroups_i18n` (
  `id` int(11) NOT NULL AUTO_INCREMENT,
  `groupId` int(11) NOT NULL,
  `locale` char(12) COLLATE utf8_unicode_ci NOT NULL,
  `urlFormat` text COLLATE utf8_unicode_ci,
  `nestedUrlFormat` text COLLATE utf8_unicode_ci,
  `dateCreated` datetime NOT NULL,
  `dateUpdated` datetime NOT NULL,
  `uid` char(36) COLLATE utf8_unicode_ci NOT NULL DEFAULT '0',
  PRIMARY KEY (`id`),
  UNIQUE KEY `craft_categorygroups_i18n_groupId_locale_unq_idx` (`groupId`,`locale`),
  KEY `craft_categorygroups_i18n_locale_fk` (`locale`)
) ENGINE=InnoDB DEFAULT CHARSET=utf8 COLLATE=utf8_unicode_ci;

DROP TABLE IF EXISTS `craft_content`;


--
-- Schema for table `craft_content`
--
CREATE TABLE `craft_content` (
  `id` int(11) NOT NULL AUTO_INCREMENT,
  `elementId` int(11) NOT NULL,
  `locale` char(12) COLLATE utf8_unicode_ci NOT NULL,
  `title` varchar(255) COLLATE utf8_unicode_ci DEFAULT NULL,
  `field_body` text COLLATE utf8_unicode_ci,
  `field_projectSummary` text COLLATE utf8_unicode_ci,
  `field_projectChallenge` text COLLATE utf8_unicode_ci,
  `field_projectSolution` text COLLATE utf8_unicode_ci,
  `field_projectResults` text COLLATE utf8_unicode_ci,
  `field_clientName` text COLLATE utf8_unicode_ci,
  `field_altDescription` text COLLATE utf8_unicode_ci,
  `field_siteTagline` text COLLATE utf8_unicode_ci,
  `field_ctaMessage` text COLLATE utf8_unicode_ci,
  `field_featuredTitle` text COLLATE utf8_unicode_ci,
  `field_featuredSubtitle` text COLLATE utf8_unicode_ci,
  `field_ctaCustomUrl` text COLLATE utf8_unicode_ci,
  `dateCreated` datetime NOT NULL,
  `dateUpdated` datetime NOT NULL,
  `uid` char(36) COLLATE utf8_unicode_ci NOT NULL DEFAULT '0',
  PRIMARY KEY (`id`),
  UNIQUE KEY `craft_content_elementId_locale_unq_idx` (`elementId`,`locale`),
  KEY `craft_content_title_idx` (`title`),
  KEY `craft_content_locale_fk` (`locale`)
) ENGINE=InnoDB AUTO_INCREMENT=67 DEFAULT CHARSET=utf8 COLLATE=utf8_unicode_ci;

--
-- Data for table `craft_content`
--

INSERT INTO `craft_content` (`id`, `elementId`, `locale`, `title`, `field_body`, `field_projectSummary`, `field_projectChallenge`, `field_projectSolution`, `field_projectResults`, `field_clientName`, `field_altDescription`, `field_siteTagline`, `field_ctaMessage`, `field_featuredTitle`, `field_featuredSubtitle`, `field_ctaCustomUrl`, `dateCreated`, `dateUpdated`, `uid`) VALUES
 ('1', '1', 'en_us', NULL, NULL, NULL, NULL, NULL, NULL, NULL, NULL, NULL, NULL, NULL, NULL, NULL, '2016-03-26 15:55:38', '2016-03-26 16:57:54', '21e2edc3-517f-43e3-9abe-fc26abfa9244'),
 ('2', '2', 'en_us', 'Home', '<h1>We craft experiences for the web, helping brands speak human in a <em>digital world</em>.</h1>', NULL, NULL, NULL, NULL, NULL, NULL, NULL, NULL, 'Digital Mastermind', 'Enriching brands through handcrafted digital experiences', NULL, '2016-03-26 15:55:41', '2017-02-04 16:35:09', '5ca94c02-0aa7-41e0-a06f-4df444fb3b94'),
 ('3', '3', 'en_us', 'Using White Space: How Emptiness Can Give So Much to Design', '<p>Craft is the CMS that’s powering Localhost. It’s beautiful, powerful, flexible, and easy-to-use, and it’s made by Pixel &amp; Tonic. We can’t wait to dive in and see what it’s capable of!<br /></p>\n\n<p>This is even more captivating content, which you couldn’t see on the News index page because it was entered after a Page Break, and the News index template only likes to show the content on the first page.</p>\n\n\n\n\n\n\n\n<p>Craft: a nice alternative to Word, if you’re making a website.</p>', NULL, NULL, NULL, NULL, NULL, NULL, NULL, NULL, NULL, NULL, NULL, '2016-03-26 15:55:41', '2017-02-04 17:06:16', '887c8ca4-2547-4ade-8e37-b0dd6003b728'),
 ('4', '4', 'en_us', 'Contact', '<p>Lorem ipsum dolor sit amet, consectetur adipiscing elit. Duis dignissim ornare quam, quis porta turpis imperdiet non. Duis id vestibulum mauris. Aliquam erat lacus, porttitor bibendum lobortis nec, elementum ut magna. Aliquam pretium vulputate orci sed tincidunt. Pellentesque lobortis non lectus eu feugiat. Praesent faucibus interdum est. Maecenas purus libero, efficitur at lacus nec, consectetur iaculis sapien. Nunc non lorem volutpat, blandit ipsum at, semper lorem. Nam vitae cursus eros. Cras a urna erat. Praesent consequat, nibh eget varius tincidunt, velit diam interdum neque, eu auctor est augue eu lorem. Morbi posuere a erat at pulvinar. Nam sit amet justo eget sapien fringilla imperdiet a a turpis. Aenean sollicitudin non magna ac consequat.</p>', NULL, NULL, NULL, NULL, NULL, NULL, NULL, NULL, '', '', NULL, '2016-03-26 17:11:02', '2017-02-04 15:35:01', 'e29f33bb-acd4-4229-9aa0-c7a240e6fbba'),
 ('7', '12', 'en_us', NULL, NULL, NULL, NULL, NULL, NULL, NULL, NULL, NULL, NULL, NULL, NULL, NULL, '2016-03-26 18:05:03', '2016-04-24 15:25:28', 'c2d02032-5f61-4635-b917-2a91e0b6198b'),
 ('8', '16', 'en_us', 'My Story', '<p>Lorem ipsum dolor sit amet, consectetur adipiscing elit. Duis dignissim ornare quam, quis porta turpis imperdiet non. Duis id vestibulum mauris. Aliquam erat lacus, porttitor bibendum lobortis nec, elementum ut magna. Aliquam pretium vulputate orci sed tincidunt. Pellentesque lobortis non lectus eu feugiat. Praesent faucibus interdum est. Maecenas purus libero, efficitur at lacus nec, consectetur iaculis sapien. Nunc non lorem volutpat, blandit ipsum at, semper lorem. Nam vitae cursus eros. Cras a urna erat. Praesent consequat, nibh eget varius tincidunt, velit diam interdum neque, eu auctor est augue eu lorem. Morbi posuere a erat at pulvinar. Nam sit amet justo eget sapien fringilla imperdiet a a turpis. Aenean sollicitudin non magna ac consequat.</p>\n<h3>Values</h3>', NULL, NULL, NULL, NULL, NULL, NULL, NULL, '<h1>Want to work with me?</h1>\r\n<p>I\'m pretty awesome. I&nbsp;promise. Let\'s start a project together.</p>', 'Brand focused. Strategy driven. Design-led.', '', '', '2016-03-26 19:36:03', '2017-02-04 15:37:14', '8a9641ba-6889-44ac-84c9-37d46f5eb797'),
 ('9', '17', 'en_us', 'Sample', NULL, NULL, NULL, NULL, NULL, NULL, 'picture of red flowers', NULL, NULL, NULL, NULL, NULL, '2016-03-26 21:49:43', '2016-04-23 22:56:20', 'a05f726a-6af7-4328-81dc-7d86632f701f'),
 ('10', '18', 'en_us', 'Teaser Ncgov', NULL, NULL, NULL, NULL, NULL, NULL, NULL, NULL, NULL, NULL, NULL, NULL, '2016-03-26 22:04:30', '2016-04-23 22:56:20', '363b23d5-3575-4d5f-a5ae-492521d72bc1'),
 ('11', '20', 'en_us', 'HTML', NULL, NULL, NULL, NULL, NULL, NULL, NULL, NULL, NULL, NULL, NULL, NULL, '2016-03-26 23:56:02', '2016-03-26 23:56:02', '32f92228-347a-490b-855c-44605aab11ba'),
 ('12', '21', 'en_us', 'CSS', NULL, NULL, NULL, NULL, NULL, NULL, NULL, NULL, NULL, NULL, NULL, NULL, '2016-03-26 23:56:05', '2016-03-26 23:56:05', 'e41b0b0d-629b-484b-872b-432eda3a4377'),
 ('13', '22', 'en_us', 'Javascript', NULL, NULL, NULL, NULL, NULL, NULL, NULL, NULL, NULL, NULL, NULL, NULL, '2016-03-26 23:56:12', '2016-03-26 23:56:12', '8bed5f52-aa2d-4e33-9ab3-af9fb7060ec3'),
 ('14', '23', 'en_us', 'Research Triangle Park', NULL, '<p><strong>120 years in the making.</strong>&nbsp;Since 1895, the Wildlife Conservation Society (WCS) has worked to protect the world’s wildlife and wild places. Our partnership with WCS was entering its second year &mdash; following our creation of the groundbreaking 96 Elephants campaign and our redesign of their five zoo facility sites &mdash; when we turned our attention to WCS.org. To help WCS project their status as world-class conservation organization, we had already introduced a bold new brand approach to photography and design. The reimaging of WCS.org was the perfect opportunity to use this new aesthetic to showcase WCS’s global mission.</p>', '<p>Redesign WCS.org using a new brand aesthetic and audience-focused structure to more effectively share mission and attract supporters.</p>', '<p>Use the flexibility of the Rails CMS we developed to for WCS’s zoo facility sites to create customized pages that speak to and catalyze individual audiences through a bold new visual language.</p>', '<p>A modern digital platform that tells a unique organizational story and inspires audience engagement, leading to 17% growth in end-of-year giving.</p>', 'Research Triangle Park', NULL, NULL, NULL, 'Elevating an eCommerce experience to the next level', '', NULL, '2016-03-27 00:20:10', '2016-06-03 10:59:41', 'b48385ab-53b9-4b6b-9b49-3ce89b924562'),
 ('15', '24', 'en_us', 'Services', '', NULL, NULL, NULL, NULL, NULL, NULL, NULL, NULL, 'We get people engaged in the work we create.', 'Our passion for design goes beyond beautiful imagery and into the mind of the consumer, where we believe good design should solve problems and position a brand so it stands out as well as stands for something.', NULL, '2016-03-27 01:15:27', '2016-06-19 01:56:54', '05d308ba-6436-4b53-98a4-fb766ed64d46'),
 ('16', '25', 'en_us', 'Dsg Womensfitness Hero', NULL, NULL, NULL, NULL, NULL, NULL, NULL, NULL, NULL, NULL, NULL, NULL, '2016-03-27 20:20:22', '2016-04-23 22:55:41', '5e6ff38f-53f2-47cf-9030-cdfe02ad6ab5'),
 ('17', '29', 'en_us', NULL, NULL, NULL, NULL, NULL, NULL, NULL, NULL, 'Do What You Love. Love What You Do.™', '', NULL, NULL, NULL, '2016-03-29 11:01:52', '2016-06-04 22:07:17', 'fe306828-64d0-462f-b98c-52c269bba5ad'),
 ('18', '30', 'en_us', 'Assembly Portfolio 6', NULL, NULL, NULL, NULL, NULL, NULL, 'Cute graph here', NULL, NULL, NULL, NULL, NULL, '2016-03-29 11:14:53', '2016-04-23 22:56:15', '38086bc7-d81c-4342-a046-f474aa44aad7'),
 ('19', '31', 'en_us', 'Assembly Portfolio 7', NULL, NULL, NULL, NULL, NULL, NULL, NULL, NULL, NULL, NULL, NULL, NULL, '2016-03-29 11:15:06', '2016-04-23 22:56:16', '799528a2-21d0-4893-b6ef-85fe0c8ce8e4'),
 ('20', '32', 'en_us', 'Assembly Portfolio 11', NULL, NULL, NULL, NULL, NULL, NULL, NULL, NULL, NULL, NULL, NULL, NULL, '2016-03-29 11:15:15', '2016-04-23 22:56:15', '64547535-5ec7-47b6-9c2c-38b5f7507987'),
 ('21', '34', 'en_us', 'Creative Agency Brand Culture 01 0', NULL, NULL, NULL, NULL, NULL, NULL, NULL, NULL, NULL, NULL, NULL, NULL, '2016-03-31 22:55:21', '2016-04-23 22:55:41', '1aa80a3f-ba74-478f-b53b-ff2a4ebe98bd'),
 ('22', '35', 'en_us', 'Contact Header', NULL, NULL, NULL, NULL, NULL, NULL, NULL, NULL, NULL, NULL, NULL, NULL, '2016-03-31 22:55:25', '2016-04-23 22:55:41', 'cd657e9b-16fb-4fe7-8228-83e85cb53d37'),
 ('23', '37', 'en_us', 'P Sample Runner', NULL, NULL, NULL, NULL, NULL, NULL, NULL, NULL, NULL, NULL, NULL, NULL, '2016-04-17 14:58:51', '2016-04-23 22:56:19', 'aff1c9fd-0794-4cf5-9fc3-c1160882380b'),
 ('24', '38', 'en_us', 'P Runner', NULL, NULL, NULL, NULL, NULL, NULL, NULL, NULL, NULL, NULL, NULL, NULL, '2016-04-17 15:38:26', '2016-04-23 22:56:16', 'bf9a52db-1311-4e8a-9231-408ffa533fa7'),
 ('27', '41', 'en_us', 'L Oracle', NULL, NULL, NULL, NULL, NULL, NULL, NULL, NULL, NULL, NULL, NULL, NULL, '2016-04-19 22:25:36', '2016-04-24 15:06:47', 'e9c898db-41d6-4c33-9817-e3a8c6e8840e'),
 ('29', '45', 'en_us', 'Web award', NULL, NULL, NULL, NULL, NULL, NULL, 'Web award logo', NULL, NULL, NULL, NULL, NULL, '2016-04-19 22:45:03', '2016-04-24 14:53:11', '8f6b3e88-b758-4489-b1b1-47282e676b5d'),
 ('30', '47', 'en_us', 'P Hero Home', NULL, NULL, NULL, NULL, NULL, NULL, NULL, NULL, NULL, NULL, NULL, NULL, '2016-04-19 23:21:39', '2016-04-23 22:55:42', '3c901fe3-357b-467d-886e-e82450496520'),
 ('32', '49', 'en_us', 'NC Government', NULL, '<p>Strong is the new skinny.&nbsp;This was the rallying cry behind the Women’s Fitness campaign we created for Dick’s Sporting Goods. DSG wanted to reach women who are serious about pushing their bodies, not to conform to society’s standards, but hit the goals they set for themselves. They want high-quality, on-trend, versatile clothing that meets both their athletic and aesthetic needs. We put DSG’s line of women’s apparel on their radar with a campaign that celebrates the lives of strong, beautiful women in a series of product-featuring storytelling vignettes.</p>', '<p>Connect with an audience DSG struggled to reach, and showcase women’s athletic clothing in a shippable and shareable format.</p>', '<p>Tell our audience’s story: Showcase the lives of women who personify both strength and femininity, and use athletic apparel as a key supporting character.</p>', '<p>Users spent more than 6.3K total hours engaging with an interactive video lookbook that features custom photography, integrated share and shop features, and an empowering brand voice.</p>', 'NC Government', NULL, NULL, NULL, 'NC Government', NULL, NULL, '2016-04-23 16:44:14', '2016-04-25 23:59:13', '94286f80-4f2d-4fd2-8780-997e6c0773a0'),
 ('33', '50', 'en_us', 'Sirchie', NULL, '<p>Strong is the new skinny.&nbsp;This was the rallying cry behind the Women’s Fitness campaign we created for Dick’s Sporting Goods. DSG wanted to reach women who are serious about pushing their bodies, not to conform to society’s standards, but hit the goals they set for themselves. They want high-quality, on-trend, versatile clothing that meets both their athletic and aesthetic needs. We put DSG’s line of women’s apparel on their radar with a campaign that celebrates the lives of strong, beautiful women in a series of product-featuring storytelling vignettes.</p>', '<p>Connect with an audience DSG struggled to reach, and showcase women’s athletic clothing in a shippable and shareable format.</p>', '<p>Tell our audience’s story: Showcase the lives of women who personify both strength and femininity, and use athletic apparel as a key supporting character.</p>', '<p>Users spent more than 6.3K total hours engaging with an interactive video lookbook that features custom photography, integrated share and shop features, and an empowering brand voice.</p>', 'Sirchie', NULL, NULL, NULL, 'Elevating an e-Commerce experience for crime scene investigators', '', NULL, '2016-04-23 16:44:44', '2017-01-15 21:55:38', '4c80c74b-f577-4609-9d0b-8a74aaef62a2'),
 ('34', '51', 'en_us', 'Oracle', NULL, '<p>Strong is the new skinny.&nbsp;This was the rallying cry behind the Women’s Fitness campaign we created for Dick’s Sporting Goods. DSG wanted to reach women who are serious about pushing their bodies, not to conform to society’s standards, but hit the goals they set for themselves. They want high-quality, on-trend, versatile clothing that meets both their athletic and aesthetic needs. We put DSG’s line of women’s apparel on their radar with a campaign that celebrates the lives of strong, beautiful women in a series of product-featuring storytelling vignettes.</p>', '<p>Connect with an audience DSG struggled to reach, and showcase women’s athletic clothing in a shippable and shareable format.</p>', '<p>Tell our audience’s story: Showcase the lives of women who personify both strength and femininity, and use athletic apparel as a key supporting character.</p>', '<p>Users spent more than 6.3K total hours engaging with an interactive video lookbook that features custom photography, integrated share and shop features, and an empowering brand voice.</p>', 'Oracle', NULL, NULL, NULL, 'Oracle', '', NULL, '2016-04-23 16:45:15', '2016-06-03 11:00:17', '30dec71d-4c24-46e6-b2b3-1ad46098348f'),
 ('35', '52', 'en_us', 'Bob Barker', NULL, '<p>Strong is the new skinny.&nbsp;This was the rallying cry behind the Women’s Fitness campaign we created for Dick’s Sporting Goods. DSG wanted to reach women who are serious about pushing their bodies, not to conform to society’s standards, but hit the goals they set for themselves. They want high-quality, on-trend, versatile clothing that meets both their athletic and aesthetic needs. We put DSG’s line of women’s apparel on their radar with a campaign that celebrates the lives of strong, beautiful women in a series of product-featuring storytelling vignettes.</p>', '<p>Connect with an audience DSG struggled to reach, and showcase women’s athletic clothing in a shippable and shareable format.</p>', '<p>Tell our audience’s story: Showcase the lives of women who personify both strength and femininity, and use athletic apparel as a key supporting character.</p>', '<p>Users spent more than 6.3K total hours engaging with an interactive video lookbook that features custom photography, integrated share and shop features, and an empowering brand voice.</p>', 'Bob Barker', NULL, NULL, NULL, 'Bob Barker', '', NULL, '2016-04-23 16:45:37', '2016-06-03 11:00:47', '8681653a-d249-4a49-b8a3-1b63c7116414'),
 ('36', '53', 'en_us', 'Red Hat', NULL, '<p>Strong is the new skinny.&nbsp;This was the rallying cry behind the Women’s Fitness campaign we created for Dick’s Sporting Goods. DSG wanted to reach women who are serious about pushing their bodies, not to conform to society’s standards, but hit the goals they set for themselves. They want high-quality, on-trend, versatile clothing that meets both their athletic and aesthetic needs. We put DSG’s line of women’s apparel on their radar with a campaign that celebrates the lives of strong, beautiful women in a series of product-featuring storytelling vignettes.</p>', '<p>Connect with an audience DSG struggled to reach, and showcase women’s athletic clothing in a shippable and shareable format.</p>', '<p>Tell our audience’s story: Showcase the lives of women who personify both strength and femininity, and use athletic apparel as a key supporting character.</p>', '<p>Users spent more than 6.3K total hours engaging with an interactive video lookbook that features custom photography, integrated share and shop features, and an empowering brand voice.</p>', 'Red Hat', NULL, NULL, NULL, 'Red Hat', '', NULL, '2016-04-23 16:46:51', '2016-06-03 11:01:15', '1859c4b8-6ac8-4540-848a-7a049bea0d11'),
 ('37', '54', 'en_us', 'Sia Awards', NULL, NULL, NULL, NULL, NULL, NULL, 'Sia Awards logo', NULL, NULL, NULL, NULL, NULL, '2016-04-24 14:43:35', '2016-04-24 14:52:45', '98cb4a17-3189-4362-bc4e-bc2cbbbeda9a'),
 ('38', '55', 'en_us', 'Layers Magazine', NULL, NULL, NULL, NULL, NULL, NULL, 'Layers magazine logo', NULL, NULL, NULL, NULL, NULL, '2016-04-24 14:44:14', '2016-04-24 14:52:36', '23487a1e-e284-4d85-a01f-3b89d04cab0f'),
 ('39', '56', 'en_us', '99 designs', NULL, NULL, NULL, NULL, NULL, NULL, '99 designs logo', NULL, NULL, NULL, NULL, NULL, '2016-04-24 14:46:15', '2016-04-24 14:52:10', '69bf5e51-3f2d-472c-aa00-e71d0e33fc9f'),
 ('40', '57', 'en_us', 'Davey awards', NULL, NULL, NULL, NULL, NULL, NULL, 'Davey awards\' logo', NULL, NULL, NULL, NULL, NULL, '2016-04-24 14:47:31', '2016-04-24 14:52:24', 'edb3c6bd-a47f-46c5-a2d5-5b8ddd73a91f'),
 ('41', '62', 'en_us', 'W3 Awards', NULL, NULL, NULL, NULL, NULL, NULL, 'W3 Awards logo', NULL, NULL, NULL, NULL, NULL, '2016-04-24 14:51:40', '2016-04-24 14:55:33', 'e761757b-acb7-4dbc-b334-2d334cb01e2f'),
 ('43', '65', 'en_us', 'L Lulu', NULL, NULL, NULL, NULL, NULL, NULL, NULL, NULL, NULL, NULL, NULL, NULL, '2016-04-24 14:58:18', '2016-04-24 14:58:18', '4bdb9bac-d588-44a1-aa7f-aea84baf4218'),
 ('44', '66', 'en_us', 'L Rex Unc Health', NULL, NULL, NULL, NULL, NULL, NULL, NULL, NULL, NULL, NULL, NULL, NULL, '2016-04-24 14:58:44', '2016-04-24 14:58:44', 'f6dcc702-d6c4-4414-a071-33e505870a3c'),
 ('45', '67', 'en_us', 'L Wbal', NULL, NULL, NULL, NULL, NULL, NULL, NULL, NULL, NULL, NULL, NULL, NULL, '2016-04-24 14:59:08', '2016-04-24 14:59:08', '01822bc3-35c3-4893-bc75-68662cd5df89'),
 ('46', '68', 'en_us', 'L Ncsu', NULL, NULL, NULL, NULL, NULL, NULL, NULL, NULL, NULL, NULL, NULL, NULL, '2016-04-24 15:00:11', '2016-04-24 15:00:11', 'f21b023b-d262-4820-a706-56ceeb206a54'),
 ('47', '69', 'en_us', 'L Duke University', NULL, NULL, NULL, NULL, NULL, NULL, NULL, NULL, NULL, NULL, NULL, NULL, '2016-04-24 15:00:36', '2016-04-24 15:00:36', '1e21ae80-6ed6-4898-aea0-2cc1087d399a'),
 ('48', '70', 'en_us', 'L Redhat', NULL, NULL, NULL, NULL, NULL, NULL, NULL, NULL, NULL, NULL, NULL, NULL, '2016-04-24 15:01:14', '2016-04-24 15:01:14', 'e75d01a1-6a5f-46fd-af92-2ee4bc32780a'),
 ('49', '71', 'en_us', 'L Sirchie', NULL, NULL, NULL, NULL, NULL, NULL, NULL, NULL, NULL, NULL, NULL, NULL, '2016-04-24 15:04:32', '2016-04-24 15:04:32', '1c87bb08-c092-474f-8e28-6c74efc043c0'),
 ('50', '72', 'en_us', 'L Ncgov', NULL, NULL, NULL, NULL, NULL, NULL, NULL, NULL, NULL, NULL, NULL, NULL, '2016-04-24 15:04:52', '2016-04-24 15:04:52', 'f2751da8-d6b3-4361-93be-818a3be9b4c7'),
 ('51', '73', 'en_us', 'L Rtp', NULL, NULL, NULL, NULL, NULL, NULL, NULL, NULL, NULL, NULL, NULL, NULL, '2016-04-24 15:05:15', '2016-04-24 15:05:15', '1021e0f3-a1f7-45e0-b113-95531d4d17e1'),
 ('52', '74', 'en_us', 'L Campbell University', NULL, NULL, NULL, NULL, NULL, NULL, NULL, NULL, NULL, NULL, NULL, NULL, '2016-04-24 15:06:02', '2016-04-24 15:06:02', '08e9db6f-2515-4f76-a160-06e01b44c5e1'),
 ('53', '85', 'en_us', 'P Sirchie Homepage', NULL, NULL, NULL, NULL, NULL, NULL, NULL, NULL, NULL, NULL, NULL, NULL, '2016-05-01 20:44:09', '2016-05-01 20:44:09', '1936bd64-39d0-4cd6-be9a-d5626e479d83'),
 ('54', '87', 'en_us', 'P Sirchie Concept', NULL, NULL, NULL, NULL, NULL, NULL, NULL, NULL, NULL, NULL, NULL, NULL, '2016-05-01 20:48:25', '2016-05-01 20:48:25', 'e6cca75a-10c0-41dc-ba90-c4c00539b7fa'),
 ('55', '88', 'en_us', 'P Hero Sirchie', NULL, NULL, NULL, NULL, NULL, NULL, NULL, NULL, NULL, NULL, NULL, NULL, '2016-05-01 20:54:07', '2016-05-01 20:58:32', '7165d41e-c44e-45de-9965-bfca47d57d72'),
 ('57', '90', 'en_us', 'P Sirchie Menu', NULL, NULL, NULL, NULL, NULL, NULL, NULL, NULL, NULL, NULL, NULL, NULL, '2016-05-01 21:06:46', '2016-05-01 21:06:46', 'd797d852-c9a0-4c42-afd6-fc98dae20c7e'),
 ('58', '92', 'en_us', 'Work', NULL, NULL, NULL, NULL, NULL, NULL, NULL, NULL, NULL, NULL, NULL, NULL, '2016-06-02 22:40:30', '2016-06-02 22:40:30', '96ad9e33-8cec-4a0e-bf3a-decdbc1a167f'),
 ('59', '93', 'en_us', 'What I Do', NULL, NULL, NULL, NULL, NULL, NULL, NULL, NULL, NULL, NULL, NULL, NULL, '2016-06-02 22:40:47', '2016-06-05 18:19:09', '9c085449-2308-42dc-81c2-da08d2863e60'),
 ('60', '94', 'en_us', 'Contact', NULL, NULL, NULL, NULL, NULL, NULL, NULL, NULL, NULL, NULL, NULL, NULL, '2016-06-02 22:46:28', '2016-06-02 22:46:28', 'fa2c6600-186f-4d9a-bd73-9f1c2aa3e49c'),
 ('61', '95', 'en_us', 'Articles', NULL, NULL, NULL, NULL, NULL, NULL, NULL, NULL, NULL, NULL, NULL, NULL, '2016-06-02 22:46:38', '2016-06-02 22:46:38', 'dd049955-eafc-4d1e-aef1-7a4f8cda4f57'),
 ('62', '96', 'en_us', 'About', NULL, NULL, NULL, NULL, NULL, NULL, NULL, NULL, NULL, NULL, NULL, NULL, '2016-06-02 22:46:52', '2016-06-05 18:19:27', 'b0c1c1a0-86e2-40fe-8a32-05d0458c8877'),
 ('63', '97', 'en_us', '7 Ways You Can Design Your Home Office for Maximum Productivity', '<h2>Lorem ipsum dolor sit amet</h2>\n\n<p>Lorem ipsum dolor sit amet, consectetur adipiscing elit. Fusce et felis non est vehicula sagittis. Integer vel ornare elit. Suspendisse cursus vel elit sollicitudin imperdiet. Maecenas at sodales mauris, eget feugiat tellus. Suspendisse ac ornare ante, vel auctor augue. Praesent metus tellus, semper sit amet aliquet at, molestie laoreet dui. Etiam tristique iaculis ante vel aliquam. Maecenas tristique eros a justo blandit malesuada.</p>\n\n\n\n\n\n\n\n\n\n\n\n\n\n\n\n\n\n\n\n<h3>Phasellus in odio vel quam</h3>\n\n\n\n\n\n\n\n\n\n\n\n\n\n<p>Phasellus in odio vel quam eleifend imperdiet. Morbi id lacus condimentum, dignissim dolor eget, volutpat leo. Mauris tortor felis, ultricies id posuere sed, efficitur vel massa. Nulla faucibus mi in auctor sodales. Donec vitae libero vitae mi rhoncus consequat et vel arcu. Fusce porttitor risus sem. Sed consequat dui quis viverra pellentesque. Nulla sit amet quam quam. Donec mollis velit et iaculis convallis. Duis eu porttitor felis. Mauris ac augue nec felis accumsan dapibus. Proin tristique semper arcu quis elementum. Donec egestas tortor placerat, cursus metus vitae, euismod urna. Nullam nec venenatis libero, vel congue dolor. Duis vestibulum nec dolor et efficitur. Nunc aliquam convallis lorem nec dapibus.</p>\n\n\n\n\n\n\n\n\n\n<h3>Unordered List</h3>\n\n\n\n\n\n\n\n\n\n\n\n\n\n\n\n\n\n\n\n\n\n<ul><li>Fusce vitae ligula ut dolor venenatis dapibus. Duis id aliquet urna.</li><li>Class aptent taciti sociosqu ad litora torquent per conubia nostra, per</li><li>Inceptos himenaeos. In interdum mi sit amet libero congue, id fringilla libero rutrum.</li><li>Cras at ante sagittis, volutpat ligula eu, laoreet nisi. Curabitur vitae pharetra dui.</li><li>Vivamus laoreet ligula lacus, sit amet commodo ligula malesuada vel.</li><li>Maecenas dignissim nibh vel velit ullamcorper ultricies.</li></ul><h3>Ordered List</h3>\n\n\n\n\n\n\n\n\n\n\n\n<ol><li>Donec pulvinar enim eu convallis consectetur.</li><li>Quisque posuere purus id nulla iaculis, et suscipit quam hendrerit.</li><li>Phasellus varius risus eget turpis semper ornare.</li><li>Phasellus porttitor tortor ut bibendum vestibulum. Suspendisse viverra eros erat, ac pharetra lacus efficitur nec. In pulvinar pretium semper.</li><li>Donec eget odio sed risus aliquet convallis. Vivamus vel facilisis velit.</li></ol><h4>Etiam vel sodales ipsum</h4>\n\n\n\n\n\n\n\n<p>Etiam vel sodales ipsum. Proin mollis et arcu sed blandit. Maecenas congue pretium ipsum ut eleifend. Phasellus diam arcu, vehicula in eros at, gravida tempor est. Maecenas id diam sit amet lectus mattis volutpat. Etiam vitae nunc malesuada, mollis lacus eget, vehicula urna. Proin sapien dolor, varius ut ante eget, tempus accumsan ligula. Sed vitae diam nec metus lacinia luctus a vitae quam. Nullam felis nisl, aliquam ut dolor nec, feugiat molestie elit.</p>\n\n\n\n\n\n<blockquote>\"Etiam vel sodales ipsum. Proin mollis et arcu sed blandit. Maecenas congue pretium ipsum ut eleifend. Phasellus diam arcu, vehicula in eros at, gravida tempor est. Maecenas id diam sit amet lectus mattis volutpat. Etiam vitae nunc malesuada, mollis lacus eget, vehicula urna. Proin sapien dolor, varius ut ante eget, tempus accumsan ligula. Sed vitae diam nec metus lacinia luctus a vitae quam. Nullam felis nisl, aliquam ut dolor nec, feugiat molestie elit.\"</blockquote>\n\n\n\n\n\n\n\n<h5>Duis luctus fringilla neque sit amet posuere</h5>\n\n\n\n\n\n\n\n<p>Duis luctus fringilla neque sit amet posuere. Sed iaculis vestibulum placerat. Vivamus fermentum, erat quis dapibus dapibus, turpis ante tempor tellus, vitae malesuada metus felis id sapien. Duis odio risus, pretium sit amet justo sit amet, aliquam viverra nulla. Phasellus ut ipsum ullamcorper, pulvinar elit at, aliquet ipsum. Donec rhoncus libero turpis.</p>\n\n\n\n\n\n\n\n\n\n\n\n\n\n\n\n\n\n\n\n\n\n<h6>Quisque pharetra urna iaculis dui aliquam consectetur</h6>\n\n\n\n\n\n\n\n<p>Quisque pharetra urna iaculis dui aliquam consectetur. Aenean porta justo non eleifend ullamcorper. Vestibulum mattis quam nisi, in dignissim sapien volutpat at. Nullam convallis sodales odio vitae bibendum. Pellentesque ex nisi, aliquet venenatis libero at, feugiat porta lectus. Suspendisse tincidunt mi sed tellus accumsan vulputate. In maximus pulvinar nisi, eu efficitur felis venenatis nec. Cras a accumsan metus. Nunc sollicitudin arcu ac dolor sagittis, sed consectetur arcu porttitor.</p>', NULL, NULL, NULL, NULL, NULL, NULL, NULL, NULL, NULL, NULL, NULL, '2016-06-09 23:45:33', '2017-02-04 17:06:16', '096459b1-d8bd-4a1d-8343-b7787334d566'),
 ('64', '98', 'en_us', 'Projects Meta', NULL, NULL, NULL, NULL, NULL, NULL, NULL, NULL, NULL, NULL, NULL, NULL, '2016-07-16 21:06:00', '2016-07-16 21:06:00', 'c321b588-cc5c-42a7-b76f-01e9e44c07a1'),
 ('65', '99', 'en_us', 'Abstract Wallpaper Hd', NULL, NULL, NULL, NULL, NULL, NULL, NULL, NULL, NULL, NULL, NULL, NULL, '2016-07-17 01:15:04', '2016-07-17 01:15:04', '73bfee4c-bbc9-495e-9b06-dfb8d0dcf048'),
 ('66', '100', 'en_us', 'Colorful Inspiration For Gray Days: Illustration And Photography At Their Best', '<p>I register a lot of domain names. Chances are if you’re reading this, you probably have at least a few yourself. Only a handful of mine are in active use. All the others represent a good intention I had to make an awesome website.</p>\n<p>The domains all start innocently enough: it could be a funny turn of phrase I hear while out with some friends; an overheard quip from a television in background; a little burning ember of an idea that keeps coming back to me. There was the one where I would interview people about their most prized possession, or the single-serving site about alternatives to using Helvetica. The list goes on and on.</p>\n<p>Around this time of year a bunch of my domain names come up for renewal—likely registered after nights out with friends around the holidays. When they came up for renewal this time, I had to stop and think for a minute. What the hell am I doing? Why do I keep renewing these domains when I will probably never get around to doing anything with them.</p>\n<p>This is a domain affliction. It feels encoded in any of us working on the web; we register domains at the drop of a hat. Not because we’re looking for a future pay day, but because we’re in constant conflict with the evil domain squatters.</p>\n<p>In recent years, the internet has self-corrected the domain squatter problem. There are many viable TLDs available beyond the workhorse .com, from .co, .io, .is, .me, and so many more. But the big change here is that URLs just aren’t that important anymore. It’s still nice to have a short and memorable domain, but the <em>means</em> to get to a site is more important than ever: links. It doesn’t matter how <a href=\"http://dowebsitesneedtolookexactlythesameineverybrowser.com/\">long</a> or <a href=\"http://fontface.ninja/\">weird</a> your URL is, just link someone to it.</p>\n<p>Maybe it’s time I got rid of those extra domains.</p>\n<p>Years ago <a href=\"https://twitter.com/jasonsantamaria/status/37378667717861376\">I mused</a> that it would be fun to hold a poker game and use domains as the chips. Though, that could actually mean walking away with more domains than you arrived with. Ugh!</p>\n<p>More recently I thought it could be fun to have a site (hey, I could get another domain!) where people could list domains for others to claim. But with a catch to keep the domain from just languishing on someone else’s shelf: they’d have a month or so to make a site that uses the domain before it would be transferred to them.</p>\n<p>But that seems silly too. Almost like instead of collecting domains I’m collecting ideas to offload domains. Honestly, if I haven’t followed through on the idea behind a domain by now, I’m just wasting money on them. Money that could be going to a charity or at the very least, not down the drain. And some non-domain-squatter might have a better idea for that domain anyway.</p>\n<p>I think as my unused domains come up for renewal I’m just going to let them go, or offer them to folks who might use them. There was a time when a domain represented a placeholder for an idea to me. And worse yet, buying the domain gave me a feeling of accomplishment that took the pressure off of having to finish anything more. Now they’ve just become a neglected to-do list (and I have some of those too).</p>\n<p>If all those domains went away tomorrow, I would still have <a href=\"http://jasonsantamaria.com/articles/piles-of-ideas\">the ideas</a>. Those creative impulses can be just a list or a scribble in a sketchbook, until they actually need to be something more. There will be plenty of domains.</p>', NULL, NULL, NULL, NULL, NULL, NULL, NULL, NULL, NULL, NULL, NULL, '2017-02-04 16:16:17', '2017-02-04 17:06:16', '93114b99-1c99-4e57-a9ac-d2799b66959f');



DROP TABLE IF EXISTS `craft_deprecationerrors`;


--
-- Schema for table `craft_deprecationerrors`
--
CREATE TABLE `craft_deprecationerrors` (
  `id` int(11) NOT NULL AUTO_INCREMENT,
  `key` varchar(255) COLLATE utf8_unicode_ci NOT NULL,
  `fingerprint` varchar(255) COLLATE utf8_unicode_ci NOT NULL,
  `lastOccurrence` datetime NOT NULL,
  `file` varchar(255) COLLATE utf8_unicode_ci NOT NULL,
  `line` smallint(6) unsigned NOT NULL,
  `class` varchar(255) COLLATE utf8_unicode_ci DEFAULT NULL,
  `method` varchar(255) COLLATE utf8_unicode_ci DEFAULT NULL,
  `template` varchar(255) COLLATE utf8_unicode_ci DEFAULT NULL,
  `templateLine` smallint(6) unsigned DEFAULT NULL,
  `message` varchar(255) COLLATE utf8_unicode_ci DEFAULT NULL,
  `traces` text COLLATE utf8_unicode_ci,
  `dateCreated` datetime NOT NULL,
  `dateUpdated` datetime NOT NULL,
  `uid` char(36) COLLATE utf8_unicode_ci NOT NULL DEFAULT '0',
  PRIMARY KEY (`id`),
  UNIQUE KEY `craft_deprecationerrors_key_fingerprint_unq_idx` (`key`,`fingerprint`)
) ENGINE=InnoDB DEFAULT CHARSET=utf8 COLLATE=utf8_unicode_ci;

DROP TABLE IF EXISTS `craft_elementindexsettings`;


--
-- Schema for table `craft_elementindexsettings`
--
CREATE TABLE `craft_elementindexsettings` (
  `id` int(11) NOT NULL AUTO_INCREMENT,
  `type` varchar(150) COLLATE utf8_unicode_ci NOT NULL,
  `settings` text COLLATE utf8_unicode_ci,
  `dateCreated` datetime NOT NULL,
  `dateUpdated` datetime NOT NULL,
  `uid` char(36) COLLATE utf8_unicode_ci NOT NULL DEFAULT '0',
  PRIMARY KEY (`id`),
  UNIQUE KEY `craft_elementindexsettings_type_unq_idx` (`type`)
) ENGINE=InnoDB AUTO_INCREMENT=3 DEFAULT CHARSET=utf8 COLLATE=utf8_unicode_ci;

--
-- Data for table `craft_elementindexsettings`
--

INSERT INTO `craft_elementindexsettings` (`id`, `type`, `settings`, `dateCreated`, `dateUpdated`, `uid`) VALUES
 ('1', 'Asset', '{\"sources\":{\"folder:1\":{\"tableAttributes\":{\"1\":\"filename\",\"2\":\"size\",\"3\":\"dateModified\",\"4\":\"imageSize\"}}}}', '2016-03-26 21:54:35', '2016-03-26 21:54:35', 'c18e22bd-c41c-42cd-8966-025d11709fb8'),
 ('2', 'Entry', '{\"sources\":{\"section:4\":{\"tableAttributes\":{\"1\":\"field:14\",\"2\":\"field:19\",\"3\":\"postDate\",\"4\":\"expiryDate\",\"5\":\"link\"}}}}', '2016-04-17 15:10:09', '2016-04-17 15:11:29', 'd47a29d1-84b4-45da-b1b8-8a012f6ee981');



DROP TABLE IF EXISTS `craft_elements`;


--
-- Schema for table `craft_elements`
--
CREATE TABLE `craft_elements` (
  `id` int(11) NOT NULL AUTO_INCREMENT,
  `type` varchar(150) COLLATE utf8_unicode_ci NOT NULL,
  `enabled` tinyint(1) unsigned NOT NULL DEFAULT '1',
  `archived` tinyint(1) unsigned NOT NULL DEFAULT '0',
  `dateCreated` datetime NOT NULL,
  `dateUpdated` datetime NOT NULL,
  `uid` char(36) COLLATE utf8_unicode_ci NOT NULL DEFAULT '0',
  PRIMARY KEY (`id`),
  KEY `craft_elements_type_idx` (`type`),
  KEY `craft_elements_enabled_idx` (`enabled`),
  KEY `craft_elements_archived_dateCreated_idx` (`archived`,`dateCreated`)
) ENGINE=InnoDB AUTO_INCREMENT=101 DEFAULT CHARSET=utf8 COLLATE=utf8_unicode_ci;

--
-- Data for table `craft_elements`
--

INSERT INTO `craft_elements` (`id`, `type`, `enabled`, `archived`, `dateCreated`, `dateUpdated`, `uid`) VALUES
 ('1', 'User', '1', '0', '2016-03-26 15:55:38', '2016-03-26 16:57:54', '900b4be4-c61e-41fc-92ff-730dff71dc85'),
 ('2', 'Entry', '1', '0', '2016-03-26 15:55:41', '2017-02-04 16:35:09', '6480d559-0390-4038-8eef-d935e4896226'),
 ('3', 'Entry', '1', '0', '2016-03-26 15:55:41', '2017-02-04 17:06:16', '281f7791-af28-4576-8666-65a7c44cdca4'),
 ('4', 'Entry', '1', '0', '2016-03-26 17:11:02', '2017-02-04 15:35:01', '66bcfff9-026a-40fa-b0c9-74a4a69739bd'),
 ('12', 'GlobalSet', '1', '0', '2016-03-26 18:05:03', '2016-04-24 15:25:28', '67340d12-ed1a-47c5-87fe-fe1cff15c272'),
 ('13', 'MatrixBlock', '1', '0', '2016-03-26 18:16:04', '2016-04-24 15:25:28', 'f26c36a3-0266-4629-8f18-9c796c6fa93e'),
 ('14', 'MatrixBlock', '1', '0', '2016-03-26 18:16:04', '2016-04-24 15:25:28', '93758afa-00e8-426f-adda-8b92aca23602'),
 ('15', 'MatrixBlock', '1', '0', '2016-03-26 18:16:04', '2016-04-24 15:25:28', '93889f91-8942-4f48-a8db-f948d009badb'),
 ('16', 'Entry', '1', '0', '2016-03-26 19:36:03', '2017-02-04 15:37:14', 'b332aa25-e5f5-47cd-ae6c-9fb8043ba7bf'),
 ('17', 'Asset', '1', '0', '2016-03-26 21:49:43', '2016-04-23 22:56:20', '543d0d01-da7f-441e-9f46-3d3cd70f2cde'),
 ('18', 'Asset', '1', '0', '2016-03-26 22:04:30', '2016-04-23 22:56:20', '6f4da4f5-1207-47c5-8fcd-1e8ad59f6d7c'),
 ('19', 'MatrixBlock', '1', '0', '2016-03-26 22:07:39', '2016-04-24 15:25:28', 'b3eb00b6-473f-4211-93b8-ee4d0bbb2fb7'),
 ('20', 'Tag', '1', '0', '2016-03-26 23:56:02', '2016-03-26 23:56:02', 'ae555142-b9c9-4838-9d25-0666c060d454'),
 ('21', 'Tag', '1', '0', '2016-03-26 23:56:05', '2016-03-26 23:56:05', '26b98585-37cc-4cab-9ef1-8e92c622d3ca'),
 ('22', 'Tag', '1', '0', '2016-03-26 23:56:12', '2016-03-26 23:56:12', '607d672e-5301-4092-89d5-d439a26dc9e5'),
 ('23', 'Entry', '1', '0', '2016-03-27 00:20:10', '2016-06-03 10:59:41', '321a4ea5-4a65-4451-9d41-ba55f8da7ccd'),
 ('24', 'Entry', '1', '0', '2016-03-27 01:15:27', '2016-06-19 01:56:54', '69885e92-368b-41a8-be85-dfeeda18c7f3'),
 ('25', 'Asset', '1', '0', '2016-03-27 20:20:22', '2016-04-23 22:55:41', 'eaaffcc2-1f94-4652-ac66-e1a2aee4de5b'),
 ('29', 'GlobalSet', '1', '0', '2016-03-29 11:01:52', '2016-06-04 22:07:17', '954c7afe-8578-42ca-bf02-882b865d3893'),
 ('30', 'Asset', '1', '0', '2016-03-29 11:14:53', '2016-04-23 22:56:15', 'aa4d1a8e-dd48-4809-8cc8-3891095259e0'),
 ('31', 'Asset', '1', '0', '2016-03-29 11:15:06', '2016-04-23 22:56:16', 'ae2cdb3d-0be4-4d35-a30a-fe8acac815fd'),
 ('32', 'Asset', '1', '0', '2016-03-29 11:15:15', '2016-04-23 22:56:15', '9e27fc7b-b45d-43f0-8117-0492fac6c574'),
 ('33', 'MatrixBlock', '1', '0', '2016-03-29 11:15:24', '2016-06-03 10:59:41', 'faba3761-1433-46a0-af7e-1f9d34df6561'),
 ('34', 'Asset', '1', '0', '2016-03-31 22:55:21', '2016-04-23 22:55:41', '325c4e52-6449-4ab6-9101-6732b65a19ae'),
 ('35', 'Asset', '1', '0', '2016-03-31 22:55:25', '2016-04-23 22:55:41', '1df638a4-deb9-4440-8e70-e86c906bb719'),
 ('36', 'MatrixBlock', '1', '0', '2016-04-01 11:05:39', '2016-04-24 15:25:28', 'dd2d87e7-26cc-4681-be76-a4dc3e7be2d1'),
 ('37', 'Asset', '1', '0', '2016-04-17 14:58:51', '2016-04-23 22:56:19', 'fdf60690-cc5e-4512-b387-23aa51e7865c'),
 ('38', 'Asset', '1', '0', '2016-04-17 15:38:26', '2016-04-23 22:56:16', '529cf431-fe8e-4856-b425-99817c72359d'),
 ('41', 'Asset', '1', '0', '2016-04-19 22:25:36', '2016-04-24 15:06:47', 'b97babb2-1139-4c6e-9a1e-401b23c3ab75'),
 ('42', 'MatrixBlock', '1', '0', '2016-04-19 22:25:43', '2016-06-04 22:07:17', 'c0776bc0-14c5-4dc4-a18f-999a7ab27fc5'),
 ('44', 'MatrixBlock', '1', '0', '2016-04-19 22:27:25', '2016-06-04 22:07:17', '3c088427-a611-4381-a53b-20d44e08efc5'),
 ('45', 'Asset', '1', '0', '2016-04-19 22:45:03', '2016-04-24 14:53:11', '04bf18f1-c37c-40a3-a9e1-a2d693f43148'),
 ('46', 'MatrixBlock', '1', '0', '2016-04-19 22:45:07', '2016-06-04 22:07:17', '304b6dd5-417a-4426-a9ab-9f95c9aeccf4'),
 ('47', 'Asset', '1', '0', '2016-04-19 23:21:39', '2016-04-23 22:55:42', '927ce842-7068-4ff9-9c95-1f2df96ffd03'),
 ('49', 'Entry', '1', '0', '2016-04-23 16:44:14', '2016-04-25 23:59:13', '081ec514-7f60-4b48-a9a2-0bddf2b54ad8'),
 ('50', 'Entry', '1', '0', '2016-04-23 16:44:44', '2017-02-04 16:46:05', 'bb18a3db-050b-4d74-a651-81cf6db1d0de'),
 ('51', 'Entry', '1', '0', '2016-04-23 16:45:15', '2016-06-03 11:00:17', '3cb897fe-8cec-4cd9-beb0-e457523789dd'),
 ('52', 'Entry', '1', '0', '2016-04-23 16:45:37', '2016-06-03 11:00:47', '0fec50c5-b9de-4bb3-ba5f-fa4cf94cb641'),
 ('53', 'Entry', '1', '0', '2016-04-23 16:46:51', '2016-06-03 11:01:15', '9580e3f2-72bb-4beb-960c-103df94da4e2'),
 ('54', 'Asset', '1', '0', '2016-04-24 14:43:35', '2016-04-24 14:52:45', '8c6ae969-c2f2-42a0-ac76-e1dd74a570a7'),
 ('55', 'Asset', '1', '0', '2016-04-24 14:44:14', '2016-04-24 14:52:36', 'b435e4d9-2fb4-48aa-a7d4-3aab550abc96'),
 ('56', 'Asset', '1', '0', '2016-04-24 14:46:15', '2016-04-24 14:52:10', 'e86bfe66-e73a-4092-91b1-115aa63e0696'),
 ('57', 'Asset', '1', '0', '2016-04-24 14:47:31', '2016-04-24 14:52:24', '8a1dc49c-a4fc-416e-88e7-03f528fc23af'),
 ('58', 'MatrixBlock', '1', '0', '2016-04-24 14:49:10', '2016-06-04 22:07:17', '12037bb4-bdc2-4c26-874c-ee01ac36e6c9'),
 ('59', 'MatrixBlock', '1', '0', '2016-04-24 14:49:10', '2016-06-04 22:07:17', '109e0bbb-65f9-487e-9aa4-361b30b0e6cc'),
 ('60', 'MatrixBlock', '1', '0', '2016-04-24 14:49:10', '2016-06-04 22:07:17', 'bdb08386-456c-4d2f-9c2c-0cd05363a329'),
 ('61', 'MatrixBlock', '1', '0', '2016-04-24 14:49:10', '2016-06-04 22:07:17', '007ca734-7e48-4d22-93b0-e97efded70bf'),
 ('62', 'Asset', '1', '0', '2016-04-24 14:51:40', '2016-04-24 14:55:33', '8916a3a3-de1d-49c9-aab7-25ff712ff5ef'),
 ('63', 'MatrixBlock', '1', '0', '2016-04-24 14:53:37', '2016-06-04 22:07:17', 'f1cff52d-461c-4cbf-8377-cfc26a39311d'),
 ('65', 'Asset', '1', '0', '2016-04-24 14:58:18', '2016-04-24 14:58:18', '7d8c8fe6-e823-4374-a9bd-1c12c073c0a6'),
 ('66', 'Asset', '1', '0', '2016-04-24 14:58:44', '2016-04-24 14:58:44', 'df931b88-9db2-4da1-9244-84d32d4fc295'),
 ('67', 'Asset', '1', '0', '2016-04-24 14:59:08', '2016-04-24 14:59:08', '23d19ba1-769f-42a7-bb48-b6c158860a83'),
 ('68', 'Asset', '1', '0', '2016-04-24 15:00:11', '2016-04-24 15:00:11', '15dca928-88da-4ac6-9f1a-2e01fa145c62'),
 ('69', 'Asset', '1', '0', '2016-04-24 15:00:36', '2016-04-24 15:00:36', '3edc7b12-5300-4e7e-b082-f26131d7013c'),
 ('70', 'Asset', '1', '0', '2016-04-24 15:01:14', '2016-04-24 15:01:14', 'd894bfdc-49a5-4d91-a366-bb40112c61f7'),
 ('71', 'Asset', '1', '0', '2016-04-24 15:04:32', '2016-04-24 15:04:32', '42b940f1-dd31-49ba-8573-b411ad8014a2'),
 ('72', 'Asset', '1', '0', '2016-04-24 15:04:52', '2016-04-24 15:04:52', '83dfc6e6-1e76-480a-9fe9-a67c2a93f6ef'),
 ('73', 'Asset', '1', '0', '2016-04-24 15:05:15', '2016-04-24 15:05:15', 'c9502526-ebfe-46da-b59b-8b3dfc1a621a'),
 ('74', 'Asset', '1', '0', '2016-04-24 15:06:02', '2016-04-24 15:06:02', 'ae3436c8-c29a-42f6-a0d8-1f81b2bd24e7'),
 ('76', 'MatrixBlock', '1', '0', '2016-04-24 15:09:52', '2016-06-04 22:07:17', '8a5094c9-db67-4647-9c8f-038585ae5175'),
 ('77', 'MatrixBlock', '1', '0', '2016-04-24 15:09:52', '2016-06-04 22:07:17', 'e6a7461c-787a-4774-94c5-0650edf24bf0'),
 ('78', 'MatrixBlock', '1', '0', '2016-04-24 15:09:52', '2016-06-04 22:07:17', '13e1b5fe-67a8-4e9e-9ddf-63b08ef8155f'),
 ('79', 'MatrixBlock', '1', '0', '2016-04-24 15:09:52', '2016-06-04 22:07:17', 'aae11e70-46ca-4974-92fc-7a4bb61f9405'),
 ('80', 'MatrixBlock', '1', '0', '2016-04-24 15:09:53', '2016-06-04 22:07:17', 'c4296b34-5155-4829-bf10-c9ae21355bcc'),
 ('81', 'MatrixBlock', '1', '0', '2016-04-24 15:09:53', '2016-06-04 22:07:17', 'd3db4788-525b-440e-962f-b2ebaeba5db2'),
 ('82', 'MatrixBlock', '1', '0', '2016-04-24 15:09:53', '2016-06-04 22:07:17', '1ad26dfa-3515-460f-866f-5c7a733041b7'),
 ('83', 'MatrixBlock', '1', '0', '2016-04-24 15:09:53', '2016-06-04 22:07:17', '018a3eac-afce-4875-83ad-94008579a81f'),
 ('84', 'MatrixBlock', '1', '0', '2016-04-24 15:09:53', '2016-06-04 22:07:17', '15c6871c-6a9d-4484-b8b2-489ed32d82c3'),
 ('85', 'Asset', '1', '0', '2016-05-01 20:44:09', '2016-05-01 20:44:09', '612f6aaa-7274-46b8-b6c4-46281a867663'),
 ('86', 'MatrixBlock', '1', '0', '2016-05-01 20:44:19', '2017-01-15 21:55:38', 'ef005655-246c-4854-b827-1144dafe14f3'),
 ('87', 'Asset', '1', '0', '2016-05-01 20:48:25', '2016-05-01 20:48:25', '6059254b-af91-46e2-b8d4-39fad63f34f1'),
 ('88', 'Asset', '1', '0', '2016-05-01 20:54:07', '2016-05-01 20:58:32', '8727b584-54f2-40ca-9c5c-2c9cbb16cee2'),
 ('90', 'Asset', '1', '0', '2016-05-01 21:06:46', '2016-05-01 21:06:46', '54eae83a-1d48-44b8-9a35-78f0a8c611a9'),
 ('92', 'Menus_Node', '1', '0', '2016-06-02 22:40:30', '2016-06-02 22:40:30', 'fcf1ec29-945e-41b2-b4d0-c832570b9ea2'),
 ('93', 'Menus_Node', '1', '0', '2016-06-02 22:40:47', '2016-06-05 18:19:09', 'e7307d55-ab3a-4f30-bdc4-d8a0120c17d2'),
 ('94', 'Menus_Node', '1', '0', '2016-06-02 22:46:28', '2016-06-02 22:46:28', '8191ab04-68e3-42f7-bd4d-a52f797351da'),
 ('95', 'Menus_Node', '1', '0', '2016-06-02 22:46:38', '2016-06-02 22:46:38', 'f846a83d-b16c-4362-9445-931e2028dd87'),
 ('96', 'Menus_Node', '1', '0', '2016-06-02 22:46:52', '2016-06-05 18:19:27', '5ab27d3a-e035-47c5-a750-d6ea2f24390b'),
 ('97', 'Entry', '1', '0', '2016-06-09 23:45:33', '2017-02-04 17:06:16', '9ea72380-fee4-4c4a-9550-922e4964ffe4'),
 ('98', 'Seomatic_Meta', '1', '0', '2016-07-16 21:06:00', '2016-07-16 21:06:00', 'f93bb1c1-baa8-4f07-834f-ef88dbcbfccb'),
 ('99', 'Asset', '1', '0', '2016-07-17 01:15:04', '2016-07-17 01:15:04', 'cc26de61-f6ec-46e2-8369-aa47c22dba11'),
 ('100', 'Entry', '1', '0', '2017-02-04 16:16:17', '2017-02-04 17:06:16', '4d9c96bd-d7d6-4978-b9fe-f3a5d5751477');



DROP TABLE IF EXISTS `craft_elements_i18n`;


--
-- Schema for table `craft_elements_i18n`
--
CREATE TABLE `craft_elements_i18n` (
  `id` int(11) NOT NULL AUTO_INCREMENT,
  `elementId` int(11) NOT NULL,
  `locale` char(12) COLLATE utf8_unicode_ci NOT NULL,
  `slug` varchar(255) COLLATE utf8_unicode_ci DEFAULT NULL,
  `uri` varchar(255) COLLATE utf8_unicode_ci DEFAULT NULL,
  `enabled` tinyint(1) unsigned NOT NULL DEFAULT '1',
  `dateCreated` datetime NOT NULL,
  `dateUpdated` datetime NOT NULL,
  `uid` char(36) COLLATE utf8_unicode_ci NOT NULL DEFAULT '0',
  PRIMARY KEY (`id`),
  UNIQUE KEY `craft_elements_i18n_elementId_locale_unq_idx` (`elementId`,`locale`),
  UNIQUE KEY `craft_elements_i18n_uri_locale_unq_idx` (`uri`,`locale`),
  KEY `craft_elements_i18n_slug_locale_idx` (`slug`,`locale`),
  KEY `craft_elements_i18n_enabled_idx` (`enabled`),
  KEY `craft_elements_i18n_locale_fk` (`locale`)
) ENGINE=InnoDB AUTO_INCREMENT=101 DEFAULT CHARSET=utf8 COLLATE=utf8_unicode_ci;

--
-- Data for table `craft_elements_i18n`
--

INSERT INTO `craft_elements_i18n` (`id`, `elementId`, `locale`, `slug`, `uri`, `enabled`, `dateCreated`, `dateUpdated`, `uid`) VALUES
 ('1', '1', 'en_us', '', NULL, '1', '2016-03-26 15:55:38', '2016-03-26 16:57:54', '149d5338-9cfc-40da-8d7c-2afb90de2245'),
 ('2', '2', 'en_us', 'homepage', '__home__', '1', '2016-03-26 15:55:41', '2017-02-04 16:35:09', '17e45790-83ba-4518-99c1-d65adb34a3ab'),
 ('3', '3', 'en_us', 'using-white-space-how-emptiness-can-give-so-much-to-design', 'articles/using-white-space-how-emptiness-can-give-so-much-to-design', '1', '2016-03-26 15:55:41', '2017-02-04 17:06:16', '3e320b5c-38e3-441d-960d-c92760494ad1'),
 ('4', '4', 'en_us', 'contact', 'contact', '1', '2016-03-26 17:11:02', '2017-02-04 15:35:01', '31eb3a8e-2d5e-4664-94fe-463d87f6f9ac'),
 ('12', '12', 'en_us', '', NULL, '1', '2016-03-26 18:05:03', '2016-04-24 15:25:28', 'ac311a1f-4aa5-4fb4-a4a6-3e5bbcf5caf6'),
 ('13', '13', 'en_us', '', NULL, '1', '2016-03-26 18:16:04', '2016-04-24 15:25:28', 'b3d5de65-1334-4a7c-a6e8-34a5d3f1130d'),
 ('14', '14', 'en_us', '', NULL, '1', '2016-03-26 18:16:04', '2016-04-24 15:25:28', '6bff7b3f-d849-4cd6-a27e-8197177fc1c7'),
 ('15', '15', 'en_us', '', NULL, '1', '2016-03-26 18:16:04', '2016-04-24 15:25:28', '878486e8-1ca7-4e81-b6fd-7febc5dfa3ea'),
 ('16', '16', 'en_us', 'about', 'my-story', '1', '2016-03-26 19:36:03', '2017-02-04 15:37:14', 'b8e15d40-d14d-45f8-bc9c-84fdb852574d'),
 ('17', '17', 'en_us', 'sample', NULL, '1', '2016-03-26 21:49:43', '2016-04-23 22:56:20', '9057cddf-0cbb-4532-aa15-67ff1dfb6dac'),
 ('18', '18', 'en_us', 'teaser-ncgov', NULL, '1', '2016-03-26 22:04:30', '2016-04-23 22:56:20', '5c68004f-6ff1-43b0-8c61-f97169c27e61'),
 ('19', '19', 'en_us', '', NULL, '1', '2016-03-26 22:07:39', '2016-04-24 15:25:28', 'b03b752e-37bb-4ee0-99ee-17c6152ba013'),
 ('20', '20', 'en_us', 'html', NULL, '1', '2016-03-26 23:56:02', '2016-03-26 23:56:02', 'd18beaf7-e27f-403d-875b-000122684721'),
 ('21', '21', 'en_us', 'css', NULL, '1', '2016-03-26 23:56:05', '2016-03-26 23:56:05', 'b75a707d-cb72-448b-8238-bbd775839b30'),
 ('22', '22', 'en_us', 'javascript', NULL, '1', '2016-03-26 23:56:12', '2016-03-26 23:56:12', 'f1ae8c95-40cd-4bb0-bcd4-d99cbaddcfbb'),
 ('23', '23', 'en_us', 'research-triangle-park', 'work/research-triangle-park', '1', '2016-03-27 00:20:10', '2016-06-03 10:59:41', '5712fb47-c984-4f96-a024-10fc34670818'),
 ('24', '24', 'en_us', 'services', 'services', '1', '2016-03-27 01:15:27', '2016-06-19 01:56:54', '0d450666-ceaa-4225-bade-0e06d5a1a602'),
 ('25', '25', 'en_us', 'dsg-womensfitness-hero', NULL, '1', '2016-03-27 20:20:22', '2016-04-23 22:55:41', '889e537f-7780-44a4-a6b9-b5026c3ad016'),
 ('29', '29', 'en_us', '', NULL, '1', '2016-03-29 11:01:52', '2016-06-04 22:07:17', '07cf8a3c-d537-427f-900e-d2b9e494e62e'),
 ('30', '30', 'en_us', 'assembly-portfolio-6', NULL, '1', '2016-03-29 11:14:53', '2016-04-23 22:56:15', '40db02ce-5245-43bb-8e77-879a26582607'),
 ('31', '31', 'en_us', 'assembly-portfolio-7', NULL, '1', '2016-03-29 11:15:06', '2016-04-23 22:56:16', '1d70802d-250a-4062-b8d9-15b652200bb0'),
 ('32', '32', 'en_us', 'assembly-portfolio-11', NULL, '1', '2016-03-29 11:15:15', '2016-04-23 22:56:15', '8f45889d-dcac-4571-b910-61c062284119'),
 ('33', '33', 'en_us', '', NULL, '1', '2016-03-29 11:15:24', '2016-06-03 10:59:41', '96c8500c-09dd-4eea-8c9f-3efdc6ceaf3b'),
 ('34', '34', 'en_us', 'creative-agency-brand-culture-01-0', NULL, '1', '2016-03-31 22:55:21', '2016-04-23 22:55:41', '890c8bb1-958e-420e-8584-a0d83d9b6cf3'),
 ('35', '35', 'en_us', 'contact-header', NULL, '1', '2016-03-31 22:55:25', '2016-04-23 22:55:41', 'f999921c-bf8f-4719-a448-7767b4e9ce22'),
 ('36', '36', 'en_us', '', NULL, '1', '2016-04-01 11:05:39', '2016-04-24 15:25:28', '9712e758-4a8c-45ff-8984-c2ec1600182f'),
 ('37', '37', 'en_us', 'p-sample-runner', NULL, '1', '2016-04-17 14:58:51', '2016-04-23 22:56:19', 'a3bf9e59-9371-410a-b3ff-e4e803204b5d'),
 ('38', '38', 'en_us', 'p-runner', NULL, '1', '2016-04-17 15:38:26', '2016-04-23 22:56:16', '7b861231-8cfb-4318-bf45-af11833d4101'),
 ('41', '41', 'en_us', 'l-oracle', NULL, '1', '2016-04-19 22:25:36', '2016-04-24 15:06:47', '43908943-1617-4934-ac2c-28e447c580fb'),
 ('42', '42', 'en_us', '', NULL, '1', '2016-04-19 22:25:43', '2016-06-04 22:07:17', '6f789016-7005-4875-8daa-4f8bea64e98e'),
 ('44', '44', 'en_us', '', NULL, '1', '2016-04-19 22:27:25', '2016-06-04 22:07:17', 'e6963752-c325-412c-bbfa-8dfa09210c73'),
 ('45', '45', 'en_us', 'l-webaward', NULL, '1', '2016-04-19 22:45:03', '2016-04-24 14:53:11', 'b00d62be-0df1-4673-9f72-5e25be4c1f2d'),
 ('46', '46', 'en_us', '', NULL, '1', '2016-04-19 22:45:07', '2016-06-04 22:07:17', '09d415ad-8686-433e-a86f-a5d9f5bad712'),
 ('47', '47', 'en_us', 'p-hero-home', NULL, '1', '2016-04-19 23:21:39', '2016-04-23 22:55:42', '70505a16-293b-4f9d-b417-41a9f1bcef47'),
 ('49', '49', 'en_us', 'nc-government', 'work/nc-government', '1', '2016-04-23 16:44:14', '2016-04-25 23:59:13', '7c82136f-de38-46d9-84ae-d1d1740df922'),
 ('50', '50', 'en_us', 'sirchie', 'work/sirchie', '1', '2016-04-23 16:44:44', '2017-02-04 16:46:05', 'aba5eec7-c217-449b-a757-b5458d5b80ca'),
 ('51', '51', 'en_us', 'oracle', 'work/oracle', '1', '2016-04-23 16:45:15', '2016-06-03 11:00:17', '7dd1d6f5-c30d-4d3a-87bd-1cda76d08df6'),
 ('52', '52', 'en_us', 'bob-barker', 'work/bob-barker', '1', '2016-04-23 16:45:37', '2016-06-03 11:00:48', 'fadc8885-ec21-46c3-86a7-c320d5e1f2c8'),
 ('53', '53', 'en_us', 'red-hat', 'work/red-hat', '1', '2016-04-23 16:46:51', '2016-06-03 11:01:15', '6fb53700-cc78-40d1-b9c6-cea5d4c1d9b3'),
 ('54', '54', 'en_us', 'l-sia-awards', NULL, '1', '2016-04-24 14:43:35', '2016-04-24 14:52:45', 'ca6941fe-3a4d-4ceb-9f8e-382a9515278e'),
 ('55', '55', 'en_us', 'l-layers-magazine', NULL, '1', '2016-04-24 14:44:14', '2016-04-24 14:52:36', '619842ed-054d-48c1-8245-0e9466bbe5be'),
 ('56', '56', 'en_us', 'l-99designs', NULL, '1', '2016-04-24 14:46:15', '2016-04-24 14:52:10', '92f3974a-11a3-427b-8c1c-8d78b8c25dbb'),
 ('57', '57', 'en_us', 'l-davey-awards', NULL, '1', '2016-04-24 14:47:31', '2016-04-24 14:52:24', '1f718a63-f536-465d-a886-e8f1c031c9c6'),
 ('58', '58', 'en_us', '', NULL, '1', '2016-04-24 14:49:10', '2016-06-04 22:07:17', 'b1882d12-6f97-4485-a06d-1140c392ce7f'),
 ('59', '59', 'en_us', '', NULL, '1', '2016-04-24 14:49:10', '2016-06-04 22:07:17', '460f9914-8e21-4927-8f05-c7cb7722f2f0'),
 ('60', '60', 'en_us', '', NULL, '1', '2016-04-24 14:49:10', '2016-06-04 22:07:17', '058998a6-ebfa-46cf-8f35-4caa8f61b811'),
 ('61', '61', 'en_us', '', NULL, '1', '2016-04-24 14:49:10', '2016-06-04 22:07:17', '47aeb878-0d90-47b1-a49c-ded06c9e1058'),
 ('62', '62', 'en_us', 'l-w3-awards', NULL, '1', '2016-04-24 14:51:40', '2016-04-24 14:55:33', 'ec1d5356-321a-4cfe-9bce-cf1a9d8aa2b8'),
 ('63', '63', 'en_us', '', NULL, '1', '2016-04-24 14:53:37', '2016-06-04 22:07:17', '08b587d3-0a76-45ea-82db-43ba28f193e8'),
 ('65', '65', 'en_us', 'l-lulu', NULL, '1', '2016-04-24 14:58:18', '2016-04-24 14:58:18', 'd6e91c46-f313-4229-8186-ba22c6651511'),
 ('66', '66', 'en_us', 'l-rex-unc-health', NULL, '1', '2016-04-24 14:58:44', '2016-04-24 14:58:44', 'c3b255e1-284d-4e95-b00b-1812f572ad5d'),
 ('67', '67', 'en_us', 'l-wbal', NULL, '1', '2016-04-24 14:59:08', '2016-04-24 14:59:08', 'd0683fab-1803-478c-b5dd-c081b5c35fe0'),
 ('68', '68', 'en_us', 'l-ncsu', NULL, '1', '2016-04-24 15:00:11', '2016-04-24 15:00:11', 'ead27f77-96b5-48c5-b005-df52864dfb37'),
 ('69', '69', 'en_us', 'l-duke-university', NULL, '1', '2016-04-24 15:00:36', '2016-04-24 15:00:36', 'a87551d0-9301-4f30-810d-c75b13b82413'),
 ('70', '70', 'en_us', 'l-redhat', NULL, '1', '2016-04-24 15:01:14', '2016-04-24 15:01:14', 'd203828d-31e1-4181-ac23-210c75632706'),
 ('71', '71', 'en_us', 'l-sirchie', NULL, '1', '2016-04-24 15:04:32', '2016-04-24 15:04:32', 'a72d32f8-6412-4c08-bb7e-7657bcd34270'),
 ('72', '72', 'en_us', 'l-ncgov', NULL, '1', '2016-04-24 15:04:52', '2016-04-24 15:04:52', 'e5673806-056a-4c04-9bab-99abda70e94e'),
 ('73', '73', 'en_us', 'l-rtp', NULL, '1', '2016-04-24 15:05:15', '2016-04-24 15:05:15', 'd5097181-14ff-4bd3-a215-33db318b45ab'),
 ('74', '74', 'en_us', 'l-campbell-university', NULL, '1', '2016-04-24 15:06:02', '2016-04-24 15:06:02', '6057f87d-1795-40ba-bf0b-b223025cc3e5'),
 ('76', '76', 'en_us', '', NULL, '1', '2016-04-24 15:09:52', '2016-06-04 22:07:17', '6431a9dd-4696-40c2-8701-7d5105ab212e'),
 ('77', '77', 'en_us', '', NULL, '1', '2016-04-24 15:09:52', '2016-06-04 22:07:17', '4a205201-019a-440f-9058-339fb2979a41'),
 ('78', '78', 'en_us', '', NULL, '1', '2016-04-24 15:09:52', '2016-06-04 22:07:17', '3f8f2f35-a9b7-44c4-ae45-9a4adbb70da0'),
 ('79', '79', 'en_us', '', NULL, '1', '2016-04-24 15:09:52', '2016-06-04 22:07:17', 'e12c67de-aa01-4346-9b77-d06f95e55a1e'),
 ('80', '80', 'en_us', '', NULL, '1', '2016-04-24 15:09:53', '2016-06-04 22:07:17', '61316684-aded-4e0c-b39c-1a7247443861'),
 ('81', '81', 'en_us', '', NULL, '1', '2016-04-24 15:09:53', '2016-06-04 22:07:17', 'a4b61b54-a1ae-4cd0-9089-0dd1eb61e2cb'),
 ('82', '82', 'en_us', '', NULL, '1', '2016-04-24 15:09:53', '2016-06-04 22:07:17', '5f089b9d-d058-4b5c-a586-0eb48ed40689'),
 ('83', '83', 'en_us', '', NULL, '1', '2016-04-24 15:09:53', '2016-06-04 22:07:17', '3f37d14e-e8af-4658-b49d-cc2ee0a21ae3'),
 ('84', '84', 'en_us', '', NULL, '1', '2016-04-24 15:09:53', '2016-06-04 22:07:17', '62ad1c5f-3135-400e-9095-8aad9eef3a6c'),
 ('85', '85', 'en_us', 'p-sirchie-homepage', NULL, '1', '2016-05-01 20:44:10', '2016-05-01 20:44:10', '3f71b1a9-0cc7-40be-91d3-6b68eb70cb7f'),
 ('86', '86', 'en_us', '', NULL, '1', '2016-05-01 20:44:19', '2017-01-15 21:55:38', '672e07ec-c787-44ce-93dc-0d769674aed1'),
 ('87', '87', 'en_us', 'p-sirchie-concept', NULL, '1', '2016-05-01 20:48:25', '2016-05-01 20:48:25', 'b3a0e5d8-27c1-4621-b86a-1bbb9ef0f423'),
 ('88', '88', 'en_us', 'p-hero-sirchie', NULL, '1', '2016-05-01 20:54:07', '2016-05-01 20:58:32', '797c635c-9f12-480f-b241-a4b18d08ea73'),
 ('90', '90', 'en_us', 'p-sirchie-menu', NULL, '1', '2016-05-01 21:06:46', '2016-05-01 21:06:46', '541be308-7922-4d07-869c-7227bebe630b'),
 ('92', '92', 'en_us', 'work', NULL, '1', '2016-06-02 22:40:30', '2016-06-02 22:40:30', '05bf871b-07c2-4430-b802-a2e5a60d50c5'),
 ('93', '93', 'en_us', 'services', NULL, '1', '2016-06-02 22:40:47', '2016-06-05 18:19:09', '4d1b4dc4-3ffd-4733-aca2-e1a0a55264dc'),
 ('94', '94', 'en_us', 'contact', NULL, '1', '2016-06-02 22:46:28', '2016-06-02 22:46:28', '9cb61b52-5e1d-4e83-ab6d-ba46abc54038'),
 ('95', '95', 'en_us', 'articles', NULL, '1', '2016-06-02 22:46:38', '2016-06-02 22:46:38', 'b8e0713a-281e-40b3-b61f-e6160488d9bd'),
 ('96', '96', 'en_us', 'my-story', NULL, '1', '2016-06-02 22:46:52', '2016-06-05 18:19:27', '8d31ba87-2632-4ce5-80c1-8a7051249e70'),
 ('97', '97', 'en_us', '7-ways-you-can-design-your-home-office-for-maximum-productivity', 'articles/7-ways-you-can-design-your-home-office-for-maximum-productivity', '1', '2016-06-09 23:45:33', '2017-02-04 17:06:16', '728a17f1-82c5-45ba-9506-ef844e08b445'),
 ('98', '98', 'en_us', 'projects-meta', NULL, '1', '2016-07-16 21:06:00', '2016-07-16 21:06:00', '46c2dc0e-4c3e-47e1-bcb7-25ca1143ef94'),
 ('99', '99', 'en_us', 'abstract-wallpaper-hd', NULL, '1', '2016-07-17 01:15:04', '2016-07-17 01:15:04', 'ae672b99-0d90-46f5-a631-8f4bc215867e'),
 ('100', '100', 'en_us', 'colorful-inspiration-for-gray-days-illustration-and-photography-at-their-best', 'articles/colorful-inspiration-for-gray-days-illustration-and-photography-at-their-best', '1', '2017-02-04 16:16:18', '2017-02-04 17:06:16', '03e98af3-f615-41b4-a691-937f77f9c1a8');



DROP TABLE IF EXISTS `craft_emailmessages`;


--
-- Schema for table `craft_emailmessages`
--
CREATE TABLE `craft_emailmessages` (
  `id` int(11) NOT NULL AUTO_INCREMENT,
  `key` char(150) COLLATE utf8_unicode_ci NOT NULL,
  `locale` char(12) COLLATE utf8_unicode_ci NOT NULL,
  `subject` varchar(1000) COLLATE utf8_unicode_ci NOT NULL,
  `body` text COLLATE utf8_unicode_ci NOT NULL,
  `dateCreated` datetime NOT NULL,
  `dateUpdated` datetime NOT NULL,
  `uid` char(36) COLLATE utf8_unicode_ci NOT NULL DEFAULT '0',
  PRIMARY KEY (`id`),
  UNIQUE KEY `craft_emailmessages_key_locale_unq_idx` (`key`,`locale`),
  KEY `craft_emailmessages_locale_fk` (`locale`)
) ENGINE=InnoDB DEFAULT CHARSET=utf8 COLLATE=utf8_unicode_ci;

DROP TABLE IF EXISTS `craft_entries`;


--
-- Schema for table `craft_entries`
--
CREATE TABLE `craft_entries` (
  `id` int(11) NOT NULL,
  `sectionId` int(11) NOT NULL,
  `typeId` int(11) DEFAULT NULL,
  `authorId` int(11) DEFAULT NULL,
  `postDate` datetime DEFAULT NULL,
  `expiryDate` datetime DEFAULT NULL,
  `dateCreated` datetime NOT NULL,
  `dateUpdated` datetime NOT NULL,
  `uid` char(36) COLLATE utf8_unicode_ci NOT NULL DEFAULT '0',
  PRIMARY KEY (`id`),
  KEY `craft_entries_sectionId_idx` (`sectionId`),
  KEY `craft_entries_typeId_idx` (`typeId`),
  KEY `craft_entries_postDate_idx` (`postDate`),
  KEY `craft_entries_expiryDate_idx` (`expiryDate`),
  KEY `craft_entries_authorId_fk` (`authorId`)
) ENGINE=InnoDB DEFAULT CHARSET=utf8 COLLATE=utf8_unicode_ci;

--
-- Data for table `craft_entries`
--

INSERT INTO `craft_entries` (`id`, `sectionId`, `typeId`, `authorId`, `postDate`, `expiryDate`, `dateCreated`, `dateUpdated`, `uid`) VALUES
 ('2', '1', NULL, NULL, '2016-03-26 15:55:41', NULL, '2016-03-26 15:55:41', '2017-02-04 16:35:09', 'd64cc3ad-11b8-4378-9a57-39e4e6869317'),
 ('3', '2', '2', '1', '2016-03-26 15:55:00', NULL, '2016-03-26 15:55:41', '2016-07-17 01:21:51', 'eb090b3d-cca7-4883-bea3-9e9651c3481e'),
 ('4', '3', NULL, NULL, '2016-03-26 17:11:02', NULL, '2016-03-26 17:11:02', '2017-02-04 15:35:01', '1f96d1bf-7d47-4684-81e2-aafbf099931f'),
 ('16', '5', '5', NULL, '2016-05-09 20:49:01', NULL, '2016-03-26 19:36:03', '2017-02-04 15:37:14', '44f44c1b-05a0-43a5-882f-b0b2f2c03dbf'),
 ('23', '4', '4', '1', '2016-03-27 00:20:00', NULL, '2016-03-27 00:20:10', '2016-06-03 10:59:41', 'fc61e8f3-047b-4889-aeea-2bfbf75d6b9a'),
 ('24', '6', NULL, NULL, '2016-03-27 01:15:27', NULL, '2016-03-27 01:15:27', '2016-06-19 01:56:54', 'a721a92b-4179-41c6-b08f-d5cce6bd82e9'),
 ('49', '4', '4', '1', '2016-03-26 17:13:00', NULL, '2016-04-23 16:44:14', '2016-04-25 23:59:13', '3ce44288-502e-41cb-8f76-141a267ce90e'),
 ('50', '4', '4', '1', '2016-03-26 17:13:00', NULL, '2016-04-23 16:44:44', '2017-01-15 21:55:38', '48f8627e-2884-42e7-b746-8aa795b2e42a'),
 ('51', '4', '4', '1', '2016-03-26 17:13:00', NULL, '2016-04-23 16:45:15', '2016-06-03 11:00:17', 'e4ef913e-5a09-4774-a454-07b95d586a99'),
 ('52', '4', '4', '1', '2016-03-26 17:13:00', NULL, '2016-04-23 16:45:37', '2016-06-03 11:00:48', '74ad49b5-9db5-40d0-8316-fe5c2a389010'),
 ('53', '4', '4', '1', '2016-03-26 17:13:00', NULL, '2016-04-23 16:46:51', '2016-06-03 11:01:15', '8eeb2384-8ba0-4407-acc6-1f41b699ac7d'),
 ('97', '2', '2', '1', '2016-06-09 23:45:00', NULL, '2016-06-09 23:45:33', '2016-07-17 01:15:15', '1b466bc5-6006-4607-afcf-63e980575afa'),
 ('100', '2', '2', '1', '2017-02-04 16:16:17', NULL, '2017-02-04 16:16:18', '2017-02-04 16:16:18', '04a11eb0-953c-4049-b6d8-f0ce7205f9ea');



DROP TABLE IF EXISTS `craft_entrydrafts`;


--
-- Schema for table `craft_entrydrafts`
--
CREATE TABLE `craft_entrydrafts` (
  `id` int(11) NOT NULL AUTO_INCREMENT,
  `entryId` int(11) NOT NULL,
  `sectionId` int(11) NOT NULL,
  `creatorId` int(11) NOT NULL,
  `locale` char(12) COLLATE utf8_unicode_ci NOT NULL,
  `name` varchar(255) COLLATE utf8_unicode_ci NOT NULL,
  `notes` tinytext COLLATE utf8_unicode_ci,
  `data` mediumtext COLLATE utf8_unicode_ci NOT NULL,
  `dateCreated` datetime NOT NULL,
  `dateUpdated` datetime NOT NULL,
  `uid` char(36) COLLATE utf8_unicode_ci NOT NULL DEFAULT '0',
  PRIMARY KEY (`id`),
  KEY `craft_entrydrafts_entryId_locale_idx` (`entryId`,`locale`),
  KEY `craft_entrydrafts_sectionId_fk` (`sectionId`),
  KEY `craft_entrydrafts_creatorId_fk` (`creatorId`),
  KEY `craft_entrydrafts_locale_fk` (`locale`)
) ENGINE=InnoDB DEFAULT CHARSET=utf8 COLLATE=utf8_unicode_ci;

DROP TABLE IF EXISTS `craft_entrytypes`;


--
-- Schema for table `craft_entrytypes`
--
CREATE TABLE `craft_entrytypes` (
  `id` int(11) NOT NULL AUTO_INCREMENT,
  `sectionId` int(11) NOT NULL,
  `fieldLayoutId` int(11) DEFAULT NULL,
  `name` varchar(255) COLLATE utf8_unicode_ci NOT NULL,
  `handle` varchar(255) COLLATE utf8_unicode_ci NOT NULL,
  `hasTitleField` tinyint(1) unsigned NOT NULL DEFAULT '1',
  `titleLabel` varchar(255) COLLATE utf8_unicode_ci DEFAULT 'Title',
  `titleFormat` varchar(255) COLLATE utf8_unicode_ci DEFAULT NULL,
  `sortOrder` smallint(6) unsigned DEFAULT NULL,
  `dateCreated` datetime NOT NULL,
  `dateUpdated` datetime NOT NULL,
  `uid` char(36) COLLATE utf8_unicode_ci NOT NULL DEFAULT '0',
  PRIMARY KEY (`id`),
  UNIQUE KEY `craft_entrytypes_name_sectionId_unq_idx` (`name`,`sectionId`),
  UNIQUE KEY `craft_entrytypes_handle_sectionId_unq_idx` (`handle`,`sectionId`),
  KEY `craft_entrytypes_sectionId_fk` (`sectionId`),
  KEY `craft_entrytypes_fieldLayoutId_fk` (`fieldLayoutId`)
) ENGINE=InnoDB AUTO_INCREMENT=7 DEFAULT CHARSET=utf8 COLLATE=utf8_unicode_ci;

--
-- Data for table `craft_entrytypes`
--

INSERT INTO `craft_entrytypes` (`id`, `sectionId`, `fieldLayoutId`, `name`, `handle`, `hasTitleField`, `titleLabel`, `titleFormat`, `sortOrder`, `dateCreated`, `dateUpdated`, `uid`) VALUES
 ('1', '1', '61', 'Homepage', 'homepage', '1', 'Page Title', NULL, NULL, '2016-03-26 15:55:41', '2016-06-02 11:27:27', '276bd4b5-e8eb-496d-8385-785038916b36'),
 ('2', '2', '24', 'News', 'news', '1', 'Title', NULL, NULL, '2016-03-26 15:55:41', '2016-03-26 22:10:23', '056e5849-fcf8-455a-bca8-c9f98578ad7d'),
 ('3', '3', '64', 'Contact', 'contact', '1', 'Page Title', NULL, NULL, '2016-03-26 17:11:02', '2016-06-02 11:31:14', '63907c01-82df-4752-af88-55d06e0ef676'),
 ('4', '4', '65', 'Projects', 'projects', '1', 'Title', NULL, NULL, '2016-03-26 17:12:57', '2016-06-02 11:31:34', 'b13104bc-86fb-47f8-853e-996d15ab7fb3'),
 ('5', '5', '66', 'My Story', 'about', '1', 'Page Title', NULL, NULL, '2016-03-26 19:36:03', '2016-06-04 22:08:23', '52f404d3-ca8a-4b80-8fb2-c44d2753d076'),
 ('6', '6', '62', 'Services', 'services', '1', 'Page Title', NULL, NULL, '2016-03-27 01:15:27', '2016-06-02 11:27:51', '708c52b2-5404-4cb4-9b41-8381627615e6');



DROP TABLE IF EXISTS `craft_entryversions`;


--
-- Schema for table `craft_entryversions`
--
CREATE TABLE `craft_entryversions` (
  `id` int(11) NOT NULL AUTO_INCREMENT,
  `entryId` int(11) NOT NULL,
  `sectionId` int(11) NOT NULL,
  `creatorId` int(11) DEFAULT NULL,
  `locale` char(12) COLLATE utf8_unicode_ci NOT NULL,
  `num` smallint(6) unsigned NOT NULL,
  `notes` tinytext COLLATE utf8_unicode_ci,
  `data` mediumtext COLLATE utf8_unicode_ci NOT NULL,
  `dateCreated` datetime NOT NULL,
  `dateUpdated` datetime NOT NULL,
  `uid` char(36) COLLATE utf8_unicode_ci NOT NULL DEFAULT '0',
  PRIMARY KEY (`id`),
  KEY `craft_entryversions_entryId_locale_idx` (`entryId`,`locale`),
  KEY `craft_entryversions_sectionId_fk` (`sectionId`),
  KEY `craft_entryversions_creatorId_fk` (`creatorId`),
  KEY `craft_entryversions_locale_fk` (`locale`)
) ENGINE=InnoDB AUTO_INCREMENT=113 DEFAULT CHARSET=utf8 COLLATE=utf8_unicode_ci;

--
-- Data for table `craft_entryversions`
--

INSERT INTO `craft_entryversions` (`id`, `entryId`, `sectionId`, `creatorId`, `locale`, `num`, `notes`, `data`, `dateCreated`, `dateUpdated`, `uid`) VALUES
 ('1', '2', '1', '1', 'en_us', '1', NULL, '{\"typeId\":\"1\",\"authorId\":null,\"title\":\"Homepage\",\"slug\":\"homepage\",\"postDate\":1459007741,\"expiryDate\":null,\"enabled\":1,\"parentId\":null,\"fields\":[]}', '2016-03-26 15:55:41', '2016-03-26 15:55:41', '8dbda633-c042-4cc5-b51f-0d0eacb080cf'),
 ('2', '2', '1', '1', 'en_us', '2', NULL, '{\"typeId\":null,\"authorId\":null,\"title\":\"Welcome to Localhost!\",\"slug\":\"homepage\",\"postDate\":1459007741,\"expiryDate\":null,\"enabled\":\"1\",\"parentId\":null,\"fields\":{\"1\":\"<p>It\\u2019s true, this site doesn\\u2019t have a whole lot of content yet, but don\\u2019t worry. Our web developers have just installed the CMS, and they\\u2019re setting things up for the content editors this very moment. Soon Localhost will be an oasis of fresh perspectives, sharp analyses, and astute opinions that will keep you coming back again and again.<\\/p>\"}}', '2016-03-26 15:55:41', '2016-03-26 15:55:41', 'debd850a-4633-45b0-9886-1736884cf03f'),
 ('3', '3', '2', '1', 'en_us', '1', NULL, '{\"typeId\":\"2\",\"authorId\":\"1\",\"title\":\"We just installed Craft!\",\"slug\":\"we-just-installed-craft\",\"postDate\":1459007741,\"expiryDate\":null,\"enabled\":1,\"parentId\":null,\"fields\":[]}', '2016-03-26 15:55:41', '2016-03-26 15:55:41', 'd0f3e8bd-f45a-415b-889f-9510ad13c7d9'),
 ('4', '3', '2', '1', 'en_us', '2', '', '{\"typeId\":\"2\",\"authorId\":\"1\",\"title\":\"We just installed Craft!\",\"slug\":\"i-changed-url\",\"postDate\":1459007700,\"expiryDate\":null,\"enabled\":1,\"parentId\":null,\"fields\":{\"1\":\"<p>Craft is the CMS that\\u2019s powering Localhost. It\\u2019s beautiful, powerful, flexible, and easy-to-use, and it\\u2019s made by Pixel & Tonic. We can\\u2019t wait to dive in and see what it\\u2019s capable of!<\\/p>\\r\\n\\r\\n<hr class=\\\"redactor_pagebreak\\\" style=\\\"display:none\\\" unselectable=\\\"on\\\" contenteditable=\\\"false\\\">\\r\\n\\r\\n<p>This is even more captivating content, which you couldn\\u2019t see on the News index page because it was entered after a Page Break, and the News index template only likes to show the content on the first page.<\\/p>\\r\\n\\r\\n<p>Craft: a nice alternative to Word, if you\\u2019re making a website.<\\/p>\",\"2\":\"\"}}', '2016-03-26 16:58:24', '2016-03-26 16:58:24', 'ff90b268-031a-4580-9bee-0aa3a698e270'),
 ('5', '2', '1', '1', 'en_us', '3', '', '{\"typeId\":null,\"authorId\":null,\"title\":\"Home\",\"slug\":\"homepage\",\"postDate\":1459007741,\"expiryDate\":null,\"enabled\":1,\"parentId\":null,\"fields\":{\"1\":\"<p>It\\u2019s true, this site doesn\\u2019t have a whole lot of content yet, but don\\u2019t worry. Our web developers have just installed the CMS, and they\\u2019re setting things up for the content editors this very moment. Soon Localhost will be an oasis of fresh perspectives, sharp analyses, and astute opinions that will keep you coming back again and again.<\\/p>\"}}', '2016-03-26 17:02:54', '2016-03-26 17:02:54', '08b56f12-a226-4bc6-96dd-022b06dc834a'),
 ('6', '2', '1', '1', 'en_us', '4', '', '{\"typeId\":null,\"authorId\":null,\"title\":\"Home\",\"slug\":\"homepage\",\"postDate\":1459007741,\"expiryDate\":null,\"enabled\":1,\"parentId\":null,\"fields\":{\"1\":\"<p>It\\u2019s true, this site doesn\\u2019t have a whole lot of content yet, but don\\u2019t worry. Our web developers have just installed the CMS, and they\\u2019re setting things up for the content editors this very moment. Soon Localhost will be an oasis of fresh perspectives, sharp analyses, and astute opinions that will keep you coming back again and again.<\\/p>\"}}', '2016-03-26 17:03:26', '2016-03-26 17:03:26', '35571aa6-e2dc-4614-b293-c36d3bb3c5cc'),
 ('7', '4', '3', '1', 'en_us', '1', NULL, '{\"typeId\":\"3\",\"authorId\":null,\"title\":\"Contact\",\"slug\":\"contact\",\"postDate\":1459012262,\"expiryDate\":null,\"enabled\":1,\"parentId\":null,\"fields\":[]}', '2016-03-26 17:11:02', '2016-03-26 17:11:02', '30fe9b53-0e1b-4ac7-b880-18e764d2c1ad'),
 ('9', '16', '5', '1', 'en_us', '1', NULL, '{\"typeId\":\"5\",\"authorId\":null,\"title\":\"About\",\"slug\":\"about\",\"postDate\":1459020963,\"expiryDate\":null,\"enabled\":1,\"parentId\":null,\"fields\":[]}', '2016-03-26 19:36:03', '2016-03-26 19:36:03', '5194fe6a-baf7-48bb-9a08-1050e1cd1145'),
 ('10', '3', '2', '1', 'en_us', '3', '', '{\"typeId\":\"2\",\"authorId\":\"1\",\"title\":\"We just installed Craft!\",\"slug\":\"i-changed-url\",\"postDate\":1459007700,\"expiryDate\":null,\"enabled\":1,\"parentId\":null,\"fields\":{\"1\":\"<p><a href=\\\".\\/img\\/assets\\/sample.jpg#asset:17\\\">Sample<\\/a><\\/p><p>Craft is the CMS that\\u2019s powering Localhost. It\\u2019s beautiful, powerful, flexible, and easy-to-use, and it\\u2019s made by Pixel & Tonic. We can\\u2019t wait to dive in and see what it\\u2019s capable of!<\\/p>\\r\\n\\r\\n<hr class=\\\"redactor_pagebreak\\\" style=\\\"display:none\\\" unselectable=\\\"on\\\" contenteditable=\\\"false\\\">\\r\\n\\r\\n\\r\\n\\r\\n<p>This is even more captivating content, which you couldn\\u2019t see on the News index page because it was entered after a Page Break, and the News index template only likes to show the content on the first page.<\\/p>\\r\\n\\r\\n\\r\\n\\r\\n<p>Craft: a nice alternative to Word, if you\\u2019re making a website.<\\/p>\",\"2\":\"\"}}', '2016-03-26 21:55:05', '2016-03-26 21:55:05', 'f3565f8d-7ea0-4e40-a8f2-64f171ed1220'),
 ('11', '3', '2', '1', 'en_us', '4', '', '{\"typeId\":\"2\",\"authorId\":\"1\",\"title\":\"We just installed Craft!\",\"slug\":\"i-changed-url\",\"postDate\":1459007700,\"expiryDate\":null,\"enabled\":1,\"parentId\":null,\"fields\":{\"1\":\"<p><a href=\\\".\\/img\\/assets\\/sample.jpg#asset:17\\\">Sample<\\/a><\\/p><hr><hr>\\r\\n\\r\\n<p>Craft is the CMS that\\u2019s powering Localhost. It\\u2019s beautiful, powerful, flexible, and easy-to-use, and it\\u2019s made by Pixel & Tonic. We can\\u2019t wait to dive in and see what it\\u2019s capable of!<\\/p>\\r\\n\\r\\n<hr class=\\\"redactor_pagebreak\\\" unselectable=\\\"on\\\" contenteditable=\\\"false\\\">\\r\\n\\r\\n\\r\\n\\r\\n\\r\\n\\r\\n<p>This is even more captivating content, which you couldn\\u2019t see on the News index page because it was entered after a Page Break, and the News index template only likes to show the content on the first page.<\\/p>\\r\\n\\r\\n\\r\\n\\r\\n\\r\\n\\r\\n<p>Craft: a nice alternative to Word, if you\\u2019re making a website.<\\/p>\",\"2\":\"\"}}', '2016-03-26 21:56:00', '2016-03-26 21:56:00', 'c9a3ebf7-458a-4f2a-ae0a-f2c7cc91de4d'),
 ('12', '3', '2', '1', 'en_us', '5', '', '{\"typeId\":\"2\",\"authorId\":\"1\",\"title\":\"We just installed Craft!\",\"slug\":\"i-changed-url\",\"postDate\":1459007700,\"expiryDate\":null,\"enabled\":1,\"parentId\":null,\"fields\":{\"1\":\"<p><a href=\\\"localhost:8888\\/img\\/assets\\/sample.jpg#asset:17:url\\\">Sample<\\/a><\\/p>\\r\\n\\r\\n<hr>\\r\\n\\r\\n<hr>\\r\\n\\r\\n<p>Craft is the CMS that\\u2019s powering Localhost. It\\u2019s beautiful, powerful, flexible, and easy-to-use, and it\\u2019s made by Pixel & Tonic. We can\\u2019t wait to dive in and see what it\\u2019s capable of!<\\/p>\\r\\n\\r\\n\\r\\n\\r\\n<hr class=\\\"redactor_pagebreak\\\" style=\\\"display:none\\\" unselectable=\\\"on\\\" contenteditable=\\\"false\\\">\\r\\n\\r\\n\\r\\n\\r\\n\\r\\n\\r\\n\\r\\n\\r\\n<p>This is even more captivating content, which you couldn\\u2019t see on the News index page because it was entered after a Page Break, and the News index template only likes to show the content on the first page.<\\/p>\\r\\n\\r\\n\\r\\n\\r\\n\\r\\n\\r\\n\\r\\n\\r\\n<p>Craft: a nice alternative to Word, if you\\u2019re making a website.<\\/p>\",\"14\":[\"18\"],\"2\":\"\"}}', '2016-03-26 22:10:48', '2016-03-26 22:10:48', 'd159a502-3fe4-4f4b-b2a9-25f99e8e883a'),
 ('13', '3', '2', '1', 'en_us', '6', '', '{\"typeId\":\"2\",\"authorId\":\"1\",\"title\":\"We just installed Craft!\",\"slug\":\"i-changed-url\",\"postDate\":1459007700,\"expiryDate\":null,\"enabled\":1,\"parentId\":null,\"fields\":{\"1\":\"<p><a href=\\\"localhost:8888\\/img\\/assets\\/sample.jpg#asset:17:url\\\">Sample<\\/a><\\/p>\\r\\n\\r\\n<hr>\\r\\n\\r\\n\\r\\n\\r\\n<hr>\\r\\n\\r\\n\\r\\n\\r\\n<p>Craft is the CMS that\\u2019s powering Localhost. It\\u2019s beautiful, powerful, flexible, and easy-to-use, and it\\u2019s made by Pixel & Tonic. We can\\u2019t wait to dive in and see what it\\u2019s capable of!<\\/p>\\r\\n\\r\\n\\r\\n\\r\\n\\r\\n\\r\\n<hr class=\\\"redactor_pagebreak\\\" style=\\\"display:none\\\" unselectable=\\\"on\\\" contenteditable=\\\"false\\\">\\r\\n\\r\\n\\r\\n\\r\\n\\r\\n\\r\\n\\r\\n\\r\\n\\r\\n\\r\\n<p>This is even more captivating content, which you couldn\\u2019t see on the News index page because it was entered after a Page Break, and the News index template only likes to show the content on the first page.<\\/p>\\r\\n\\r\\n\\r\\n\\r\\n\\r\\n\\r\\n\\r\\n\\r\\n\\r\\n\\r\\n<p>Craft: a nice alternative to Word, if you\\u2019re making a website.<\\/p>\",\"14\":[\"18\"],\"2\":\"\"}}', '2016-03-26 22:15:00', '2016-03-26 22:15:00', 'dab6b6c3-f47a-4546-b7cc-8d7012f2d4d3'),
 ('16', '23', '4', '1', 'en_us', '1', '', '{\"typeId\":null,\"authorId\":\"1\",\"title\":\"Research Triangle Park\",\"slug\":\"research-triangle-park\",\"postDate\":1459038010,\"expiryDate\":null,\"enabled\":1,\"parentId\":null,\"fields\":{\"19\":\"Research Triangle Park\",\"14\":[\"18\"],\"16\":\"<p>Redesign WCS.org using a new brand aesthetic and audience-focused structure to more effectively share mission and attract supporters.<\\/p>\",\"18\":\"<p>A modern digital platform that tells a unique organizational story and inspires audience engagement, leading to 17% growth in end-of-year giving.<\\/p>\",\"17\":\"<p>Use the flexibility of the Rails CMS we developed to for WCS\\u2019s zoo facility sites to create customized pages that speak to and catalyze individual audiences through a bold new visual language.<\\/p>\",\"15\":\"<p><strong>120 years in the making.<\\/strong>&nbsp;Since 1895, the Wildlife Conservation Society (WCS) has worked to protect the world\\u2019s wildlife and wild places. Our partnership with WCS was entering its second year &mdash; following our creation of the groundbreaking 96 Elephants campaign and our redesign of their five zoo facility sites &mdash; when we turned our attention to WCS.org. To help WCS project their status as world-class conservation organization, we had already introduced a bold new brand approach to photography and design. The reimaging of WCS.org was the perfect opportunity to use this new aesthetic to showcase WCS\\u2019s global mission.<\\/p>\",\"2\":\"\"}}', '2016-03-27 00:20:10', '2016-03-27 00:20:10', 'a980536f-a3b0-47e2-94af-567a9624d33f'),
 ('17', '2', '1', '1', 'en_us', '5', '', '{\"typeId\":null,\"authorId\":null,\"title\":\"Home\",\"slug\":\"homepage\",\"postDate\":1459007741,\"expiryDate\":null,\"enabled\":1,\"parentId\":null,\"fields\":{\"1\":\"<p>It\\u2019s true, this site doesn\\u2019t have a whole lot of content yet, but don\\u2019t worry. Our web developers have just installed the CMS, and they\\u2019re setting things up for the content editors this very moment. Soon Localhost will be an oasis of fresh perspectives, sharp analyses, and astute opinions that will keep you coming back again and again.<\\/p><p>[button]Sample button[\\/button]<\\/p>\"}}', '2016-03-27 01:03:03', '2016-03-27 01:03:03', '0a13ff0c-fc58-472e-9fc7-fbddc07655b2'),
 ('18', '24', '6', '1', 'en_us', '1', NULL, '{\"typeId\":\"6\",\"authorId\":null,\"title\":\"Services\",\"slug\":\"services\",\"postDate\":1459041327,\"expiryDate\":null,\"enabled\":1,\"parentId\":null,\"fields\":[]}', '2016-03-27 01:15:27', '2016-03-27 01:15:27', 'db48171f-4e1e-4158-af00-ed1c4eae7f4c'),
 ('19', '24', '6', '1', 'en_us', '2', '', '{\"typeId\":null,\"authorId\":null,\"title\":\"Services\",\"slug\":\"services\",\"postDate\":1459041327,\"expiryDate\":null,\"enabled\":1,\"parentId\":null,\"fields\":{\"1\":\"<p>We are designers, engineers, and strategists. A team with a unique mix of skills knit together by our client-focused process, honed by decades of experience,&nbsp;that delivers&nbsp;real results, every time.<\\/p>\"}}', '2016-03-27 01:18:24', '2016-03-27 01:18:24', 'a59602c7-1cbd-42b9-b922-739813943edb'),
 ('20', '23', '4', '1', 'en_us', '2', '', '{\"typeId\":\"4\",\"authorId\":\"1\",\"title\":\"Elevating an eCommerce experience to the next level\",\"slug\":\"research-triangle-park\",\"postDate\":1459038000,\"expiryDate\":null,\"enabled\":1,\"parentId\":null,\"fields\":{\"19\":\"Research Triangle Park\",\"14\":[\"18\"],\"16\":\"<p>Redesign WCS.org using a new brand aesthetic and audience-focused structure to more effectively share mission and attract supporters.<\\/p>\",\"18\":\"<p>A modern digital platform that tells a unique organizational story and inspires audience engagement, leading to 17% growth in end-of-year giving.<\\/p>\",\"17\":\"<p>Use the flexibility of the Rails CMS we developed to for WCS\\u2019s zoo facility sites to create customized pages that speak to and catalyze individual audiences through a bold new visual language.<\\/p>\",\"15\":\"<p><strong>120 years in the making.<\\/strong>&nbsp;Since 1895, the Wildlife Conservation Society (WCS) has worked to protect the world\\u2019s wildlife and wild places. Our partnership with WCS was entering its second year &mdash; following our creation of the groundbreaking 96 Elephants campaign and our redesign of their five zoo facility sites &mdash; when we turned our attention to WCS.org. To help WCS project their status as world-class conservation organization, we had already introduced a bold new brand approach to photography and design. The reimaging of WCS.org was the perfect opportunity to use this new aesthetic to showcase WCS\\u2019s global mission.<\\/p>\",\"2\":\"\"}}', '2016-03-27 20:10:38', '2016-03-27 20:10:38', '8f6595c2-0b09-41f7-bb5b-83386dc31e5f'),
 ('21', '23', '4', '1', 'en_us', '3', '', '{\"typeId\":\"4\",\"authorId\":\"1\",\"title\":\"Elevating an eCommerce experience to the next level\",\"slug\":\"research-triangle-park\",\"postDate\":1459038000,\"expiryDate\":null,\"enabled\":1,\"parentId\":null,\"fields\":{\"19\":\"Research Triangle Park\",\"14\":[\"25\"],\"16\":\"<p>Redesign WCS.org using a new brand aesthetic and audience-focused structure to more effectively share mission and attract supporters.<\\/p>\",\"18\":\"<p>A modern digital platform that tells a unique organizational story and inspires audience engagement, leading to 17% growth in end-of-year giving.<\\/p>\",\"17\":\"<p>Use the flexibility of the Rails CMS we developed to for WCS\\u2019s zoo facility sites to create customized pages that speak to and catalyze individual audiences through a bold new visual language.<\\/p>\",\"15\":\"<p><strong>120 years in the making.<\\/strong>&nbsp;Since 1895, the Wildlife Conservation Society (WCS) has worked to protect the world\\u2019s wildlife and wild places. Our partnership with WCS was entering its second year &mdash; following our creation of the groundbreaking 96 Elephants campaign and our redesign of their five zoo facility sites &mdash; when we turned our attention to WCS.org. To help WCS project their status as world-class conservation organization, we had already introduced a bold new brand approach to photography and design. The reimaging of WCS.org was the perfect opportunity to use this new aesthetic to showcase WCS\\u2019s global mission.<\\/p>\",\"2\":\"\"}}', '2016-03-27 20:20:49', '2016-03-27 20:20:49', '80eb1551-a82f-436a-b8e1-763cfd4d5211'),
 ('22', '23', '4', '1', 'en_us', '4', '', '{\"typeId\":\"4\",\"authorId\":\"1\",\"title\":\"Elevating an eCommerce experience to the next level\",\"slug\":\"research-triangle-park\",\"postDate\":1459038000,\"expiryDate\":null,\"enabled\":1,\"parentId\":null,\"fields\":{\"19\":\"Research Triangle Park\",\"14\":[\"25\"],\"16\":\"<p>Redesign WCS.org using a new brand aesthetic and audience-focused structure to more effectively share mission and attract supporters.<\\/p>\",\"26\":{\"new1\":{\"type\":\"projectImage\",\"enabled\":\"1\",\"fields\":{\"projectImageSrc\":[\"30\",\"31\",\"32\"]}}},\"18\":\"<p>A modern digital platform that tells a unique organizational story and inspires audience engagement, leading to 17% growth in end-of-year giving.<\\/p>\",\"17\":\"<p>Use the flexibility of the Rails CMS we developed to for WCS\\u2019s zoo facility sites to create customized pages that speak to and catalyze individual audiences through a bold new visual language.<\\/p>\",\"15\":\"<p><strong>120 years in the making.<\\/strong>&nbsp;Since 1895, the Wildlife Conservation Society (WCS) has worked to protect the world\\u2019s wildlife and wild places. Our partnership with WCS was entering its second year &mdash; following our creation of the groundbreaking 96 Elephants campaign and our redesign of their five zoo facility sites &mdash; when we turned our attention to WCS.org. To help WCS project their status as world-class conservation organization, we had already introduced a bold new brand approach to photography and design. The reimaging of WCS.org was the perfect opportunity to use this new aesthetic to showcase WCS\\u2019s global mission.<\\/p>\",\"2\":\"\"}}', '2016-03-29 11:15:24', '2016-03-29 11:15:24', 'c9fcd9e7-9887-4e11-9ba1-cf69cf56b95e'),
 ('23', '2', '1', '1', 'en_us', '6', '', '{\"typeId\":null,\"authorId\":null,\"title\":\"Welcome\",\"slug\":\"homepage\",\"postDate\":1459007741,\"expiryDate\":null,\"enabled\":1,\"parentId\":null,\"fields\":{\"1\":\"<p>It\\u2019s true, this site doesn\\u2019t have a whole lot of content yet, but don\\u2019t worry. Our web developers have just installed the CMS, and they\\u2019re setting things up for the content editors this very moment. Soon Localhost will be an oasis of fresh perspectives, sharp analyses, and astute opinions that will keep you coming back again and again.<\\/p>\\r\\n\\r\\n<p>[button]Sample button[\\/button]<\\/p>\",\"14\":\"\"}}', '2016-03-30 22:18:14', '2016-03-30 22:18:14', '2fb86b5a-8ae3-4965-9bff-60c396b70293'),
 ('24', '2', '1', '1', 'en_us', '7', '', '{\"typeId\":null,\"authorId\":null,\"title\":\"Home\",\"slug\":\"homepage\",\"postDate\":1459007741,\"expiryDate\":null,\"enabled\":1,\"parentId\":null,\"fields\":{\"1\":\"<p>It\\u2019s true, this site doesn\\u2019t have a whole lot of content yet, but don\\u2019t worry. Our web developers have just installed the CMS, and they\\u2019re setting things up for the content editors this very moment. Soon Localhost will be an oasis of fresh perspectives, sharp analyses, and astute opinions that will keep you coming back again and again.<\\/p>\\r\\n\\r\\n<p>[button]Sample button[\\/button]<\\/p>\",\"14\":\"\"}}', '2016-03-30 22:18:26', '2016-03-30 22:18:26', '76813863-ff3c-4145-a653-30159d664626'),
 ('25', '4', '3', '1', 'en_us', '2', '', '{\"typeId\":null,\"authorId\":null,\"title\":\"Contact\",\"slug\":\"contact\",\"postDate\":1459012262,\"expiryDate\":null,\"enabled\":1,\"parentId\":null,\"fields\":{\"1\":\"<p>Lorem ipsum dolor sit amet, consectetur adipiscing elit. Duis dignissim ornare quam, quis porta turpis imperdiet non. Duis id vestibulum mauris. Aliquam erat lacus, porttitor bibendum lobortis nec, elementum ut magna. Aliquam pretium vulputate orci sed tincidunt. Pellentesque lobortis non lectus eu feugiat. Praesent faucibus interdum est. Maecenas purus libero, efficitur at lacus nec, consectetur iaculis sapien. Nunc non lorem volutpat, blandit ipsum at, semper lorem. Nam vitae cursus eros. Cras a urna erat. Praesent consequat, nibh eget varius tincidunt, velit diam interdum neque, eu auctor est augue eu lorem. Morbi posuere a erat at pulvinar. Nam sit amet justo eget sapien fringilla imperdiet a a turpis. Aenean sollicitudin non magna ac consequat.<\\/p>\",\"14\":\"\"}}', '2016-03-30 22:22:08', '2016-03-30 22:22:08', '9ca802c8-9a7b-4a0b-a37f-6481bc48eae5'),
 ('26', '4', '3', '1', 'en_us', '3', '', '{\"typeId\":null,\"authorId\":null,\"title\":\"Contact\",\"slug\":\"contact\",\"postDate\":1459012262,\"expiryDate\":null,\"enabled\":1,\"parentId\":null,\"fields\":{\"1\":\"<p>Lorem ipsum dolor sit amet, consectetur adipiscing elit. Duis dignissim ornare quam, quis porta turpis imperdiet non. Duis id vestibulum mauris. Aliquam erat lacus, porttitor bibendum lobortis nec, elementum ut magna. Aliquam pretium vulputate orci sed tincidunt. Pellentesque lobortis non lectus eu feugiat. Praesent faucibus interdum est. Maecenas purus libero, efficitur at lacus nec, consectetur iaculis sapien. Nunc non lorem volutpat, blandit ipsum at, semper lorem. Nam vitae cursus eros. Cras a urna erat. Praesent consequat, nibh eget varius tincidunt, velit diam interdum neque, eu auctor est augue eu lorem. Morbi posuere a erat at pulvinar. Nam sit amet justo eget sapien fringilla imperdiet a a turpis. Aenean sollicitudin non magna ac consequat.<\\/p>\",\"14\":[\"30\"]}}', '2016-03-30 22:22:31', '2016-03-30 22:22:31', '6513091d-616e-47a2-9a46-4f030cd79894'),
 ('27', '4', '3', '1', 'en_us', '4', '', '{\"typeId\":null,\"authorId\":null,\"title\":\"Contact\",\"slug\":\"contact\",\"postDate\":1459012262,\"expiryDate\":null,\"enabled\":1,\"parentId\":null,\"fields\":{\"1\":\"<p>Lorem ipsum dolor sit amet, consectetur adipiscing elit. Duis dignissim ornare quam, quis porta turpis imperdiet non. Duis id vestibulum mauris. Aliquam erat lacus, porttitor bibendum lobortis nec, elementum ut magna. Aliquam pretium vulputate orci sed tincidunt. Pellentesque lobortis non lectus eu feugiat. Praesent faucibus interdum est. Maecenas purus libero, efficitur at lacus nec, consectetur iaculis sapien. Nunc non lorem volutpat, blandit ipsum at, semper lorem. Nam vitae cursus eros. Cras a urna erat. Praesent consequat, nibh eget varius tincidunt, velit diam interdum neque, eu auctor est augue eu lorem. Morbi posuere a erat at pulvinar. Nam sit amet justo eget sapien fringilla imperdiet a a turpis. Aenean sollicitudin non magna ac consequat.<\\/p>\",\"14\":[\"30\"]}}', '2016-03-30 22:22:45', '2016-03-30 22:22:45', '021405b8-d372-4835-a582-63778f42ecda'),
 ('28', '16', '5', '1', 'en_us', '2', '', '{\"typeId\":null,\"authorId\":null,\"title\":\"About\",\"slug\":\"about\",\"postDate\":1459020963,\"expiryDate\":null,\"enabled\":1,\"parentId\":null,\"fields\":{\"1\":\"<p>Lorem ipsum dolor sit amet, consectetur adipiscing elit. Duis dignissim ornare quam, quis porta turpis imperdiet non. Duis id vestibulum mauris. Aliquam erat lacus, porttitor bibendum lobortis nec, elementum ut magna. Aliquam pretium vulputate orci sed tincidunt. Pellentesque lobortis non lectus eu feugiat. Praesent faucibus interdum est. Maecenas purus libero, efficitur at lacus nec, consectetur iaculis sapien. Nunc non lorem volutpat, blandit ipsum at, semper lorem. Nam vitae cursus eros. Cras a urna erat. Praesent consequat, nibh eget varius tincidunt, velit diam interdum neque, eu auctor est augue eu lorem. Morbi posuere a erat at pulvinar. Nam sit amet justo eget sapien fringilla imperdiet a a turpis. Aenean sollicitudin non magna ac consequat.<\\/p>\",\"14\":[\"31\"]}}', '2016-03-30 22:30:45', '2016-03-30 22:30:45', '517129cf-b717-407b-be28-67cc46d397dd'),
 ('29', '24', '6', '1', 'en_us', '3', '', '{\"typeId\":null,\"authorId\":null,\"title\":\"Services\",\"slug\":\"services\",\"postDate\":1459041327,\"expiryDate\":null,\"enabled\":1,\"parentId\":null,\"fields\":{\"1\":\"<p>We are designers, engineers, and strategists. A team with a unique mix of skills knit together by our client-focused process, honed by decades of experience,&nbsp;that delivers&nbsp;real results, every time.<\\/p>\",\"14\":[\"31\"]}}', '2016-03-30 22:33:53', '2016-03-30 22:33:53', '557c7346-bc3c-4924-96c0-4c04da20650c'),
 ('30', '2', '1', '1', 'en_us', '8', '', '{\"typeId\":null,\"authorId\":null,\"title\":\"Home\",\"slug\":\"homepage\",\"postDate\":1459007741,\"expiryDate\":null,\"enabled\":1,\"parentId\":null,\"fields\":{\"1\":\"<p>It\\u2019s true, this site doesn\\u2019t have a whole lot of content yet, but don\\u2019t worry. Our web developers have just installed the CMS, and they\\u2019re setting things up for the content editors this very moment. Soon Localhost will be an oasis of fresh perspectives, sharp analyses, and astute opinions that will keep you coming back again and again.<\\/p>\\r\\n\\r\\n<p>[button]Sample button[\\/button]<\\/p>\",\"14\":[\"25\"]}}', '2016-03-30 22:50:05', '2016-03-30 22:50:05', '0619723d-9cfa-43a8-8b27-d9dee35323ea'),
 ('31', '16', '5', '1', 'en_us', '3', '', '{\"typeId\":null,\"authorId\":null,\"title\":\"About\",\"slug\":\"about\",\"postDate\":1459020963,\"expiryDate\":null,\"enabled\":1,\"parentId\":null,\"fields\":{\"1\":\"<p>Lorem ipsum dolor sit amet, consectetur adipiscing elit. Duis dignissim ornare quam, quis porta turpis imperdiet non. Duis id vestibulum mauris. Aliquam erat lacus, porttitor bibendum lobortis nec, elementum ut magna. Aliquam pretium vulputate orci sed tincidunt. Pellentesque lobortis non lectus eu feugiat. Praesent faucibus interdum est. Maecenas purus libero, efficitur at lacus nec, consectetur iaculis sapien. Nunc non lorem volutpat, blandit ipsum at, semper lorem. Nam vitae cursus eros. Cras a urna erat. Praesent consequat, nibh eget varius tincidunt, velit diam interdum neque, eu auctor est augue eu lorem. Morbi posuere a erat at pulvinar. Nam sit amet justo eget sapien fringilla imperdiet a a turpis. Aenean sollicitudin non magna ac consequat.<\\/p><h3>Values<\\/h3>\",\"14\":[\"31\"]}}', '2016-03-31 10:21:11', '2016-03-31 10:21:11', '355d0d8e-2d58-4144-bc69-21f6ed2b5b0f'),
 ('32', '24', '6', '1', 'en_us', '4', '', '{\"typeId\":null,\"authorId\":null,\"title\":\"Services\",\"slug\":\"services\",\"postDate\":1459041327,\"expiryDate\":null,\"enabled\":1,\"parentId\":null,\"fields\":{\"1\":\"<p>We are designers, engineers, and strategists. A team with a unique mix of skills knit together by our client-focused process, honed by decades of experience,&nbsp;that delivers&nbsp;real results, every time.<\\/p><h2>My services<\\/h2><p>List out my services here.<\\/p><h2>My process<\\/h2><p>How I&nbsp;do projects, why I am good.<\\/p>\",\"14\":[\"31\"]}}', '2016-03-31 10:23:20', '2016-03-31 10:23:20', 'f1206323-59c5-480e-a699-b79c7fe1b670'),
 ('33', '2', '1', '1', 'en_us', '9', '', '{\"typeId\":null,\"authorId\":null,\"title\":\"Home\",\"slug\":\"homepage\",\"postDate\":1459007741,\"expiryDate\":null,\"enabled\":1,\"parentId\":null,\"fields\":{\"1\":\"<p>It\\u2019s true, this site doesn\\u2019t have a whole lot of content yet, but don\\u2019t worry. Our web developers have just installed the CMS, and they\\u2019re setting things up for the content editors this very moment. Soon Localhost will be an oasis of fresh perspectives, sharp analyses, and astute opinions that will keep you coming back again and again.<\\/p>\\r\\n\\r\\n<p>[button&nbsp;url=\'\\/contact\']Sample button[\\/button]<\\/p>\",\"14\":[\"25\"]}}', '2016-03-31 22:40:22', '2016-03-31 22:40:22', 'bb1db126-f9c5-4ba2-a798-5352d6466049'),
 ('34', '2', '1', '1', 'en_us', '10', '', '{\"typeId\":null,\"authorId\":null,\"title\":\"Home\",\"slug\":\"homepage\",\"postDate\":1459007741,\"expiryDate\":null,\"enabled\":1,\"parentId\":null,\"fields\":{\"1\":\"<p>It\\u2019s true, this site doesn\\u2019t have a whole lot of content yet, but don\\u2019t worry. Our web developers have just installed the CMS, and they\\u2019re setting things up for the content editors this very moment. Soon Localhost will be an oasis of fresh perspectives, sharp analyses, and astute opinions that will keep you coming back again and again.<\\/p>\",\"14\":[\"25\"]}}', '2016-03-31 22:42:28', '2016-03-31 22:42:28', 'a8ce05a9-d5f1-46c5-b156-4d213d45410d'),
 ('35', '4', '3', '1', 'en_us', '5', '', '{\"typeId\":null,\"authorId\":null,\"title\":\"Contact\",\"slug\":\"contact\",\"postDate\":1459012262,\"expiryDate\":null,\"enabled\":1,\"parentId\":null,\"fields\":{\"1\":\"<p>Lorem ipsum dolor sit amet, consectetur adipiscing elit. Duis dignissim ornare quam, quis porta turpis imperdiet non. Duis id vestibulum mauris. Aliquam erat lacus, porttitor bibendum lobortis nec, elementum ut magna. Aliquam pretium vulputate orci sed tincidunt. Pellentesque lobortis non lectus eu feugiat. Praesent faucibus interdum est. Maecenas purus libero, efficitur at lacus nec, consectetur iaculis sapien. Nunc non lorem volutpat, blandit ipsum at, semper lorem. Nam vitae cursus eros. Cras a urna erat. Praesent consequat, nibh eget varius tincidunt, velit diam interdum neque, eu auctor est augue eu lorem. Morbi posuere a erat at pulvinar. Nam sit amet justo eget sapien fringilla imperdiet a a turpis. Aenean sollicitudin non magna ac consequat.<\\/p>\",\"14\":[\"35\"]}}', '2016-03-31 22:55:44', '2016-03-31 22:55:44', 'f1fa30ba-f762-41f1-b9d7-3633bde93107'),
 ('36', '16', '5', '1', 'en_us', '4', '', '{\"typeId\":null,\"authorId\":null,\"title\":\"About\",\"slug\":\"about\",\"postDate\":1459020963,\"expiryDate\":null,\"enabled\":1,\"parentId\":null,\"fields\":{\"1\":\"<p>Lorem ipsum dolor sit amet, consectetur adipiscing elit. Duis dignissim ornare quam, quis porta turpis imperdiet non. Duis id vestibulum mauris. Aliquam erat lacus, porttitor bibendum lobortis nec, elementum ut magna. Aliquam pretium vulputate orci sed tincidunt. Pellentesque lobortis non lectus eu feugiat. Praesent faucibus interdum est. Maecenas purus libero, efficitur at lacus nec, consectetur iaculis sapien. Nunc non lorem volutpat, blandit ipsum at, semper lorem. Nam vitae cursus eros. Cras a urna erat. Praesent consequat, nibh eget varius tincidunt, velit diam interdum neque, eu auctor est augue eu lorem. Morbi posuere a erat at pulvinar. Nam sit amet justo eget sapien fringilla imperdiet a a turpis. Aenean sollicitudin non magna ac consequat.<\\/p>\\r\\n\\r\\n<h3>Values<\\/h3>\",\"14\":[\"34\"]}}', '2016-03-31 22:56:10', '2016-03-31 22:56:10', '18c0d348-c69f-4287-9d27-6bb9a4cc987c'),
 ('37', '2', '1', '1', 'en_us', '11', '', '{\"typeId\":null,\"authorId\":null,\"title\":\"Home\",\"slug\":\"homepage\",\"postDate\":1459007741,\"expiryDate\":null,\"enabled\":1,\"parentId\":null,\"fields\":{\"1\":\"<p>It\\u2019s true, this site doesn\\u2019t have a whole lot of content yet, but don\\u2019t worry. Our web developers have just installed the CMS, and they\\u2019re setting things up for the content editors this very moment. Soon Localhost will be an oasis of fresh perspectives, sharp analyses, and astute opinions that will keep you coming back again and again.<\\/p><ul><li>Who I&nbsp;am<\\/li><li>Types of services<\\/li><li>Recent work<\\/li><li>Clients<\\/li><\\/ul>\",\"14\":[\"25\"]}}', '2016-04-01 11:09:02', '2016-04-01 11:09:02', '9e51f44a-a908-4b9b-9c64-035054783b62'),
 ('38', '16', '5', '1', 'en_us', '5', '', '{\"typeId\":null,\"authorId\":null,\"title\":\"About\",\"slug\":\"about\",\"postDate\":1459020963,\"expiryDate\":null,\"enabled\":1,\"parentId\":null,\"fields\":{\"1\":\"<p>Lorem ipsum dolor sit amet, consectetur adipiscing elit. Duis dignissim ornare quam, quis porta turpis imperdiet non. Duis id vestibulum mauris. Aliquam erat lacus, porttitor bibendum lobortis nec, elementum ut magna. Aliquam pretium vulputate orci sed tincidunt. Pellentesque lobortis non lectus eu feugiat. Praesent faucibus interdum est. Maecenas purus libero, efficitur at lacus nec, consectetur iaculis sapien. Nunc non lorem volutpat, blandit ipsum at, semper lorem. Nam vitae cursus eros. Cras a urna erat. Praesent consequat, nibh eget varius tincidunt, velit diam interdum neque, eu auctor est augue eu lorem. Morbi posuere a erat at pulvinar. Nam sit amet justo eget sapien fringilla imperdiet a a turpis. Aenean sollicitudin non magna ac consequat.<\\/p>\\r\\n\\r\\n<h3>Values<\\/h3>\",\"14\":[\"35\"]}}', '2016-04-02 23:10:55', '2016-04-02 23:10:55', 'df0a84b5-d172-4002-9620-13ca247c9f85'),
 ('39', '23', '4', '1', 'en_us', '5', '', '{\"typeId\":\"4\",\"authorId\":\"1\",\"title\":\"Elevating an eCommerce experience to the next level\",\"slug\":\"research-triangle-park\",\"postDate\":1459038000,\"expiryDate\":null,\"enabled\":1,\"parentId\":null,\"fields\":{\"19\":\"Research Triangle Park\",\"14\":[\"37\"],\"16\":\"<p>Redesign WCS.org using a new brand aesthetic and audience-focused structure to more effectively share mission and attract supporters.<\\/p>\",\"26\":{\"33\":{\"type\":\"projectImage\",\"enabled\":\"1\",\"fields\":{\"projectImageSrc\":[\"30\",\"31\",\"32\"]}}},\"18\":\"<p>A modern digital platform that tells a unique organizational story and inspires audience engagement, leading to 17% growth in end-of-year giving.<\\/p>\",\"17\":\"<p>Use the flexibility of the Rails CMS we developed to for WCS\\u2019s zoo facility sites to create customized pages that speak to and catalyze individual audiences through a bold new visual language.<\\/p>\",\"15\":\"<p><strong>120 years in the making.<\\/strong>&nbsp;Since 1895, the Wildlife Conservation Society (WCS) has worked to protect the world\\u2019s wildlife and wild places. Our partnership with WCS was entering its second year &mdash; following our creation of the groundbreaking 96 Elephants campaign and our redesign of their five zoo facility sites &mdash; when we turned our attention to WCS.org. To help WCS project their status as world-class conservation organization, we had already introduced a bold new brand approach to photography and design. The reimaging of WCS.org was the perfect opportunity to use this new aesthetic to showcase WCS\\u2019s global mission.<\\/p>\",\"2\":\"\"}}', '2016-04-17 14:59:01', '2016-04-17 14:59:01', 'b24fb617-fa0e-4574-bb42-6ddd0372f322'),
 ('41', '23', '4', '1', 'en_us', '6', '', '{\"typeId\":\"4\",\"authorId\":\"1\",\"title\":\"Elevating an eCommerce experience to the next level\",\"slug\":\"research-triangle-park\",\"postDate\":1459038000,\"expiryDate\":null,\"enabled\":1,\"parentId\":null,\"fields\":{\"19\":\"Research Triangle Park\",\"14\":[\"38\"],\"16\":\"<p>Redesign WCS.org using a new brand aesthetic and audience-focused structure to more effectively share mission and attract supporters.<\\/p>\",\"26\":{\"33\":{\"type\":\"projectImage\",\"enabled\":\"1\",\"fields\":{\"projectImageSrc\":[\"30\",\"31\",\"32\"]}}},\"18\":\"<p>A modern digital platform that tells a unique organizational story and inspires audience engagement, leading to 17% growth in end-of-year giving.<\\/p>\",\"17\":\"<p>Use the flexibility of the Rails CMS we developed to for WCS\\u2019s zoo facility sites to create customized pages that speak to and catalyze individual audiences through a bold new visual language.<\\/p>\",\"15\":\"<p><strong>120 years in the making.<\\/strong>&nbsp;Since 1895, the Wildlife Conservation Society (WCS) has worked to protect the world\\u2019s wildlife and wild places. Our partnership with WCS was entering its second year &mdash; following our creation of the groundbreaking 96 Elephants campaign and our redesign of their five zoo facility sites &mdash; when we turned our attention to WCS.org. To help WCS project their status as world-class conservation organization, we had already introduced a bold new brand approach to photography and design. The reimaging of WCS.org was the perfect opportunity to use this new aesthetic to showcase WCS\\u2019s global mission.<\\/p>\",\"2\":\"\"}}', '2016-04-17 15:38:48', '2016-04-17 15:38:48', '8bc3a6be-2f2a-4d3b-b8e9-2c1248bcc542'),
 ('43', '2', '1', '1', 'en_us', '12', '', '{\"typeId\":null,\"authorId\":null,\"title\":\"Home\",\"slug\":\"homepage\",\"postDate\":1459007741,\"expiryDate\":null,\"enabled\":1,\"parentId\":null,\"fields\":{\"1\":\"<p><strong>Who I&nbsp;Am:<\\/strong><\\/p><p>Full-Stack Designer<\\/p><p>Digital Design +&nbsp;Digital Technology<\\/p>\",\"14\":[\"25\"]}}', '2016-04-18 22:59:12', '2016-04-18 22:59:12', '569b9cfd-5a77-4f9b-83f8-9b30a5381a0c'),
 ('44', '2', '1', '1', 'en_us', '13', '', '{\"typeId\":null,\"authorId\":null,\"title\":\"Home\",\"slug\":\"homepage\",\"postDate\":1459007741,\"expiryDate\":null,\"enabled\":1,\"parentId\":null,\"fields\":{\"1\":\"<p><strong>Who I&nbsp;Am:<\\/strong><\\/p>\\r\\n\\r\\n<p>Full-Stack Designer<\\/p>\\r\\n\\r\\n<p>Digital Design +&nbsp;Digital Technology<\\/p>\",\"14\":[\"39\"]}}', '2016-04-18 23:32:01', '2016-04-18 23:32:01', '29341675-d6f4-49a7-83db-c7bf05e97f8f'),
 ('45', '2', '1', '1', 'en_us', '14', '', '{\"typeId\":null,\"authorId\":null,\"title\":\"Home\",\"slug\":\"homepage\",\"postDate\":1459007741,\"expiryDate\":null,\"enabled\":1,\"parentId\":null,\"fields\":{\"1\":\"<p><strong>Who I&nbsp;Am:<\\/strong><\\/p>\\r\\n\\r\\n<p>Full-Stack Designer<\\/p>\\r\\n\\r\\n\\r\\n\\r\\n\\r\\n\\r\\n<p>Digital Design +&nbsp;Digital Technology<\\/p>\",\"14\":[\"47\"]}}', '2016-04-19 23:22:11', '2016-04-19 23:22:11', 'b14014a8-9ce2-437e-954c-631c1c78af28'),
 ('46', '49', '4', '1', 'en_us', '1', '', '{\"typeId\":null,\"authorId\":\"1\",\"title\":\"Sample project\",\"slug\":\"sample-project-1\",\"postDate\":1459012380,\"expiryDate\":null,\"enabled\":1,\"parentId\":null,\"fields\":{\"19\":\"Sample Client\",\"14\":[\"38\"],\"16\":\"<p>Connect with an audience DSG struggled to reach, and showcase women\\u2019s athletic clothing in a shippable and shareable format.<\\/p>\",\"26\":\"\",\"18\":\"<p>Users spent more than 6.3K total hours engaging with an interactive video lookbook that features custom photography, integrated share and shop features, and an empowering brand voice.<\\/p>\",\"17\":\"<p>Tell our audience\\u2019s story: Showcase the lives of women who personify both strength and femininity, and use athletic apparel as a key supporting character.<\\/p>\",\"15\":\"<p>Strong is the new skinny.&nbsp;This was the rallying cry behind the Women\\u2019s Fitness campaign we created for Dick\\u2019s Sporting Goods. DSG wanted to reach women who are serious about pushing their bodies, not to conform to society\\u2019s standards, but hit the goals they set for themselves. They want high-quality, on-trend, versatile clothing that meets both their athletic and aesthetic needs. We put DSG\\u2019s line of women\\u2019s apparel on their radar with a campaign that celebrates the lives of strong, beautiful women in a series of product-featuring storytelling vignettes.<\\/p>\",\"2\":[\"20\",\"21\",\"22\"]}}', '2016-04-23 16:44:14', '2016-04-23 16:44:14', '357aa82d-4e74-46a5-a9b9-9a9bb64eacf5'),
 ('47', '49', '4', '1', 'en_us', '2', '', '{\"typeId\":\"4\",\"authorId\":\"1\",\"title\":\"NC Government\",\"slug\":\"sample-project-1\",\"postDate\":1459012380,\"expiryDate\":null,\"enabled\":1,\"parentId\":null,\"fields\":{\"19\":\"NC Government\",\"14\":[\"38\"],\"16\":\"<p>Connect with an audience DSG struggled to reach, and showcase women\\u2019s athletic clothing in a shippable and shareable format.<\\/p>\",\"26\":\"\",\"18\":\"<p>Users spent more than 6.3K total hours engaging with an interactive video lookbook that features custom photography, integrated share and shop features, and an empowering brand voice.<\\/p>\",\"17\":\"<p>Tell our audience\\u2019s story: Showcase the lives of women who personify both strength and femininity, and use athletic apparel as a key supporting character.<\\/p>\",\"15\":\"<p>Strong is the new skinny.&nbsp;This was the rallying cry behind the Women\\u2019s Fitness campaign we created for Dick\\u2019s Sporting Goods. DSG wanted to reach women who are serious about pushing their bodies, not to conform to society\\u2019s standards, but hit the goals they set for themselves. They want high-quality, on-trend, versatile clothing that meets both their athletic and aesthetic needs. We put DSG\\u2019s line of women\\u2019s apparel on their radar with a campaign that celebrates the lives of strong, beautiful women in a series of product-featuring storytelling vignettes.<\\/p>\",\"2\":[\"20\",\"21\",\"22\"]}}', '2016-04-23 16:44:34', '2016-04-23 16:44:34', '4dd12511-4a2e-4cd0-a538-4aa66f04acac'),
 ('48', '50', '4', '1', 'en_us', '1', '', '{\"typeId\":null,\"authorId\":\"1\",\"title\":\"NC Government\",\"slug\":\"sample-project-1-1\",\"postDate\":1459012380,\"expiryDate\":null,\"enabled\":1,\"parentId\":null,\"fields\":{\"19\":\"NC Government\",\"14\":[\"38\"],\"16\":\"<p>Connect with an audience DSG struggled to reach, and showcase women\\u2019s athletic clothing in a shippable and shareable format.<\\/p>\",\"26\":\"\",\"18\":\"<p>Users spent more than 6.3K total hours engaging with an interactive video lookbook that features custom photography, integrated share and shop features, and an empowering brand voice.<\\/p>\",\"17\":\"<p>Tell our audience\\u2019s story: Showcase the lives of women who personify both strength and femininity, and use athletic apparel as a key supporting character.<\\/p>\",\"15\":\"<p>Strong is the new skinny.&nbsp;This was the rallying cry behind the Women\\u2019s Fitness campaign we created for Dick\\u2019s Sporting Goods. DSG wanted to reach women who are serious about pushing their bodies, not to conform to society\\u2019s standards, but hit the goals they set for themselves. They want high-quality, on-trend, versatile clothing that meets both their athletic and aesthetic needs. We put DSG\\u2019s line of women\\u2019s apparel on their radar with a campaign that celebrates the lives of strong, beautiful women in a series of product-featuring storytelling vignettes.<\\/p>\",\"2\":[\"20\",\"21\",\"22\"]}}', '2016-04-23 16:44:44', '2016-04-23 16:44:44', 'eab47969-eeb5-4b7e-a0c4-cdefa08ba105'),
 ('49', '50', '4', '1', 'en_us', '2', '', '{\"typeId\":\"4\",\"authorId\":\"1\",\"title\":\"Sirchie\",\"slug\":\"sample-project-1-1\",\"postDate\":1459012380,\"expiryDate\":null,\"enabled\":1,\"parentId\":null,\"fields\":{\"19\":\"Sirchie\",\"14\":[\"38\"],\"16\":\"<p>Connect with an audience DSG struggled to reach, and showcase women\\u2019s athletic clothing in a shippable and shareable format.<\\/p>\",\"26\":\"\",\"18\":\"<p>Users spent more than 6.3K total hours engaging with an interactive video lookbook that features custom photography, integrated share and shop features, and an empowering brand voice.<\\/p>\",\"17\":\"<p>Tell our audience\\u2019s story: Showcase the lives of women who personify both strength and femininity, and use athletic apparel as a key supporting character.<\\/p>\",\"15\":\"<p>Strong is the new skinny.&nbsp;This was the rallying cry behind the Women\\u2019s Fitness campaign we created for Dick\\u2019s Sporting Goods. DSG wanted to reach women who are serious about pushing their bodies, not to conform to society\\u2019s standards, but hit the goals they set for themselves. They want high-quality, on-trend, versatile clothing that meets both their athletic and aesthetic needs. We put DSG\\u2019s line of women\\u2019s apparel on their radar with a campaign that celebrates the lives of strong, beautiful women in a series of product-featuring storytelling vignettes.<\\/p>\",\"2\":[\"20\",\"21\",\"22\"]}}', '2016-04-23 16:44:54', '2016-04-23 16:44:54', 'cb74f122-c8cd-4de9-9f13-3b62b7432285'),
 ('50', '51', '4', '1', 'en_us', '1', '', '{\"typeId\":null,\"authorId\":\"1\",\"title\":\"Sirchie\",\"slug\":\"sample-project-1-1-1\",\"postDate\":1459012380,\"expiryDate\":null,\"enabled\":1,\"parentId\":null,\"fields\":{\"19\":\"Sirchie\",\"14\":[\"38\"],\"16\":\"<p>Connect with an audience DSG struggled to reach, and showcase women\\u2019s athletic clothing in a shippable and shareable format.<\\/p>\",\"26\":\"\",\"18\":\"<p>Users spent more than 6.3K total hours engaging with an interactive video lookbook that features custom photography, integrated share and shop features, and an empowering brand voice.<\\/p>\",\"17\":\"<p>Tell our audience\\u2019s story: Showcase the lives of women who personify both strength and femininity, and use athletic apparel as a key supporting character.<\\/p>\",\"15\":\"<p>Strong is the new skinny.&nbsp;This was the rallying cry behind the Women\\u2019s Fitness campaign we created for Dick\\u2019s Sporting Goods. DSG wanted to reach women who are serious about pushing their bodies, not to conform to society\\u2019s standards, but hit the goals they set for themselves. They want high-quality, on-trend, versatile clothing that meets both their athletic and aesthetic needs. We put DSG\\u2019s line of women\\u2019s apparel on their radar with a campaign that celebrates the lives of strong, beautiful women in a series of product-featuring storytelling vignettes.<\\/p>\",\"2\":[\"20\",\"21\",\"22\"]}}', '2016-04-23 16:45:15', '2016-04-23 16:45:15', '57e641bf-b52e-453d-b87f-a982baacea79'),
 ('51', '51', '4', '1', 'en_us', '2', '', '{\"typeId\":\"4\",\"authorId\":\"1\",\"title\":\"Oracle\",\"slug\":\"sample-project-1-1-1\",\"postDate\":1459012380,\"expiryDate\":null,\"enabled\":1,\"parentId\":null,\"fields\":{\"19\":\"Oracle\",\"14\":[\"38\"],\"16\":\"<p>Connect with an audience DSG struggled to reach, and showcase women\\u2019s athletic clothing in a shippable and shareable format.<\\/p>\",\"26\":\"\",\"18\":\"<p>Users spent more than 6.3K total hours engaging with an interactive video lookbook that features custom photography, integrated share and shop features, and an empowering brand voice.<\\/p>\",\"17\":\"<p>Tell our audience\\u2019s story: Showcase the lives of women who personify both strength and femininity, and use athletic apparel as a key supporting character.<\\/p>\",\"15\":\"<p>Strong is the new skinny.&nbsp;This was the rallying cry behind the Women\\u2019s Fitness campaign we created for Dick\\u2019s Sporting Goods. DSG wanted to reach women who are serious about pushing their bodies, not to conform to society\\u2019s standards, but hit the goals they set for themselves. They want high-quality, on-trend, versatile clothing that meets both their athletic and aesthetic needs. We put DSG\\u2019s line of women\\u2019s apparel on their radar with a campaign that celebrates the lives of strong, beautiful women in a series of product-featuring storytelling vignettes.<\\/p>\",\"2\":[\"20\",\"21\",\"22\"]}}', '2016-04-23 16:45:26', '2016-04-23 16:45:26', '85a0f466-4668-4183-b33a-e6151a16f899'),
 ('52', '52', '4', '1', 'en_us', '1', '', '{\"typeId\":null,\"authorId\":\"1\",\"title\":\"Oracle\",\"slug\":\"sample-project-1-1-1-1\",\"postDate\":1459012380,\"expiryDate\":null,\"enabled\":1,\"parentId\":null,\"fields\":{\"19\":\"Oracle\",\"14\":[\"38\"],\"16\":\"<p>Connect with an audience DSG struggled to reach, and showcase women\\u2019s athletic clothing in a shippable and shareable format.<\\/p>\",\"26\":\"\",\"18\":\"<p>Users spent more than 6.3K total hours engaging with an interactive video lookbook that features custom photography, integrated share and shop features, and an empowering brand voice.<\\/p>\",\"17\":\"<p>Tell our audience\\u2019s story: Showcase the lives of women who personify both strength and femininity, and use athletic apparel as a key supporting character.<\\/p>\",\"15\":\"<p>Strong is the new skinny.&nbsp;This was the rallying cry behind the Women\\u2019s Fitness campaign we created for Dick\\u2019s Sporting Goods. DSG wanted to reach women who are serious about pushing their bodies, not to conform to society\\u2019s standards, but hit the goals they set for themselves. They want high-quality, on-trend, versatile clothing that meets both their athletic and aesthetic needs. We put DSG\\u2019s line of women\\u2019s apparel on their radar with a campaign that celebrates the lives of strong, beautiful women in a series of product-featuring storytelling vignettes.<\\/p>\",\"2\":[\"20\",\"21\",\"22\"]}}', '2016-04-23 16:45:37', '2016-04-23 16:45:37', '900fd805-2259-4bd2-a98d-3dc403093e48'),
 ('53', '52', '4', '1', 'en_us', '2', '', '{\"typeId\":\"4\",\"authorId\":\"1\",\"title\":\"Bob Barker\",\"slug\":\"sample-project-1-1-1-1\",\"postDate\":1459012380,\"expiryDate\":null,\"enabled\":1,\"parentId\":null,\"fields\":{\"19\":\"Bob Barker\",\"14\":[\"38\"],\"16\":\"<p>Connect with an audience DSG struggled to reach, and showcase women\\u2019s athletic clothing in a shippable and shareable format.<\\/p>\",\"26\":\"\",\"18\":\"<p>Users spent more than 6.3K total hours engaging with an interactive video lookbook that features custom photography, integrated share and shop features, and an empowering brand voice.<\\/p>\",\"17\":\"<p>Tell our audience\\u2019s story: Showcase the lives of women who personify both strength and femininity, and use athletic apparel as a key supporting character.<\\/p>\",\"15\":\"<p>Strong is the new skinny.&nbsp;This was the rallying cry behind the Women\\u2019s Fitness campaign we created for Dick\\u2019s Sporting Goods. DSG wanted to reach women who are serious about pushing their bodies, not to conform to society\\u2019s standards, but hit the goals they set for themselves. They want high-quality, on-trend, versatile clothing that meets both their athletic and aesthetic needs. We put DSG\\u2019s line of women\\u2019s apparel on their radar with a campaign that celebrates the lives of strong, beautiful women in a series of product-featuring storytelling vignettes.<\\/p>\",\"2\":[\"20\",\"21\",\"22\"]}}', '2016-04-23 16:45:46', '2016-04-23 16:45:46', '4e109a14-2a37-427b-867a-c1a0f21a5ac8'),
 ('54', '52', '4', '1', 'en_us', '3', '', '{\"typeId\":\"4\",\"authorId\":\"1\",\"title\":\"Bob Barker\",\"slug\":\"bob-barker\",\"postDate\":1459012380,\"expiryDate\":null,\"enabled\":1,\"parentId\":null,\"fields\":{\"19\":\"Bob Barker\",\"14\":[\"38\"],\"16\":\"<p>Connect with an audience DSG struggled to reach, and showcase women\\u2019s athletic clothing in a shippable and shareable format.<\\/p>\",\"26\":\"\",\"18\":\"<p>Users spent more than 6.3K total hours engaging with an interactive video lookbook that features custom photography, integrated share and shop features, and an empowering brand voice.<\\/p>\",\"17\":\"<p>Tell our audience\\u2019s story: Showcase the lives of women who personify both strength and femininity, and use athletic apparel as a key supporting character.<\\/p>\",\"15\":\"<p>Strong is the new skinny.&nbsp;This was the rallying cry behind the Women\\u2019s Fitness campaign we created for Dick\\u2019s Sporting Goods. DSG wanted to reach women who are serious about pushing their bodies, not to conform to society\\u2019s standards, but hit the goals they set for themselves. They want high-quality, on-trend, versatile clothing that meets both their athletic and aesthetic needs. We put DSG\\u2019s line of women\\u2019s apparel on their radar with a campaign that celebrates the lives of strong, beautiful women in a series of product-featuring storytelling vignettes.<\\/p>\",\"2\":[\"20\",\"21\",\"22\"]}}', '2016-04-23 16:45:58', '2016-04-23 16:45:58', '430eb222-6715-4d69-aeb7-23476bbad321'),
 ('55', '49', '4', '1', 'en_us', '3', '', '{\"typeId\":\"4\",\"authorId\":\"1\",\"title\":\"NC Government\",\"slug\":\"nc-government\",\"postDate\":1459012380,\"expiryDate\":null,\"enabled\":1,\"parentId\":null,\"fields\":{\"19\":\"NC Government\",\"14\":[\"38\"],\"16\":\"<p>Connect with an audience DSG struggled to reach, and showcase women\\u2019s athletic clothing in a shippable and shareable format.<\\/p>\",\"26\":\"\",\"18\":\"<p>Users spent more than 6.3K total hours engaging with an interactive video lookbook that features custom photography, integrated share and shop features, and an empowering brand voice.<\\/p>\",\"17\":\"<p>Tell our audience\\u2019s story: Showcase the lives of women who personify both strength and femininity, and use athletic apparel as a key supporting character.<\\/p>\",\"15\":\"<p>Strong is the new skinny.&nbsp;This was the rallying cry behind the Women\\u2019s Fitness campaign we created for Dick\\u2019s Sporting Goods. DSG wanted to reach women who are serious about pushing their bodies, not to conform to society\\u2019s standards, but hit the goals they set for themselves. They want high-quality, on-trend, versatile clothing that meets both their athletic and aesthetic needs. We put DSG\\u2019s line of women\\u2019s apparel on their radar with a campaign that celebrates the lives of strong, beautiful women in a series of product-featuring storytelling vignettes.<\\/p>\",\"2\":[\"20\",\"21\",\"22\"]}}', '2016-04-23 16:46:11', '2016-04-23 16:46:11', 'edf5abe5-7807-4f79-bbbc-94050ae7813f'),
 ('56', '50', '4', '1', 'en_us', '3', '', '{\"typeId\":\"4\",\"authorId\":\"1\",\"title\":\"Sirchie\",\"slug\":\"sirchie\",\"postDate\":1459012380,\"expiryDate\":null,\"enabled\":1,\"parentId\":null,\"fields\":{\"19\":\"Sirchie\",\"14\":[\"38\"],\"16\":\"<p>Connect with an audience DSG struggled to reach, and showcase women\\u2019s athletic clothing in a shippable and shareable format.<\\/p>\",\"26\":\"\",\"18\":\"<p>Users spent more than 6.3K total hours engaging with an interactive video lookbook that features custom photography, integrated share and shop features, and an empowering brand voice.<\\/p>\",\"17\":\"<p>Tell our audience\\u2019s story: Showcase the lives of women who personify both strength and femininity, and use athletic apparel as a key supporting character.<\\/p>\",\"15\":\"<p>Strong is the new skinny.&nbsp;This was the rallying cry behind the Women\\u2019s Fitness campaign we created for Dick\\u2019s Sporting Goods. DSG wanted to reach women who are serious about pushing their bodies, not to conform to society\\u2019s standards, but hit the goals they set for themselves. They want high-quality, on-trend, versatile clothing that meets both their athletic and aesthetic needs. We put DSG\\u2019s line of women\\u2019s apparel on their radar with a campaign that celebrates the lives of strong, beautiful women in a series of product-featuring storytelling vignettes.<\\/p>\",\"2\":[\"20\",\"21\",\"22\"]}}', '2016-04-23 16:46:16', '2016-04-23 16:46:16', '72552603-f6a3-48a7-8501-ceae68b6ed02'),
 ('57', '51', '4', '1', 'en_us', '3', '', '{\"typeId\":\"4\",\"authorId\":\"1\",\"title\":\"Oracle\",\"slug\":\"oracle\",\"postDate\":1459012380,\"expiryDate\":null,\"enabled\":1,\"parentId\":null,\"fields\":{\"19\":\"Oracle\",\"14\":[\"38\"],\"16\":\"<p>Connect with an audience DSG struggled to reach, and showcase women\\u2019s athletic clothing in a shippable and shareable format.<\\/p>\",\"26\":\"\",\"18\":\"<p>Users spent more than 6.3K total hours engaging with an interactive video lookbook that features custom photography, integrated share and shop features, and an empowering brand voice.<\\/p>\",\"17\":\"<p>Tell our audience\\u2019s story: Showcase the lives of women who personify both strength and femininity, and use athletic apparel as a key supporting character.<\\/p>\",\"15\":\"<p>Strong is the new skinny.&nbsp;This was the rallying cry behind the Women\\u2019s Fitness campaign we created for Dick\\u2019s Sporting Goods. DSG wanted to reach women who are serious about pushing their bodies, not to conform to society\\u2019s standards, but hit the goals they set for themselves. They want high-quality, on-trend, versatile clothing that meets both their athletic and aesthetic needs. We put DSG\\u2019s line of women\\u2019s apparel on their radar with a campaign that celebrates the lives of strong, beautiful women in a series of product-featuring storytelling vignettes.<\\/p>\",\"2\":[\"20\",\"21\",\"22\"]}}', '2016-04-23 16:46:22', '2016-04-23 16:46:22', 'eec1b914-2ef2-405c-a9cc-cf052a4aad8d'),
 ('58', '53', '4', '1', 'en_us', '1', '', '{\"typeId\":null,\"authorId\":\"1\",\"title\":\"Bob Barker\",\"slug\":\"bob-barker-1\",\"postDate\":1459012380,\"expiryDate\":null,\"enabled\":1,\"parentId\":null,\"fields\":{\"19\":\"Bob Barker\",\"14\":[\"38\"],\"16\":\"<p>Connect with an audience DSG struggled to reach, and showcase women\\u2019s athletic clothing in a shippable and shareable format.<\\/p>\",\"26\":\"\",\"18\":\"<p>Users spent more than 6.3K total hours engaging with an interactive video lookbook that features custom photography, integrated share and shop features, and an empowering brand voice.<\\/p>\",\"17\":\"<p>Tell our audience\\u2019s story: Showcase the lives of women who personify both strength and femininity, and use athletic apparel as a key supporting character.<\\/p>\",\"15\":\"<p>Strong is the new skinny.&nbsp;This was the rallying cry behind the Women\\u2019s Fitness campaign we created for Dick\\u2019s Sporting Goods. DSG wanted to reach women who are serious about pushing their bodies, not to conform to society\\u2019s standards, but hit the goals they set for themselves. They want high-quality, on-trend, versatile clothing that meets both their athletic and aesthetic needs. We put DSG\\u2019s line of women\\u2019s apparel on their radar with a campaign that celebrates the lives of strong, beautiful women in a series of product-featuring storytelling vignettes.<\\/p>\",\"2\":[\"20\",\"21\",\"22\"]}}', '2016-04-23 16:46:51', '2016-04-23 16:46:51', '2a6fc818-6f66-4f8d-bf5d-992c343db323'),
 ('59', '53', '4', '1', 'en_us', '2', '', '{\"typeId\":\"4\",\"authorId\":\"1\",\"title\":\"Red Hat\",\"slug\":\"red-hat\",\"postDate\":1459012380,\"expiryDate\":null,\"enabled\":1,\"parentId\":null,\"fields\":{\"19\":\"Red Hat\",\"14\":[\"38\"],\"16\":\"<p>Connect with an audience DSG struggled to reach, and showcase women\\u2019s athletic clothing in a shippable and shareable format.<\\/p>\",\"26\":\"\",\"18\":\"<p>Users spent more than 6.3K total hours engaging with an interactive video lookbook that features custom photography, integrated share and shop features, and an empowering brand voice.<\\/p>\",\"17\":\"<p>Tell our audience\\u2019s story: Showcase the lives of women who personify both strength and femininity, and use athletic apparel as a key supporting character.<\\/p>\",\"15\":\"<p>Strong is the new skinny.&nbsp;This was the rallying cry behind the Women\\u2019s Fitness campaign we created for Dick\\u2019s Sporting Goods. DSG wanted to reach women who are serious about pushing their bodies, not to conform to society\\u2019s standards, but hit the goals they set for themselves. They want high-quality, on-trend, versatile clothing that meets both their athletic and aesthetic needs. We put DSG\\u2019s line of women\\u2019s apparel on their radar with a campaign that celebrates the lives of strong, beautiful women in a series of product-featuring storytelling vignettes.<\\/p>\",\"2\":[\"20\",\"21\",\"22\"]}}', '2016-04-23 16:47:04', '2016-04-23 16:47:04', '93ed7fbc-9663-4b2e-8c9f-18ebc0d02cff'),
 ('60', '23', '4', '1', 'en_us', '7', '', '{\"typeId\":\"4\",\"authorId\":\"1\",\"title\":\"Elevating an eCommerce experience to the next level\",\"slug\":\"research-triangle-park\",\"postDate\":1459038000,\"expiryDate\":null,\"enabled\":1,\"parentId\":null,\"fields\":{\"19\":\"Research Triangle Park\",\"14\":[\"38\"],\"16\":\"<p>Redesign WCS.org using a new brand aesthetic and audience-focused structure to more effectively share mission and attract supporters.<\\/p>\",\"26\":{\"33\":{\"type\":\"projectImage\",\"enabled\":\"1\",\"fields\":{\"projectImageSrc\":[\"30\",\"31\",\"32\"]}}},\"18\":\"<p>A modern digital platform that tells a unique organizational story and inspires audience engagement, leading to 17% growth in end-of-year giving.<\\/p>\",\"17\":\"<p>Use the flexibility of the Rails CMS we developed to for WCS\\u2019s zoo facility sites to create customized pages that speak to and catalyze individual audiences through a bold new visual language.<\\/p>\",\"15\":\"<p><strong>120 years in the making.<\\/strong>&nbsp;Since 1895, the Wildlife Conservation Society (WCS) has worked to protect the world\\u2019s wildlife and wild places. Our partnership with WCS was entering its second year &mdash; following our creation of the groundbreaking 96 Elephants campaign and our redesign of their five zoo facility sites &mdash; when we turned our attention to WCS.org. To help WCS project their status as world-class conservation organization, we had already introduced a bold new brand approach to photography and design. The reimaging of WCS.org was the perfect opportunity to use this new aesthetic to showcase WCS\\u2019s global mission.<\\/p>\",\"2\":\"\"}}', '2016-04-23 16:48:48', '2016-04-23 16:48:48', 'a51e5e59-8874-4e74-af98-b17df6b983f9'),
 ('61', '2', '1', '1', 'en_us', '15', '', '{\"typeId\":null,\"authorId\":null,\"title\":\"Home\",\"slug\":\"homepage\",\"postDate\":1459007741,\"expiryDate\":null,\"enabled\":1,\"parentId\":null,\"fields\":{\"1\":\"<p><strong>Who I&nbsp;Am:<\\/strong><\\/p>\\r\\n\\r\\n<p>Full-Stack Designer<\\/p>\\r\\n\\r\\n\\r\\n\\r\\n\\r\\n\\r\\n\\r\\n\\r\\n<p>Digital Design +&nbsp;Digital Technology<\\/p>\",\"14\":[\"47\"],\"32\":[\"23\",\"49\"]}}', '2016-04-23 16:51:22', '2016-04-23 16:51:22', 'd98448de-4979-4a71-93b8-01cd4ef62f74'),
 ('62', '2', '1', '1', 'en_us', '16', '', '{\"typeId\":null,\"authorId\":null,\"title\":\"Home\",\"slug\":\"homepage\",\"postDate\":1459007741,\"expiryDate\":null,\"enabled\":1,\"parentId\":null,\"fields\":{\"1\":\"<p><strong>Who I&nbsp;Am:<\\/strong><\\/p>\\r\\n\\r\\n<p>Full-Stack Designer<\\/p>\\r\\n\\r\\n\\r\\n\\r\\n\\r\\n\\r\\n\\r\\n\\r\\n\\r\\n\\r\\n<p>Digital Design +&nbsp;Digital Technology<\\/p>\",\"14\":[\"47\"],\"32\":[\"49\",\"23\"]}}', '2016-04-23 16:57:38', '2016-04-23 16:57:38', '5eadeb93-a345-4912-8cd7-cba67f87f0bf'),
 ('63', '2', '1', '1', 'en_us', '17', '', '{\"typeId\":null,\"authorId\":null,\"title\":\"Home\",\"slug\":\"homepage\",\"postDate\":1459007741,\"expiryDate\":null,\"enabled\":1,\"parentId\":null,\"fields\":{\"1\":\"<p><strong>Who I&nbsp;Am:<\\/strong><\\/p>\\r\\n\\r\\n<p>Full-Stack Designer<\\/p>\\r\\n\\r\\n\\r\\n\\r\\n\\r\\n\\r\\n\\r\\n\\r\\n\\r\\n\\r\\n\\r\\n\\r\\n<p>Digital Design +&nbsp;Digital Technology<\\/p>\",\"14\":[\"47\"],\"33\":\"Oh hello there! I\'m pretty awesome.\",\"32\":[\"49\",\"23\"]}}', '2016-04-25 23:49:53', '2016-04-25 23:49:53', 'a7ef276e-8a1d-4056-8947-4281e6ffad93'),
 ('64', '24', '6', '1', 'en_us', '5', '', '{\"typeId\":null,\"authorId\":null,\"title\":\"Services\",\"slug\":\"services\",\"postDate\":1459041327,\"expiryDate\":null,\"enabled\":1,\"parentId\":null,\"fields\":{\"1\":\"<p>We are designers, engineers, and strategists. A team with a unique mix of skills knit together by our client-focused process, honed by decades of experience,&nbsp;that delivers&nbsp;real results, every time.<\\/p>\\r\\n\\r\\n<h2>My services<\\/h2>\\r\\n\\r\\n<p>List out my services here.<\\/p>\\r\\n\\r\\n<h2>My process<\\/h2>\\r\\n\\r\\n<p>How I&nbsp;do projects, why I am good.<\\/p>\",\"14\":[\"31\"],\"33\":\"We get people engaged in the work we create.\"}}', '2016-04-25 23:52:00', '2016-04-25 23:52:00', '12a76e48-c8b7-47df-bcf1-851bced4854e'),
 ('65', '16', '5', '1', 'en_us', '6', '', '{\"typeId\":null,\"authorId\":null,\"title\":\"About\",\"slug\":\"about\",\"postDate\":1459020963,\"expiryDate\":null,\"enabled\":1,\"parentId\":null,\"fields\":{\"1\":\"<p>Lorem ipsum dolor sit amet, consectetur adipiscing elit. Duis dignissim ornare quam, quis porta turpis imperdiet non. Duis id vestibulum mauris. Aliquam erat lacus, porttitor bibendum lobortis nec, elementum ut magna. Aliquam pretium vulputate orci sed tincidunt. Pellentesque lobortis non lectus eu feugiat. Praesent faucibus interdum est. Maecenas purus libero, efficitur at lacus nec, consectetur iaculis sapien. Nunc non lorem volutpat, blandit ipsum at, semper lorem. Nam vitae cursus eros. Cras a urna erat. Praesent consequat, nibh eget varius tincidunt, velit diam interdum neque, eu auctor est augue eu lorem. Morbi posuere a erat at pulvinar. Nam sit amet justo eget sapien fringilla imperdiet a a turpis. Aenean sollicitudin non magna ac consequat.<\\/p>\\r\\n\\r\\n<h3>Values<\\/h3>\",\"14\":[\"35\"],\"33\":\"Brand focused. Strategy driven. Design-led.\"}}', '2016-04-25 23:52:37', '2016-04-25 23:52:37', '34e27f55-e09b-4208-ac4d-d8f4d226a299'),
 ('66', '4', '3', '1', 'en_us', '6', '', '{\"typeId\":null,\"authorId\":null,\"title\":\"Contact\",\"slug\":\"contact\",\"postDate\":1459012262,\"expiryDate\":null,\"enabled\":1,\"parentId\":null,\"fields\":{\"1\":\"<p>Lorem ipsum dolor sit amet, consectetur adipiscing elit. Duis dignissim ornare quam, quis porta turpis imperdiet non. Duis id vestibulum mauris. Aliquam erat lacus, porttitor bibendum lobortis nec, elementum ut magna. Aliquam pretium vulputate orci sed tincidunt. Pellentesque lobortis non lectus eu feugiat. Praesent faucibus interdum est. Maecenas purus libero, efficitur at lacus nec, consectetur iaculis sapien. Nunc non lorem volutpat, blandit ipsum at, semper lorem. Nam vitae cursus eros. Cras a urna erat. Praesent consequat, nibh eget varius tincidunt, velit diam interdum neque, eu auctor est augue eu lorem. Morbi posuere a erat at pulvinar. Nam sit amet justo eget sapien fringilla imperdiet a a turpis. Aenean sollicitudin non magna ac consequat.<\\/p>\",\"14\":[\"35\"],\"33\":\"How can we help you?\"}}', '2016-04-25 23:54:36', '2016-04-25 23:54:36', 'b41de29a-faa6-4c0c-b076-c9e64eb7e467'),
 ('67', '23', '4', '1', 'en_us', '8', '', '{\"typeId\":\"4\",\"authorId\":\"1\",\"title\":\"Research Triangle Park\",\"slug\":\"research-triangle-park\",\"postDate\":1459038000,\"expiryDate\":null,\"enabled\":1,\"parentId\":null,\"fields\":{\"19\":\"Research Triangle Park\",\"14\":[\"38\"],\"33\":\"Elevating an eCommerce experience to the next level\",\"16\":\"<p>Redesign WCS.org using a new brand aesthetic and audience-focused structure to more effectively share mission and attract supporters.<\\/p>\",\"26\":{\"33\":{\"type\":\"projectImage\",\"enabled\":\"1\",\"fields\":{\"projectImageSrc\":[\"30\",\"31\",\"32\"]}}},\"18\":\"<p>A modern digital platform that tells a unique organizational story and inspires audience engagement, leading to 17% growth in end-of-year giving.<\\/p>\",\"17\":\"<p>Use the flexibility of the Rails CMS we developed to for WCS\\u2019s zoo facility sites to create customized pages that speak to and catalyze individual audiences through a bold new visual language.<\\/p>\",\"15\":\"<p><strong>120 years in the making.<\\/strong>&nbsp;Since 1895, the Wildlife Conservation Society (WCS) has worked to protect the world\\u2019s wildlife and wild places. Our partnership with WCS was entering its second year &mdash; following our creation of the groundbreaking 96 Elephants campaign and our redesign of their five zoo facility sites &mdash; when we turned our attention to WCS.org. To help WCS project their status as world-class conservation organization, we had already introduced a bold new brand approach to photography and design. The reimaging of WCS.org was the perfect opportunity to use this new aesthetic to showcase WCS\\u2019s global mission.<\\/p>\",\"2\":\"\"}}', '2016-04-25 23:58:57', '2016-04-25 23:58:57', '86411cf8-21fb-49e2-91f5-92451e21b25a'),
 ('69', '49', '4', '1', 'en_us', '4', '', '{\"typeId\":\"4\",\"authorId\":\"1\",\"title\":\"NC Government\",\"slug\":\"nc-government\",\"postDate\":1459012380,\"expiryDate\":null,\"enabled\":1,\"parentId\":null,\"fields\":{\"19\":\"NC Government\",\"14\":[\"38\"],\"33\":\"NC Government\",\"16\":\"<p>Connect with an audience DSG struggled to reach, and showcase women\\u2019s athletic clothing in a shippable and shareable format.<\\/p>\",\"26\":\"\",\"18\":\"<p>Users spent more than 6.3K total hours engaging with an interactive video lookbook that features custom photography, integrated share and shop features, and an empowering brand voice.<\\/p>\",\"17\":\"<p>Tell our audience\\u2019s story: Showcase the lives of women who personify both strength and femininity, and use athletic apparel as a key supporting character.<\\/p>\",\"15\":\"<p>Strong is the new skinny.&nbsp;This was the rallying cry behind the Women\\u2019s Fitness campaign we created for Dick\\u2019s Sporting Goods. DSG wanted to reach women who are serious about pushing their bodies, not to conform to society\\u2019s standards, but hit the goals they set for themselves. They want high-quality, on-trend, versatile clothing that meets both their athletic and aesthetic needs. We put DSG\\u2019s line of women\\u2019s apparel on their radar with a campaign that celebrates the lives of strong, beautiful women in a series of product-featuring storytelling vignettes.<\\/p>\",\"2\":[\"20\",\"21\",\"22\"]}}', '2016-04-25 23:59:14', '2016-04-25 23:59:14', 'ca5a40c0-42bd-4f10-932b-7911abe3a0fc'),
 ('70', '50', '4', '1', 'en_us', '4', '', '{\"typeId\":\"4\",\"authorId\":\"1\",\"title\":\"Sirchie\",\"slug\":\"sirchie\",\"postDate\":1459012380,\"expiryDate\":null,\"enabled\":1,\"parentId\":null,\"fields\":{\"19\":\"Sirchie\",\"14\":[\"38\"],\"33\":\"Sirchie\",\"16\":\"<p>Connect with an audience DSG struggled to reach, and showcase women\\u2019s athletic clothing in a shippable and shareable format.<\\/p>\",\"26\":\"\",\"18\":\"<p>Users spent more than 6.3K total hours engaging with an interactive video lookbook that features custom photography, integrated share and shop features, and an empowering brand voice.<\\/p>\",\"17\":\"<p>Tell our audience\\u2019s story: Showcase the lives of women who personify both strength and femininity, and use athletic apparel as a key supporting character.<\\/p>\",\"15\":\"<p>Strong is the new skinny.&nbsp;This was the rallying cry behind the Women\\u2019s Fitness campaign we created for Dick\\u2019s Sporting Goods. DSG wanted to reach women who are serious about pushing their bodies, not to conform to society\\u2019s standards, but hit the goals they set for themselves. They want high-quality, on-trend, versatile clothing that meets both their athletic and aesthetic needs. We put DSG\\u2019s line of women\\u2019s apparel on their radar with a campaign that celebrates the lives of strong, beautiful women in a series of product-featuring storytelling vignettes.<\\/p>\",\"2\":[\"20\",\"21\",\"22\"]}}', '2016-04-25 23:59:23', '2016-04-25 23:59:23', 'f0bc6fc5-033e-41b5-b479-1994f89ed2f8'),
 ('71', '51', '4', '1', 'en_us', '4', '', '{\"typeId\":\"4\",\"authorId\":\"1\",\"title\":\"Oracle\",\"slug\":\"oracle\",\"postDate\":1459012380,\"expiryDate\":null,\"enabled\":1,\"parentId\":null,\"fields\":{\"19\":\"Oracle\",\"14\":[\"38\"],\"33\":\"Oracle\",\"16\":\"<p>Connect with an audience DSG struggled to reach, and showcase women\\u2019s athletic clothing in a shippable and shareable format.<\\/p>\",\"26\":\"\",\"18\":\"<p>Users spent more than 6.3K total hours engaging with an interactive video lookbook that features custom photography, integrated share and shop features, and an empowering brand voice.<\\/p>\",\"17\":\"<p>Tell our audience\\u2019s story: Showcase the lives of women who personify both strength and femininity, and use athletic apparel as a key supporting character.<\\/p>\",\"15\":\"<p>Strong is the new skinny.&nbsp;This was the rallying cry behind the Women\\u2019s Fitness campaign we created for Dick\\u2019s Sporting Goods. DSG wanted to reach women who are serious about pushing their bodies, not to conform to society\\u2019s standards, but hit the goals they set for themselves. They want high-quality, on-trend, versatile clothing that meets both their athletic and aesthetic needs. We put DSG\\u2019s line of women\\u2019s apparel on their radar with a campaign that celebrates the lives of strong, beautiful women in a series of product-featuring storytelling vignettes.<\\/p>\",\"2\":[\"20\",\"21\",\"22\"]}}', '2016-04-25 23:59:31', '2016-04-25 23:59:31', '96dd412b-dfd8-43b6-bf39-5516e40d6c81'),
 ('72', '52', '4', '1', 'en_us', '4', '', '{\"typeId\":\"4\",\"authorId\":\"1\",\"title\":\"Bob Barker\",\"slug\":\"bob-barker\",\"postDate\":1459012380,\"expiryDate\":null,\"enabled\":1,\"parentId\":null,\"fields\":{\"19\":\"Bob Barker\",\"14\":[\"38\"],\"33\":\"Bob Barker\",\"16\":\"<p>Connect with an audience DSG struggled to reach, and showcase women\\u2019s athletic clothing in a shippable and shareable format.<\\/p>\",\"26\":\"\",\"18\":\"<p>Users spent more than 6.3K total hours engaging with an interactive video lookbook that features custom photography, integrated share and shop features, and an empowering brand voice.<\\/p>\",\"17\":\"<p>Tell our audience\\u2019s story: Showcase the lives of women who personify both strength and femininity, and use athletic apparel as a key supporting character.<\\/p>\",\"15\":\"<p>Strong is the new skinny.&nbsp;This was the rallying cry behind the Women\\u2019s Fitness campaign we created for Dick\\u2019s Sporting Goods. DSG wanted to reach women who are serious about pushing their bodies, not to conform to society\\u2019s standards, but hit the goals they set for themselves. They want high-quality, on-trend, versatile clothing that meets both their athletic and aesthetic needs. We put DSG\\u2019s line of women\\u2019s apparel on their radar with a campaign that celebrates the lives of strong, beautiful women in a series of product-featuring storytelling vignettes.<\\/p>\",\"2\":[\"20\",\"21\",\"22\"]}}', '2016-04-25 23:59:38', '2016-04-25 23:59:38', '11635dc6-207d-46a0-8ef2-d7c3de1adac2'),
 ('73', '53', '4', '1', 'en_us', '3', '', '{\"typeId\":\"4\",\"authorId\":\"1\",\"title\":\"Red Hat\",\"slug\":\"red-hat\",\"postDate\":1459012380,\"expiryDate\":null,\"enabled\":1,\"parentId\":null,\"fields\":{\"19\":\"Red Hat\",\"14\":[\"38\"],\"33\":\"Red Hat\",\"16\":\"<p>Connect with an audience DSG struggled to reach, and showcase women\\u2019s athletic clothing in a shippable and shareable format.<\\/p>\",\"26\":\"\",\"18\":\"<p>Users spent more than 6.3K total hours engaging with an interactive video lookbook that features custom photography, integrated share and shop features, and an empowering brand voice.<\\/p>\",\"17\":\"<p>Tell our audience\\u2019s story: Showcase the lives of women who personify both strength and femininity, and use athletic apparel as a key supporting character.<\\/p>\",\"15\":\"<p>Strong is the new skinny.&nbsp;This was the rallying cry behind the Women\\u2019s Fitness campaign we created for Dick\\u2019s Sporting Goods. DSG wanted to reach women who are serious about pushing their bodies, not to conform to society\\u2019s standards, but hit the goals they set for themselves. They want high-quality, on-trend, versatile clothing that meets both their athletic and aesthetic needs. We put DSG\\u2019s line of women\\u2019s apparel on their radar with a campaign that celebrates the lives of strong, beautiful women in a series of product-featuring storytelling vignettes.<\\/p>\",\"2\":[\"20\",\"21\",\"22\"]}}', '2016-04-25 23:59:44', '2016-04-25 23:59:44', '99887c8d-6570-4683-a751-7d4c341ce604'),
 ('74', '50', '4', '1', 'en_us', '5', '', '{\"typeId\":\"4\",\"authorId\":\"1\",\"title\":\"Sirchie\",\"slug\":\"sirchie\",\"postDate\":1459012380,\"expiryDate\":null,\"enabled\":1,\"parentId\":null,\"fields\":{\"19\":\"Sirchie\",\"14\":[\"38\"],\"33\":\"Sirchie\",\"16\":\"<p>Connect with an audience DSG struggled to reach, and showcase women\\u2019s athletic clothing in a shippable and shareable format.<\\/p>\",\"26\":{\"new1\":{\"type\":\"projectImage\",\"enabled\":\"1\",\"fields\":{\"projectImageSrc\":[\"85\"]}}},\"18\":\"<p>Users spent more than 6.3K total hours engaging with an interactive video lookbook that features custom photography, integrated share and shop features, and an empowering brand voice.<\\/p>\",\"17\":\"<p>Tell our audience\\u2019s story: Showcase the lives of women who personify both strength and femininity, and use athletic apparel as a key supporting character.<\\/p>\",\"15\":\"<p>Strong is the new skinny.&nbsp;This was the rallying cry behind the Women\\u2019s Fitness campaign we created for Dick\\u2019s Sporting Goods. DSG wanted to reach women who are serious about pushing their bodies, not to conform to society\\u2019s standards, but hit the goals they set for themselves. They want high-quality, on-trend, versatile clothing that meets both their athletic and aesthetic needs. We put DSG\\u2019s line of women\\u2019s apparel on their radar with a campaign that celebrates the lives of strong, beautiful women in a series of product-featuring storytelling vignettes.<\\/p>\",\"2\":[\"20\",\"21\",\"22\"]}}', '2016-05-01 20:44:19', '2016-05-01 20:44:19', 'c5680fe5-180d-4670-a8ea-e2acfe7bae7c'),
 ('75', '50', '4', '1', 'en_us', '6', '', '{\"typeId\":\"4\",\"authorId\":\"1\",\"title\":\"Sirchie\",\"slug\":\"sirchie\",\"postDate\":1459012380,\"expiryDate\":null,\"enabled\":1,\"parentId\":null,\"fields\":{\"19\":\"Sirchie\",\"14\":[\"38\"],\"33\":\"Sirchie\",\"16\":\"<p>Connect with an audience DSG struggled to reach, and showcase women\\u2019s athletic clothing in a shippable and shareable format.<\\/p>\",\"26\":{\"86\":{\"type\":\"projectImage\",\"enabled\":\"1\",\"fields\":{\"projectImageSrc\":[\"85\",\"87\"]}}},\"18\":\"<p>Users spent more than 6.3K total hours engaging with an interactive video lookbook that features custom photography, integrated share and shop features, and an empowering brand voice.<\\/p>\",\"17\":\"<p>Tell our audience\\u2019s story: Showcase the lives of women who personify both strength and femininity, and use athletic apparel as a key supporting character.<\\/p>\",\"15\":\"<p>Strong is the new skinny.&nbsp;This was the rallying cry behind the Women\\u2019s Fitness campaign we created for Dick\\u2019s Sporting Goods. DSG wanted to reach women who are serious about pushing their bodies, not to conform to society\\u2019s standards, but hit the goals they set for themselves. They want high-quality, on-trend, versatile clothing that meets both their athletic and aesthetic needs. We put DSG\\u2019s line of women\\u2019s apparel on their radar with a campaign that celebrates the lives of strong, beautiful women in a series of product-featuring storytelling vignettes.<\\/p>\",\"2\":[\"20\",\"21\",\"22\"]}}', '2016-05-01 20:48:32', '2016-05-01 20:48:32', '72bab53c-d9b9-4849-a280-337f875aa227'),
 ('76', '50', '4', '1', 'en_us', '7', '', '{\"typeId\":\"4\",\"authorId\":\"1\",\"title\":\"Sirchie\",\"slug\":\"sirchie\",\"postDate\":1459012380,\"expiryDate\":null,\"enabled\":1,\"parentId\":null,\"fields\":{\"19\":\"Sirchie\",\"14\":[\"88\"],\"33\":\"Sirchie\",\"16\":\"<p>Connect with an audience DSG struggled to reach, and showcase women\\u2019s athletic clothing in a shippable and shareable format.<\\/p>\",\"26\":{\"86\":{\"type\":\"projectImage\",\"enabled\":\"1\",\"fields\":{\"projectImageSrc\":[\"85\",\"87\"]}}},\"18\":\"<p>Users spent more than 6.3K total hours engaging with an interactive video lookbook that features custom photography, integrated share and shop features, and an empowering brand voice.<\\/p>\",\"17\":\"<p>Tell our audience\\u2019s story: Showcase the lives of women who personify both strength and femininity, and use athletic apparel as a key supporting character.<\\/p>\",\"15\":\"<p>Strong is the new skinny.&nbsp;This was the rallying cry behind the Women\\u2019s Fitness campaign we created for Dick\\u2019s Sporting Goods. DSG wanted to reach women who are serious about pushing their bodies, not to conform to society\\u2019s standards, but hit the goals they set for themselves. They want high-quality, on-trend, versatile clothing that meets both their athletic and aesthetic needs. We put DSG\\u2019s line of women\\u2019s apparel on their radar with a campaign that celebrates the lives of strong, beautiful women in a series of product-featuring storytelling vignettes.<\\/p>\",\"2\":[\"20\",\"21\",\"22\"]}}', '2016-05-01 20:54:16', '2016-05-01 20:54:16', '0949c401-9f9b-43cf-bd82-5ab8d347665a'),
 ('77', '50', '4', '1', 'en_us', '8', '', '{\"typeId\":\"4\",\"authorId\":\"1\",\"title\":\"Sirchie\",\"slug\":\"sirchie\",\"postDate\":1459012380,\"expiryDate\":null,\"enabled\":1,\"parentId\":null,\"fields\":{\"19\":\"Sirchie\",\"14\":[\"88\"],\"33\":\"Elevating an e-Commerce experience for crime scene investigators\",\"16\":\"<p>Connect with an audience DSG struggled to reach, and showcase women\\u2019s athletic clothing in a shippable and shareable format.<\\/p>\",\"26\":{\"86\":{\"type\":\"projectImage\",\"enabled\":\"1\",\"fields\":{\"projectImageSrc\":[\"85\",\"87\"]}}},\"18\":\"<p>Users spent more than 6.3K total hours engaging with an interactive video lookbook that features custom photography, integrated share and shop features, and an empowering brand voice.<\\/p>\",\"17\":\"<p>Tell our audience\\u2019s story: Showcase the lives of women who personify both strength and femininity, and use athletic apparel as a key supporting character.<\\/p>\",\"15\":\"<p>Strong is the new skinny.&nbsp;This was the rallying cry behind the Women\\u2019s Fitness campaign we created for Dick\\u2019s Sporting Goods. DSG wanted to reach women who are serious about pushing their bodies, not to conform to society\\u2019s standards, but hit the goals they set for themselves. They want high-quality, on-trend, versatile clothing that meets both their athletic and aesthetic needs. We put DSG\\u2019s line of women\\u2019s apparel on their radar with a campaign that celebrates the lives of strong, beautiful women in a series of product-featuring storytelling vignettes.<\\/p>\",\"2\":[\"20\",\"21\",\"22\"]}}', '2016-05-01 21:02:59', '2016-05-01 21:02:59', '6630355f-1173-4309-9630-910d87084765'),
 ('78', '50', '4', '1', 'en_us', '9', '', '{\"typeId\":\"4\",\"authorId\":\"1\",\"title\":\"Sirchie\",\"slug\":\"sirchie\",\"postDate\":1459012380,\"expiryDate\":null,\"enabled\":1,\"parentId\":null,\"fields\":{\"19\":\"Sirchie\",\"14\":[\"88\"],\"33\":\"Elevating an e-Commerce experience for crime scene investigators\",\"16\":\"<p>Connect with an audience DSG struggled to reach, and showcase women\\u2019s athletic clothing in a shippable and shareable format.<\\/p>\",\"26\":{\"86\":{\"type\":\"projectImage\",\"enabled\":\"1\",\"fields\":{\"projectImageSrc\":[\"85\",\"87\",\"90\"]}}},\"18\":\"<p>Users spent more than 6.3K total hours engaging with an interactive video lookbook that features custom photography, integrated share and shop features, and an empowering brand voice.<\\/p>\",\"17\":\"<p>Tell our audience\\u2019s story: Showcase the lives of women who personify both strength and femininity, and use athletic apparel as a key supporting character.<\\/p>\",\"15\":\"<p>Strong is the new skinny.&nbsp;This was the rallying cry behind the Women\\u2019s Fitness campaign we created for Dick\\u2019s Sporting Goods. DSG wanted to reach women who are serious about pushing their bodies, not to conform to society\\u2019s standards, but hit the goals they set for themselves. They want high-quality, on-trend, versatile clothing that meets both their athletic and aesthetic needs. We put DSG\\u2019s line of women\\u2019s apparel on their radar with a campaign that celebrates the lives of strong, beautiful women in a series of product-featuring storytelling vignettes.<\\/p>\",\"2\":[\"20\",\"21\",\"22\"]}}', '2016-05-01 21:06:55', '2016-05-01 21:06:55', '55e95dab-072a-41ac-a0c7-52ed2e86008e'),
 ('79', '16', '5', '1', 'en_us', '7', '', '{\"typeId\":null,\"authorId\":null,\"title\":\"My Story\",\"slug\":\"about\",\"postDate\":1459020963,\"expiryDate\":null,\"enabled\":1,\"parentId\":null,\"fields\":{\"1\":\"<p>Lorem ipsum dolor sit amet, consectetur adipiscing elit. Duis dignissim ornare quam, quis porta turpis imperdiet non. Duis id vestibulum mauris. Aliquam erat lacus, porttitor bibendum lobortis nec, elementum ut magna. Aliquam pretium vulputate orci sed tincidunt. Pellentesque lobortis non lectus eu feugiat. Praesent faucibus interdum est. Maecenas purus libero, efficitur at lacus nec, consectetur iaculis sapien. Nunc non lorem volutpat, blandit ipsum at, semper lorem. Nam vitae cursus eros. Cras a urna erat. Praesent consequat, nibh eget varius tincidunt, velit diam interdum neque, eu auctor est augue eu lorem. Morbi posuere a erat at pulvinar. Nam sit amet justo eget sapien fringilla imperdiet a a turpis. Aenean sollicitudin non magna ac consequat.<\\/p>\\r\\n\\r\\n<h3>Values<\\/h3>\",\"14\":[\"35\"],\"33\":\"Brand focused. Strategy driven. Design-led.\"}}', '2016-05-09 20:44:45', '2016-05-09 20:44:45', 'd2c06205-e21b-4298-abe0-d3f229c2cf8d'),
 ('80', '2', '1', '1', 'en_us', '18', '', '{\"typeId\":null,\"authorId\":null,\"title\":\"Home\",\"slug\":\"homepage\",\"postDate\":1459007741,\"expiryDate\":null,\"enabled\":1,\"parentId\":null,\"fields\":{\"1\":\"<p><strong>Who I&nbsp;Am:<\\/strong><\\/p>\\r\\n\\r\\n<p>Full-Stack Designer<\\/p>\\r\\n\\r\\n\\r\\n\\r\\n\\r\\n\\r\\n\\r\\n\\r\\n\\r\\n\\r\\n\\r\\n\\r\\n\\r\\n\\r\\n<p>Digital Design +&nbsp;Digital Technology<\\/p>\",\"14\":[\"47\"],\"33\":\"Enriching Brands Through Handcrafted Digital Experiences\",\"32\":[\"49\",\"23\"]}}', '2016-05-30 02:20:37', '2016-05-30 02:20:37', '5b8035a2-7915-47de-bc01-2ff6d1784644'),
 ('81', '2', '1', '1', 'en_us', '19', '', '{\"typeId\":null,\"authorId\":null,\"title\":\"Home\",\"slug\":\"homepage\",\"postDate\":1459007741,\"expiryDate\":null,\"enabled\":1,\"parentId\":null,\"fields\":{\"1\":\"<p><strong>Who I&nbsp;Am:<\\/strong><\\/p>\\r\\n\\r\\n<p>Full-Stack Designer<\\/p>\\r\\n\\r\\n\\r\\n\\r\\n\\r\\n\\r\\n\\r\\n\\r\\n\\r\\n\\r\\n\\r\\n\\r\\n\\r\\n\\r\\n\\r\\n\\r\\n<p>Digital Design +&nbsp;Digital Technology<\\/p>\",\"14\":[\"47\"],\"33\":\"Enriching brands through handcrafted digital experiences\",\"32\":[\"49\",\"23\"]}}', '2016-05-30 02:21:11', '2016-05-30 02:21:11', '5a35a4b1-e421-490a-9b30-18d349295d42'),
 ('82', '24', '6', '1', 'en_us', '6', '', '{\"typeId\":null,\"authorId\":null,\"title\":\"Services\",\"slug\":\"services\",\"postDate\":1459041327,\"expiryDate\":null,\"enabled\":1,\"parentId\":null,\"fields\":{\"1\":\"<p><br><\\/p>\",\"14\":[\"31\"],\"33\":\"We get people engaged in the work we create.\"}}', '2016-05-30 17:13:19', '2016-05-30 17:13:19', '41d7f230-b217-460c-9afe-ddf505d6cadb'),
 ('83', '24', '6', '1', 'en_us', '7', '', '{\"typeId\":null,\"authorId\":null,\"title\":\"Services\",\"slug\":\"services\",\"postDate\":1459041327,\"expiryDate\":null,\"enabled\":1,\"parentId\":null,\"fields\":{\"1\":\"\",\"14\":[\"31\"],\"34\":\"Our passion for design goes beyond beautiful imagery and into the mind of the consumer, where we believe good design should solve problems and position a brand so it stands out as well as stands for something.\",\"33\":\"We get people engaged in the work we create.\"}}', '2016-06-02 11:28:28', '2016-06-02 11:28:28', '833e1039-4c7b-4017-b514-b320f99091d0'),
 ('84', '3', '2', '1', 'en_us', '7', '', '{\"typeId\":\"2\",\"authorId\":\"1\",\"title\":\"We just installed Craft!\",\"slug\":\"i-changed-url\",\"postDate\":1459007700,\"expiryDate\":null,\"enabled\":1,\"parentId\":null,\"fields\":{\"1\":\"<p>Craft is the CMS that\\u2019s powering Localhost. It\\u2019s beautiful, powerful, flexible, and easy-to-use, and it\\u2019s made by Pixel & Tonic. We can\\u2019t wait to dive in and see what it\\u2019s capable of!<br><\\/p>\\r\\n\\r\\n<p>This is even more captivating content, which you couldn\\u2019t see on the News index page because it was entered after a Page Break, and the News index template only likes to show the content on the first page.<\\/p>\\r\\n<p>Craft: a nice alternative to Word, if you\\u2019re making a website.<\\/p>\",\"14\":[\"18\"],\"2\":\"\"}}', '2016-06-02 11:49:11', '2016-06-02 11:49:11', 'ecf26582-fde6-47cf-8875-995ed5411b09'),
 ('85', '2', '1', '1', 'en_us', '20', '', '{\"typeId\":null,\"authorId\":null,\"title\":\"Home\",\"slug\":\"homepage\",\"postDate\":1459007741,\"expiryDate\":null,\"enabled\":1,\"parentId\":null,\"fields\":{\"1\":\"<p><strong>Who I&nbsp;Am:<\\/strong><\\/p>\\r\\n\\r\\n<p>Full-Stack Designer<\\/p>\\r\\n\\r\\n\\r\\n\\r\\n\\r\\n\\r\\n\\r\\n\\r\\n\\r\\n\\r\\n\\r\\n\\r\\n\\r\\n\\r\\n\\r\\n\\r\\n\\r\\n\\r\\n<p>Digital Design +&nbsp;Digital Technology<\\/p>\",\"14\":[\"47\"],\"34\":\"Enriching brands through handcrafted digital experiences\",\"33\":\"Digital Mastermind\",\"32\":[\"49\",\"23\"]}}', '2016-06-02 22:12:41', '2016-06-02 22:12:41', '2b22ac32-e760-4742-999b-52aa49833a6e'),
 ('86', '23', '4', '1', 'en_us', '9', '', '{\"typeId\":\"4\",\"authorId\":\"1\",\"title\":\"Research Triangle Park\",\"slug\":\"research-triangle-park\",\"postDate\":1459038000,\"expiryDate\":null,\"enabled\":1,\"parentId\":null,\"fields\":{\"19\":\"Research Triangle Park\",\"14\":[\"25\"],\"34\":\"\",\"33\":\"Elevating an eCommerce experience to the next level\",\"16\":\"<p>Redesign WCS.org using a new brand aesthetic and audience-focused structure to more effectively share mission and attract supporters.<\\/p>\",\"26\":{\"33\":{\"type\":\"projectImage\",\"enabled\":\"1\",\"fields\":{\"projectImageSrc\":[\"30\",\"31\",\"32\"]}}},\"18\":\"<p>A modern digital platform that tells a unique organizational story and inspires audience engagement, leading to 17% growth in end-of-year giving.<\\/p>\",\"17\":\"<p>Use the flexibility of the Rails CMS we developed to for WCS\\u2019s zoo facility sites to create customized pages that speak to and catalyze individual audiences through a bold new visual language.<\\/p>\",\"15\":\"<p><strong>120 years in the making.<\\/strong>&nbsp;Since 1895, the Wildlife Conservation Society (WCS) has worked to protect the world\\u2019s wildlife and wild places. Our partnership with WCS was entering its second year &mdash; following our creation of the groundbreaking 96 Elephants campaign and our redesign of their five zoo facility sites &mdash; when we turned our attention to WCS.org. To help WCS project their status as world-class conservation organization, we had already introduced a bold new brand approach to photography and design. The reimaging of WCS.org was the perfect opportunity to use this new aesthetic to showcase WCS\\u2019s global mission.<\\/p>\",\"2\":\"\"}}', '2016-06-03 10:59:41', '2016-06-03 10:59:41', '543f605b-5012-452d-9641-8d60fccd5654'),
 ('87', '51', '4', '1', 'en_us', '5', '', '{\"typeId\":\"4\",\"authorId\":\"1\",\"title\":\"Oracle\",\"slug\":\"oracle\",\"postDate\":1459012380,\"expiryDate\":null,\"enabled\":1,\"parentId\":null,\"fields\":{\"19\":\"Oracle\",\"14\":[\"34\"],\"34\":\"\",\"33\":\"Oracle\",\"16\":\"<p>Connect with an audience DSG struggled to reach, and showcase women\\u2019s athletic clothing in a shippable and shareable format.<\\/p>\",\"26\":\"\",\"18\":\"<p>Users spent more than 6.3K total hours engaging with an interactive video lookbook that features custom photography, integrated share and shop features, and an empowering brand voice.<\\/p>\",\"17\":\"<p>Tell our audience\\u2019s story: Showcase the lives of women who personify both strength and femininity, and use athletic apparel as a key supporting character.<\\/p>\",\"15\":\"<p>Strong is the new skinny.&nbsp;This was the rallying cry behind the Women\\u2019s Fitness campaign we created for Dick\\u2019s Sporting Goods. DSG wanted to reach women who are serious about pushing their bodies, not to conform to society\\u2019s standards, but hit the goals they set for themselves. They want high-quality, on-trend, versatile clothing that meets both their athletic and aesthetic needs. We put DSG\\u2019s line of women\\u2019s apparel on their radar with a campaign that celebrates the lives of strong, beautiful women in a series of product-featuring storytelling vignettes.<\\/p>\",\"2\":[\"20\",\"21\",\"22\"]}}', '2016-06-03 11:00:17', '2016-06-03 11:00:17', '3949a257-07e5-44dc-a58d-dc3a8fd0f8b7'),
 ('88', '52', '4', '1', 'en_us', '5', '', '{\"typeId\":\"4\",\"authorId\":\"1\",\"title\":\"Bob Barker\",\"slug\":\"bob-barker\",\"postDate\":1459012380,\"expiryDate\":null,\"enabled\":1,\"parentId\":null,\"fields\":{\"19\":\"Bob Barker\",\"14\":[\"31\"],\"34\":\"\",\"33\":\"Bob Barker\",\"16\":\"<p>Connect with an audience DSG struggled to reach, and showcase women\\u2019s athletic clothing in a shippable and shareable format.<\\/p>\",\"26\":\"\",\"18\":\"<p>Users spent more than 6.3K total hours engaging with an interactive video lookbook that features custom photography, integrated share and shop features, and an empowering brand voice.<\\/p>\",\"17\":\"<p>Tell our audience\\u2019s story: Showcase the lives of women who personify both strength and femininity, and use athletic apparel as a key supporting character.<\\/p>\",\"15\":\"<p>Strong is the new skinny.&nbsp;This was the rallying cry behind the Women\\u2019s Fitness campaign we created for Dick\\u2019s Sporting Goods. DSG wanted to reach women who are serious about pushing their bodies, not to conform to society\\u2019s standards, but hit the goals they set for themselves. They want high-quality, on-trend, versatile clothing that meets both their athletic and aesthetic needs. We put DSG\\u2019s line of women\\u2019s apparel on their radar with a campaign that celebrates the lives of strong, beautiful women in a series of product-featuring storytelling vignettes.<\\/p>\",\"2\":[\"20\",\"21\",\"22\"]}}', '2016-06-03 11:00:48', '2016-06-03 11:00:48', 'c5394016-a3b8-4294-9247-51b7ed7794e7'),
 ('89', '53', '4', '1', 'en_us', '4', '', '{\"typeId\":\"4\",\"authorId\":\"1\",\"title\":\"Red Hat\",\"slug\":\"red-hat\",\"postDate\":1459012380,\"expiryDate\":null,\"enabled\":1,\"parentId\":null,\"fields\":{\"19\":\"Red Hat\",\"14\":[\"47\"],\"34\":\"\",\"33\":\"Red Hat\",\"16\":\"<p>Connect with an audience DSG struggled to reach, and showcase women\\u2019s athletic clothing in a shippable and shareable format.<\\/p>\",\"26\":\"\",\"18\":\"<p>Users spent more than 6.3K total hours engaging with an interactive video lookbook that features custom photography, integrated share and shop features, and an empowering brand voice.<\\/p>\",\"17\":\"<p>Tell our audience\\u2019s story: Showcase the lives of women who personify both strength and femininity, and use athletic apparel as a key supporting character.<\\/p>\",\"15\":\"<p>Strong is the new skinny.&nbsp;This was the rallying cry behind the Women\\u2019s Fitness campaign we created for Dick\\u2019s Sporting Goods. DSG wanted to reach women who are serious about pushing their bodies, not to conform to society\\u2019s standards, but hit the goals they set for themselves. They want high-quality, on-trend, versatile clothing that meets both their athletic and aesthetic needs. We put DSG\\u2019s line of women\\u2019s apparel on their radar with a campaign that celebrates the lives of strong, beautiful women in a series of product-featuring storytelling vignettes.<\\/p>\",\"2\":[\"20\",\"21\",\"22\"]}}', '2016-06-03 11:01:15', '2016-06-03 11:01:15', 'e3fc29c8-c704-4ded-9bc5-b8ba635954a9'),
 ('90', '16', '5', '1', 'en_us', '8', '', '{\"typeId\":\"5\",\"authorId\":null,\"title\":\"My Story\",\"slug\":\"about\",\"postDate\":1462826941,\"expiryDate\":null,\"enabled\":1,\"parentId\":null,\"fields\":{\"1\":\"<p>Lorem ipsum dolor sit amet, consectetur adipiscing elit. Duis dignissim ornare quam, quis porta turpis imperdiet non. Duis id vestibulum mauris. Aliquam erat lacus, porttitor bibendum lobortis nec, elementum ut magna. Aliquam pretium vulputate orci sed tincidunt. Pellentesque lobortis non lectus eu feugiat. Praesent faucibus interdum est. Maecenas purus libero, efficitur at lacus nec, consectetur iaculis sapien. Nunc non lorem volutpat, blandit ipsum at, semper lorem. Nam vitae cursus eros. Cras a urna erat. Praesent consequat, nibh eget varius tincidunt, velit diam interdum neque, eu auctor est augue eu lorem. Morbi posuere a erat at pulvinar. Nam sit amet justo eget sapien fringilla imperdiet a a turpis. Aenean sollicitudin non magna ac consequat.<\\/p>\\r\\n\\r\\n<h3>Values<\\/h3>\",\"36\":\"\",\"35\":[\"4\"],\"28\":\"<h1>Want to work with me?<\\/h1><p>I\'m pretty awesome. I&nbsp;promise. Let\'s start a project together.<\\/p>\",\"14\":[\"35\"],\"34\":\"\",\"33\":\"Brand focused. Strategy driven. Design-led.\"}}', '2016-06-04 22:10:30', '2016-06-04 22:10:30', '58f434f7-8d46-4178-a9dd-e583b29b81e0'),
 ('91', '16', '5', '1', 'en_us', '9', '', '{\"typeId\":\"5\",\"authorId\":null,\"title\":\"My Story\",\"slug\":\"about\",\"postDate\":1462826941,\"expiryDate\":null,\"enabled\":1,\"parentId\":null,\"fields\":{\"1\":\"<p>Lorem ipsum dolor sit amet, consectetur adipiscing elit. Duis dignissim ornare quam, quis porta turpis imperdiet non. Duis id vestibulum mauris. Aliquam erat lacus, porttitor bibendum lobortis nec, elementum ut magna. Aliquam pretium vulputate orci sed tincidunt. Pellentesque lobortis non lectus eu feugiat. Praesent faucibus interdum est. Maecenas purus libero, efficitur at lacus nec, consectetur iaculis sapien. Nunc non lorem volutpat, blandit ipsum at, semper lorem. Nam vitae cursus eros. Cras a urna erat. Praesent consequat, nibh eget varius tincidunt, velit diam interdum neque, eu auctor est augue eu lorem. Morbi posuere a erat at pulvinar. Nam sit amet justo eget sapien fringilla imperdiet a a turpis. Aenean sollicitudin non magna ac consequat.<\\/p>\\r\\n\\r\\n<h3>Values<\\/h3>\",\"36\":\"\\/work\",\"35\":[\"4\"],\"28\":\"<h1>Want to work with me?<\\/h1>\\r\\n\\r\\n<p>I\'m pretty awesome. I&nbsp;promise. Let\'s start a project together.<\\/p>\",\"14\":[\"35\"],\"34\":\"\",\"33\":\"Brand focused. Strategy driven. Design-led.\"}}', '2016-06-04 22:22:32', '2016-06-04 22:22:32', '31622ca2-3521-4fc5-a024-31d93809bed1'),
 ('92', '16', '5', '1', 'en_us', '10', '', '{\"typeId\":\"5\",\"authorId\":null,\"title\":\"My Story\",\"slug\":\"about\",\"postDate\":1462826941,\"expiryDate\":null,\"enabled\":1,\"parentId\":null,\"fields\":{\"1\":\"<p>Lorem ipsum dolor sit amet, consectetur adipiscing elit. Duis dignissim ornare quam, quis porta turpis imperdiet non. Duis id vestibulum mauris. Aliquam erat lacus, porttitor bibendum lobortis nec, elementum ut magna. Aliquam pretium vulputate orci sed tincidunt. Pellentesque lobortis non lectus eu feugiat. Praesent faucibus interdum est. Maecenas purus libero, efficitur at lacus nec, consectetur iaculis sapien. Nunc non lorem volutpat, blandit ipsum at, semper lorem. Nam vitae cursus eros. Cras a urna erat. Praesent consequat, nibh eget varius tincidunt, velit diam interdum neque, eu auctor est augue eu lorem. Morbi posuere a erat at pulvinar. Nam sit amet justo eget sapien fringilla imperdiet a a turpis. Aenean sollicitudin non magna ac consequat.<\\/p>\\r\\n\\r\\n<h3>Values<\\/h3>\",\"36\":\"\",\"35\":[\"4\"],\"28\":\"<h1>Want to work with me?<\\/h1>\\r\\n\\r\\n<p>I\'m pretty awesome. I&nbsp;promise. Let\'s start a project together.<\\/p>\",\"14\":[\"35\"],\"34\":\"\",\"33\":\"Brand focused. Strategy driven. Design-led.\"}}', '2016-06-04 22:22:51', '2016-06-04 22:22:51', '65ba7af0-4ef7-4a36-9746-be0f5d4a9124'),
 ('93', '3', '2', '1', 'en_us', '8', '', '{\"typeId\":\"2\",\"authorId\":\"1\",\"title\":\"We just installed Craft!\",\"slug\":\"i-changed-url\",\"postDate\":1459007700,\"expiryDate\":null,\"enabled\":1,\"parentId\":null,\"fields\":{\"1\":\"<p>Craft is the CMS that\\u2019s powering Localhost. It\\u2019s beautiful, powerful, flexible, and easy-to-use, and it\\u2019s made by Pixel & Tonic. We can\\u2019t wait to dive in and see what it\\u2019s capable of!<br><\\/p>\\r\\n\\r\\n<p>This is even more captivating content, which you couldn\\u2019t see on the News index page because it was entered after a Page Break, and the News index template only likes to show the content on the first page.<\\/p>\\r\\n\\r\\n\\r\\n\\r\\n<p>Craft: a nice alternative to Word, if you\\u2019re making a website.<\\/p>\",\"14\":\"\",\"2\":\"\"}}', '2016-06-09 21:48:18', '2016-06-09 21:48:18', '7e087661-22f2-44d5-85d5-ea8700bad7ad'),
 ('94', '97', '2', '1', 'en_us', '1', '', '{\"typeId\":null,\"authorId\":\"1\",\"title\":\"Sample article\",\"slug\":\"sample-article\",\"postDate\":1465515933,\"expiryDate\":null,\"enabled\":1,\"parentId\":null,\"fields\":{\"1\":\"<p>Lorem ipsum dolor sit amet, consectetur adipiscing elit. Fusce et felis non est vehicula sagittis. Integer vel ornare elit. Suspendisse cursus vel elit sollicitudin imperdiet. Maecenas at sodales mauris, eget feugiat tellus. Suspendisse ac ornare ante, vel auctor augue. Praesent metus tellus, semper sit amet aliquet at, molestie laoreet dui. Etiam tristique iaculis ante vel aliquam. Maecenas tristique eros a justo blandit malesuada.<\\/p>\\r\\n\\r\\n<p>Phasellus in odio vel quam eleifend imperdiet. Morbi id lacus condimentum, dignissim dolor eget, volutpat leo. Mauris tortor felis, ultricies id posuere sed, efficitur vel massa. Nulla faucibus mi in auctor sodales. Donec vitae libero vitae mi rhoncus consequat et vel arcu. Fusce porttitor risus sem. Sed consequat dui quis viverra pellentesque. Nulla sit amet quam quam. Donec mollis velit et iaculis convallis. Duis eu porttitor felis. Mauris ac augue nec felis accumsan dapibus. Proin tristique semper arcu quis elementum. Donec egestas tortor placerat, cursus metus vitae, euismod urna. Nullam nec venenatis libero, vel congue dolor. Duis vestibulum nec dolor et efficitur. Nunc aliquam convallis lorem nec dapibus.<\\/p>\\r\\n\\r\\n<p>Fusce vitae ligula ut dolor venenatis dapibus. Duis id aliquet urna. Class aptent taciti sociosqu ad litora torquent per conubia nostra, per inceptos himenaeos. In interdum mi sit amet libero congue, id fringilla libero rutrum. Cras at ante sagittis, volutpat ligula eu, laoreet nisi. Curabitur vitae pharetra dui. Vivamus laoreet ligula lacus, sit amet commodo ligula malesuada vel. Maecenas dignissim nibh vel velit ullamcorper ultricies. Donec pulvinar enim eu convallis consectetur. Quisque posuere purus id nulla iaculis, et suscipit quam hendrerit. Phasellus varius risus eget turpis semper ornare. Phasellus porttitor tortor ut bibendum vestibulum. Suspendisse viverra eros erat, ac pharetra lacus efficitur nec. In pulvinar pretium semper. Donec eget odio sed risus aliquet convallis. Vivamus vel facilisis velit.<\\/p>\\r\\n\\r\\n<p>Etiam vel sodales ipsum. Proin mollis et arcu sed blandit. Maecenas congue pretium ipsum ut eleifend. Phasellus diam arcu, vehicula in eros at, gravida tempor est. Maecenas id diam sit amet lectus mattis volutpat. Etiam vitae nunc malesuada, mollis lacus eget, vehicula urna. Proin sapien dolor, varius ut ante eget, tempus accumsan ligula. Sed vitae diam nec metus lacinia luctus a vitae quam. Nullam felis nisl, aliquam ut dolor nec, feugiat molestie elit. Duis luctus fringilla neque sit amet posuere. Sed iaculis vestibulum placerat. Vivamus fermentum, erat quis dapibus dapibus, turpis ante tempor tellus, vitae malesuada metus felis id sapien. Duis odio risus, pretium sit amet justo sit amet, aliquam viverra nulla. Phasellus ut ipsum ullamcorper, pulvinar elit at, aliquet ipsum. Donec rhoncus libero turpis.<\\/p>\\r\\n\\r\\n<p>Quisque pharetra urna iaculis dui aliquam consectetur. Aenean porta justo non eleifend ullamcorper. Vestibulum mattis quam nisi, in dignissim sapien volutpat at. Nullam convallis sodales odio vitae bibendum. Pellentesque ex nisi, aliquet venenatis libero at, feugiat porta lectus. Suspendisse tincidunt mi sed tellus accumsan vulputate. In maximus pulvinar nisi, eu efficitur felis venenatis nec. Cras a accumsan metus. Nunc sollicitudin arcu ac dolor sagittis, sed consectetur arcu porttitor.<\\/p>\",\"14\":\"\",\"2\":\"\"}}', '2016-06-09 23:45:33', '2016-06-09 23:45:33', '491aa495-07b1-4d10-9fd8-9adedd4b3af8'),
 ('95', '97', '2', '1', 'en_us', '2', '', '{\"typeId\":\"2\",\"authorId\":\"1\",\"title\":\"Sample article\",\"slug\":\"sample-article\",\"postDate\":1465515900,\"expiryDate\":null,\"enabled\":1,\"parentId\":null,\"fields\":{\"1\":\"<h2>Lorem ipsum dolor sit amet<\\/h2>\\r\\n\\r\\n<p>Lorem ipsum dolor sit amet, consectetur adipiscing elit. Fusce et felis non est vehicula sagittis. Integer vel ornare elit. Suspendisse cursus vel elit sollicitudin imperdiet. Maecenas at sodales mauris, eget feugiat tellus. Suspendisse ac ornare ante, vel auctor augue. Praesent metus tellus, semper sit amet aliquet at, molestie laoreet dui. Etiam tristique iaculis ante vel aliquam. Maecenas tristique eros a justo blandit malesuada.<\\/p>\\r\\n\\r\\n\\r\\n\\r\\n<p>Phasellus in odio vel quam eleifend imperdiet. Morbi id lacus condimentum, dignissim dolor eget, volutpat leo. Mauris tortor felis, ultricies id posuere sed, efficitur vel massa. Nulla faucibus mi in auctor sodales. Donec vitae libero vitae mi rhoncus consequat et vel arcu. Fusce porttitor risus sem. Sed consequat dui quis viverra pellentesque. Nulla sit amet quam quam. Donec mollis velit et iaculis convallis. Duis eu porttitor felis. Mauris ac augue nec felis accumsan dapibus. Proin tristique semper arcu quis elementum. Donec egestas tortor placerat, cursus metus vitae, euismod urna. Nullam nec venenatis libero, vel congue dolor. Duis vestibulum nec dolor et efficitur. Nunc aliquam convallis lorem nec dapibus.<\\/p>\\r\\n\\r\\n\\r\\n\\r\\n\\r\\n\\r\\n<p>Fusce vitae ligula ut dolor venenatis dapibus. Duis id aliquet urna. Class aptent taciti sociosqu ad litora torquent per conubia nostra, per inceptos himenaeos. In interdum mi sit amet libero congue, id fringilla libero rutrum. Cras at ante sagittis, volutpat ligula eu, laoreet nisi. Curabitur vitae pharetra dui. Vivamus laoreet ligula lacus, sit amet commodo ligula malesuada vel. Maecenas dignissim nibh vel velit ullamcorper ultricies. Donec pulvinar enim eu convallis consectetur. Quisque posuere purus id nulla iaculis, et suscipit quam hendrerit. Phasellus varius risus eget turpis semper ornare. Phasellus porttitor tortor ut bibendum vestibulum. Suspendisse viverra eros erat, ac pharetra lacus efficitur nec. In pulvinar pretium semper. Donec eget odio sed risus aliquet convallis. Vivamus vel facilisis velit.<\\/p>\\r\\n\\r\\n\\r\\n\\r\\n\\r\\n\\r\\n<p>Etiam vel sodales ipsum. Proin mollis et arcu sed blandit. Maecenas congue pretium ipsum ut eleifend. Phasellus diam arcu, vehicula in eros at, gravida tempor est. Maecenas id diam sit amet lectus mattis volutpat. Etiam vitae nunc malesuada, mollis lacus eget, vehicula urna. Proin sapien dolor, varius ut ante eget, tempus accumsan ligula. Sed vitae diam nec metus lacinia luctus a vitae quam. Nullam felis nisl, aliquam ut dolor nec, feugiat molestie elit. Duis luctus fringilla neque sit amet posuere. Sed iaculis vestibulum placerat. Vivamus fermentum, erat quis dapibus dapibus, turpis ante tempor tellus, vitae malesuada metus felis id sapien. Duis odio risus, pretium sit amet justo sit amet, aliquam viverra nulla. Phasellus ut ipsum ullamcorper, pulvinar elit at, aliquet ipsum. Donec rhoncus libero turpis.<\\/p>\\r\\n\\r\\n\\r\\n\\r\\n\\r\\n\\r\\n<p>Quisque pharetra urna iaculis dui aliquam consectetur. Aenean porta justo non eleifend ullamcorper. Vestibulum mattis quam nisi, in dignissim sapien volutpat at. Nullam convallis sodales odio vitae bibendum. Pellentesque ex nisi, aliquet venenatis libero at, feugiat porta lectus. Suspendisse tincidunt mi sed tellus accumsan vulputate. In maximus pulvinar nisi, eu efficitur felis venenatis nec. Cras a accumsan metus. Nunc sollicitudin arcu ac dolor sagittis, sed consectetur arcu porttitor.<\\/p>\",\"14\":\"\",\"2\":\"\"}}', '2016-06-19 01:41:59', '2016-06-19 01:41:59', 'e006d224-012a-4313-a939-7e1428feac56'),
 ('96', '97', '2', '1', 'en_us', '3', '', '{\"typeId\":\"2\",\"authorId\":\"1\",\"title\":\"Sample article\",\"slug\":\"sample-article\",\"postDate\":1465515900,\"expiryDate\":null,\"enabled\":1,\"parentId\":null,\"fields\":{\"1\":\"<h2>Lorem ipsum dolor sit amet<\\/h2>\\r\\n\\r\\n<p>Lorem ipsum dolor sit amet, consectetur adipiscing elit. Fusce et felis non est vehicula sagittis. Integer vel ornare elit. Suspendisse cursus vel elit sollicitudin imperdiet. Maecenas at sodales mauris, eget feugiat tellus. Suspendisse ac ornare ante, vel auctor augue. Praesent metus tellus, semper sit amet aliquet at, molestie laoreet dui. Etiam tristique iaculis ante vel aliquam. Maecenas tristique eros a justo blandit malesuada.<\\/p>\\r\\n\\r\\n\\r\\n\\r\\n\\r\\n\\r\\n<h3>Phasellus in odio vel quam<\\/h3><p>Phasellus in odio vel quam eleifend imperdiet. Morbi id lacus condimentum, dignissim dolor eget, volutpat leo. Mauris tortor felis, ultricies id posuere sed, efficitur vel massa. Nulla faucibus mi in auctor sodales. Donec vitae libero vitae mi rhoncus consequat et vel arcu. Fusce porttitor risus sem. Sed consequat dui quis viverra pellentesque. Nulla sit amet quam quam. Donec mollis velit et iaculis convallis. Duis eu porttitor felis. Mauris ac augue nec felis accumsan dapibus. Proin tristique semper arcu quis elementum. Donec egestas tortor placerat, cursus metus vitae, euismod urna. Nullam nec venenatis libero, vel congue dolor. Duis vestibulum nec dolor et efficitur. Nunc aliquam convallis lorem nec dapibus.<\\/p>\\r\\n\\r\\n\\r\\n\\r\\n\\r\\n\\r\\n\\r\\n\\r\\n<p>Fusce vitae ligula ut dolor venenatis dapibus. Duis id aliquet urna. Class aptent taciti sociosqu ad litora torquent per conubia nostra, per inceptos himenaeos. In interdum mi sit amet libero congue, id fringilla libero rutrum. Cras at ante sagittis, volutpat ligula eu, laoreet nisi. Curabitur vitae pharetra dui. Vivamus laoreet ligula lacus, sit amet commodo ligula malesuada vel. Maecenas dignissim nibh vel velit ullamcorper ultricies. Donec pulvinar enim eu convallis consectetur. Quisque posuere purus id nulla iaculis, et suscipit quam hendrerit. Phasellus varius risus eget turpis semper ornare. Phasellus porttitor tortor ut bibendum vestibulum. Suspendisse viverra eros erat, ac pharetra lacus efficitur nec. In pulvinar pretium semper. Donec eget odio sed risus aliquet convallis. Vivamus vel facilisis velit.<\\/p>\\r\\n\\r\\n\\r\\n\\r\\n\\r\\n\\r\\n\\r\\n\\r\\n<p>Etiam vel sodales ipsum. Proin mollis et arcu sed blandit. Maecenas congue pretium ipsum ut eleifend. Phasellus diam arcu, vehicula in eros at, gravida tempor est. Maecenas id diam sit amet lectus mattis volutpat. Etiam vitae nunc malesuada, mollis lacus eget, vehicula urna. Proin sapien dolor, varius ut ante eget, tempus accumsan ligula. Sed vitae diam nec metus lacinia luctus a vitae quam. Nullam felis nisl, aliquam ut dolor nec, feugiat molestie elit. Duis luctus fringilla neque sit amet posuere. Sed iaculis vestibulum placerat. Vivamus fermentum, erat quis dapibus dapibus, turpis ante tempor tellus, vitae malesuada metus felis id sapien. Duis odio risus, pretium sit amet justo sit amet, aliquam viverra nulla. Phasellus ut ipsum ullamcorper, pulvinar elit at, aliquet ipsum. Donec rhoncus libero turpis.<\\/p>\\r\\n\\r\\n\\r\\n\\r\\n\\r\\n\\r\\n\\r\\n\\r\\n<p>Quisque pharetra urna iaculis dui aliquam consectetur. Aenean porta justo non eleifend ullamcorper. Vestibulum mattis quam nisi, in dignissim sapien volutpat at. Nullam convallis sodales odio vitae bibendum. Pellentesque ex nisi, aliquet venenatis libero at, feugiat porta lectus. Suspendisse tincidunt mi sed tellus accumsan vulputate. In maximus pulvinar nisi, eu efficitur felis venenatis nec. Cras a accumsan metus. Nunc sollicitudin arcu ac dolor sagittis, sed consectetur arcu porttitor.<\\/p>\",\"14\":\"\",\"2\":\"\"}}', '2016-06-19 01:42:22', '2016-06-19 01:42:22', 'ac8a393f-af04-4ef2-8bc7-78abd4b03917'),
 ('97', '97', '2', '1', 'en_us', '4', '', '{\"typeId\":\"2\",\"authorId\":\"1\",\"title\":\"Sample article\",\"slug\":\"sample-article\",\"postDate\":1465515900,\"expiryDate\":null,\"enabled\":1,\"parentId\":null,\"fields\":{\"1\":\"<h2>Lorem ipsum dolor sit amet<\\/h2>\\r\\n\\r\\n<p>Lorem ipsum dolor sit amet, consectetur adipiscing elit. Fusce et felis non est vehicula sagittis. Integer vel ornare elit. Suspendisse cursus vel elit sollicitudin imperdiet. Maecenas at sodales mauris, eget feugiat tellus. Suspendisse ac ornare ante, vel auctor augue. Praesent metus tellus, semper sit amet aliquet at, molestie laoreet dui. Etiam tristique iaculis ante vel aliquam. Maecenas tristique eros a justo blandit malesuada.<\\/p>\\r\\n\\r\\n\\r\\n\\r\\n\\r\\n\\r\\n\\r\\n\\r\\n<h3>Phasellus in odio vel quam<\\/h3>\\r\\n\\r\\n<p>Phasellus in odio vel quam eleifend imperdiet. Morbi id lacus condimentum, dignissim dolor eget, volutpat leo. Mauris tortor felis, ultricies id posuere sed, efficitur vel massa. Nulla faucibus mi in auctor sodales. Donec vitae libero vitae mi rhoncus consequat et vel arcu. Fusce porttitor risus sem. Sed consequat dui quis viverra pellentesque. Nulla sit amet quam quam. Donec mollis velit et iaculis convallis. Duis eu porttitor felis. Mauris ac augue nec felis accumsan dapibus. Proin tristique semper arcu quis elementum. Donec egestas tortor placerat, cursus metus vitae, euismod urna. Nullam nec venenatis libero, vel congue dolor. Duis vestibulum nec dolor et efficitur. Nunc aliquam convallis lorem nec dapibus.<\\/p>\\r\\n\\r\\n\\r\\n\\r\\n\\r\\n\\r\\n\\r\\n\\r\\n\\r\\n\\r\\n<ul><li>Fusce vitae ligula ut dolor venenatis dapibus. Duis id aliquet urna.<\\/li><li>Class aptent taciti sociosqu ad litora torquent per conubia nostra, per<\\/li><li>Inceptos himenaeos. In interdum mi sit amet libero congue, id fringilla libero rutrum.<\\/li><li>Cras at ante sagittis, volutpat ligula eu, laoreet nisi. Curabitur vitae pharetra dui.<\\/li><li>Vivamus laoreet ligula lacus, sit amet commodo ligula malesuada vel.<\\/li><li>Maecenas dignissim nibh vel velit ullamcorper ultricies.<\\/li><\\/ul><p><br><\\/p><ol><li>Donec pulvinar enim eu convallis consectetur.<\\/li><li>Quisque posuere purus id nulla iaculis, et suscipit quam hendrerit.<\\/li><li>Phasellus varius risus eget turpis semper ornare.<\\/li><li>Phasellus porttitor tortor ut bibendum vestibulum. Suspendisse viverra eros erat, ac pharetra lacus efficitur nec. In pulvinar pretium semper.<\\/li><li>Donec eget odio sed risus aliquet convallis. Vivamus vel facilisis velit.<\\/li><\\/ol>\\r\\n\\r\\n\\r\\n\\r\\n\\r\\n\\r\\n\\r\\n\\r\\n\\r\\n\\r\\n<p>Etiam vel sodales ipsum. Proin mollis et arcu sed blandit. Maecenas congue pretium ipsum ut eleifend. Phasellus diam arcu, vehicula in eros at, gravida tempor est. Maecenas id diam sit amet lectus mattis volutpat. Etiam vitae nunc malesuada, mollis lacus eget, vehicula urna. Proin sapien dolor, varius ut ante eget, tempus accumsan ligula. Sed vitae diam nec metus lacinia luctus a vitae quam. Nullam felis nisl, aliquam ut dolor nec, feugiat molestie elit. Duis luctus fringilla neque sit amet posuere. Sed iaculis vestibulum placerat. Vivamus fermentum, erat quis dapibus dapibus, turpis ante tempor tellus, vitae malesuada metus felis id sapien. Duis odio risus, pretium sit amet justo sit amet, aliquam viverra nulla. Phasellus ut ipsum ullamcorper, pulvinar elit at, aliquet ipsum. Donec rhoncus libero turpis.<\\/p>\\r\\n\\r\\n\\r\\n\\r\\n\\r\\n\\r\\n\\r\\n\\r\\n\\r\\n\\r\\n<p>Quisque pharetra urna iaculis dui aliquam consectetur. Aenean porta justo non eleifend ullamcorper. Vestibulum mattis quam nisi, in dignissim sapien volutpat at. Nullam convallis sodales odio vitae bibendum. Pellentesque ex nisi, aliquet venenatis libero at, feugiat porta lectus. Suspendisse tincidunt mi sed tellus accumsan vulputate. In maximus pulvinar nisi, eu efficitur felis venenatis nec. Cras a accumsan metus. Nunc sollicitudin arcu ac dolor sagittis, sed consectetur arcu porttitor.<\\/p>\",\"14\":\"\",\"2\":\"\"}}', '2016-06-19 01:43:52', '2016-06-19 01:43:52', '4e8ee6be-03f6-4ac9-a71a-0ec7e9a39123'),
 ('98', '97', '2', '1', 'en_us', '5', '', '{\"typeId\":\"2\",\"authorId\":\"1\",\"title\":\"Sample article\",\"slug\":\"sample-article\",\"postDate\":1465515900,\"expiryDate\":null,\"enabled\":1,\"parentId\":null,\"fields\":{\"1\":\"<h2>Lorem ipsum dolor sit amet<\\/h2>\\r\\n\\r\\n<p>Lorem ipsum dolor sit amet, consectetur adipiscing elit. Fusce et felis non est vehicula sagittis. Integer vel ornare elit. Suspendisse cursus vel elit sollicitudin imperdiet. Maecenas at sodales mauris, eget feugiat tellus. Suspendisse ac ornare ante, vel auctor augue. Praesent metus tellus, semper sit amet aliquet at, molestie laoreet dui. Etiam tristique iaculis ante vel aliquam. Maecenas tristique eros a justo blandit malesuada.<\\/p>\\r\\n\\r\\n\\r\\n\\r\\n\\r\\n\\r\\n\\r\\n\\r\\n\\r\\n\\r\\n<h3>Phasellus in odio vel quam<\\/h3>\\r\\n\\r\\n\\r\\n\\r\\n<p>Phasellus in odio vel quam eleifend imperdiet. Morbi id lacus condimentum, dignissim dolor eget, volutpat leo. Mauris tortor felis, ultricies id posuere sed, efficitur vel massa. Nulla faucibus mi in auctor sodales. Donec vitae libero vitae mi rhoncus consequat et vel arcu. Fusce porttitor risus sem. Sed consequat dui quis viverra pellentesque. Nulla sit amet quam quam. Donec mollis velit et iaculis convallis. Duis eu porttitor felis. Mauris ac augue nec felis accumsan dapibus. Proin tristique semper arcu quis elementum. Donec egestas tortor placerat, cursus metus vitae, euismod urna. Nullam nec venenatis libero, vel congue dolor. Duis vestibulum nec dolor et efficitur. Nunc aliquam convallis lorem nec dapibus.<\\/p><h3>Unordered List<\\/h3>\\r\\n\\r\\n\\r\\n\\r\\n\\r\\n\\r\\n\\r\\n\\r\\n\\r\\n\\r\\n\\r\\n\\r\\n<ul><li>Fusce vitae ligula ut dolor venenatis dapibus. Duis id aliquet urna.<\\/li><li>Class aptent taciti sociosqu ad litora torquent per conubia nostra, per<\\/li><li>Inceptos himenaeos. In interdum mi sit amet libero congue, id fringilla libero rutrum.<\\/li><li>Cras at ante sagittis, volutpat ligula eu, laoreet nisi. Curabitur vitae pharetra dui.<\\/li><li>Vivamus laoreet ligula lacus, sit amet commodo ligula malesuada vel.<\\/li><li>Maecenas dignissim nibh vel velit ullamcorper ultricies.<\\/li><\\/ul>\\r\\n\\r\\n<h3>Ordered List<\\/h3>\\r\\n\\r\\n<ol><li>Donec pulvinar enim eu convallis consectetur.<\\/li><li>Quisque posuere purus id nulla iaculis, et suscipit quam hendrerit.<\\/li><li>Phasellus varius risus eget turpis semper ornare.<\\/li><li>Phasellus porttitor tortor ut bibendum vestibulum. Suspendisse viverra eros erat, ac pharetra lacus efficitur nec. In pulvinar pretium semper.<\\/li><li>Donec eget odio sed risus aliquet convallis. Vivamus vel facilisis velit.<\\/li><\\/ol>\\r\\n\\r\\n<p>Etiam vel sodales ipsum. Proin mollis et arcu sed blandit. Maecenas congue pretium ipsum ut eleifend. Phasellus diam arcu, vehicula in eros at, gravida tempor est. Maecenas id diam sit amet lectus mattis volutpat. Etiam vitae nunc malesuada, mollis lacus eget, vehicula urna. Proin sapien dolor, varius ut ante eget, tempus accumsan ligula. Sed vitae diam nec metus lacinia luctus a vitae quam. Nullam felis nisl, aliquam ut dolor nec, feugiat molestie elit. Duis luctus fringilla neque sit amet posuere. Sed iaculis vestibulum placerat. Vivamus fermentum, erat quis dapibus dapibus, turpis ante tempor tellus, vitae malesuada metus felis id sapien. Duis odio risus, pretium sit amet justo sit amet, aliquam viverra nulla. Phasellus ut ipsum ullamcorper, pulvinar elit at, aliquet ipsum. Donec rhoncus libero turpis.<\\/p>\\r\\n\\r\\n\\r\\n\\r\\n\\r\\n\\r\\n\\r\\n\\r\\n\\r\\n\\r\\n\\r\\n\\r\\n<p>Quisque pharetra urna iaculis dui aliquam consectetur. Aenean porta justo non eleifend ullamcorper. Vestibulum mattis quam nisi, in dignissim sapien volutpat at. Nullam convallis sodales odio vitae bibendum. Pellentesque ex nisi, aliquet venenatis libero at, feugiat porta lectus. Suspendisse tincidunt mi sed tellus accumsan vulputate. In maximus pulvinar nisi, eu efficitur felis venenatis nec. Cras a accumsan metus. Nunc sollicitudin arcu ac dolor sagittis, sed consectetur arcu porttitor.<\\/p>\",\"14\":\"\",\"2\":\"\"}}', '2016-06-19 01:44:52', '2016-06-19 01:44:52', 'e0be5555-15a1-4e89-92ac-f63f051e711a'),
 ('99', '97', '2', '1', 'en_us', '6', '', '{\"typeId\":\"2\",\"authorId\":\"1\",\"title\":\"Sample article\",\"slug\":\"sample-article\",\"postDate\":1465515900,\"expiryDate\":null,\"enabled\":1,\"parentId\":null,\"fields\":{\"1\":\"<h2>Lorem ipsum dolor sit amet<\\/h2>\\r\\n\\r\\n<p>Lorem ipsum dolor sit amet, consectetur adipiscing elit. Fusce et felis non est vehicula sagittis. Integer vel ornare elit. Suspendisse cursus vel elit sollicitudin imperdiet. Maecenas at sodales mauris, eget feugiat tellus. Suspendisse ac ornare ante, vel auctor augue. Praesent metus tellus, semper sit amet aliquet at, molestie laoreet dui. Etiam tristique iaculis ante vel aliquam. Maecenas tristique eros a justo blandit malesuada.<\\/p>\\r\\n\\r\\n\\r\\n\\r\\n\\r\\n\\r\\n\\r\\n\\r\\n\\r\\n\\r\\n\\r\\n\\r\\n<h3>Phasellus in odio vel quam<\\/h3>\\r\\n\\r\\n\\r\\n\\r\\n\\r\\n\\r\\n<p>Phasellus in odio vel quam eleifend imperdiet. Morbi id lacus condimentum, dignissim dolor eget, volutpat leo. Mauris tortor felis, ultricies id posuere sed, efficitur vel massa. Nulla faucibus mi in auctor sodales. Donec vitae libero vitae mi rhoncus consequat et vel arcu. Fusce porttitor risus sem. Sed consequat dui quis viverra pellentesque. Nulla sit amet quam quam. Donec mollis velit et iaculis convallis. Duis eu porttitor felis. Mauris ac augue nec felis accumsan dapibus. Proin tristique semper arcu quis elementum. Donec egestas tortor placerat, cursus metus vitae, euismod urna. Nullam nec venenatis libero, vel congue dolor. Duis vestibulum nec dolor et efficitur. Nunc aliquam convallis lorem nec dapibus.<\\/p>\\r\\n\\r\\n<h3>Unordered List<\\/h3>\\r\\n\\r\\n\\r\\n\\r\\n\\r\\n\\r\\n\\r\\n\\r\\n\\r\\n\\r\\n\\r\\n\\r\\n\\r\\n\\r\\n<ul><li>Fusce vitae ligula ut dolor venenatis dapibus. Duis id aliquet urna.<\\/li><li>Class aptent taciti sociosqu ad litora torquent per conubia nostra, per<\\/li><li>Inceptos himenaeos. In interdum mi sit amet libero congue, id fringilla libero rutrum.<\\/li><li>Cras at ante sagittis, volutpat ligula eu, laoreet nisi. Curabitur vitae pharetra dui.<\\/li><li>Vivamus laoreet ligula lacus, sit amet commodo ligula malesuada vel.<\\/li><li>Maecenas dignissim nibh vel velit ullamcorper ultricies.<\\/li><\\/ul>\\r\\n\\r\\n<h3>Ordered List<\\/h3>\\r\\n\\r\\n\\r\\n\\r\\n<ol><li>Donec pulvinar enim eu convallis consectetur.<\\/li><li>Quisque posuere purus id nulla iaculis, et suscipit quam hendrerit.<\\/li><li>Phasellus varius risus eget turpis semper ornare.<\\/li><li>Phasellus porttitor tortor ut bibendum vestibulum. Suspendisse viverra eros erat, ac pharetra lacus efficitur nec. In pulvinar pretium semper.<\\/li><li>Donec eget odio sed risus aliquet convallis. Vivamus vel facilisis velit.<\\/li><\\/ol>\\r\\n\\r\\n<h4>Etiam vel sodales ipsum<\\/h4><p>Etiam vel sodales ipsum. Proin mollis et arcu sed blandit. Maecenas congue pretium ipsum ut eleifend. Phasellus diam arcu, vehicula in eros at, gravida tempor est. Maecenas id diam sit amet lectus mattis volutpat. Etiam vitae nunc malesuada, mollis lacus eget, vehicula urna. Proin sapien dolor, varius ut ante eget, tempus accumsan ligula. Sed vitae diam nec metus lacinia luctus a vitae quam. Nullam felis nisl, aliquam ut dolor nec, feugiat molestie elit.<\\/p><h5>Duis luctus fringilla neque sit amet posuere<\\/h5><p>Duis luctus fringilla neque sit amet posuere. Sed iaculis vestibulum placerat. Vivamus fermentum, erat quis dapibus dapibus, turpis ante tempor tellus, vitae malesuada metus felis id sapien. Duis odio risus, pretium sit amet justo sit amet, aliquam viverra nulla. Phasellus ut ipsum ullamcorper, pulvinar elit at, aliquet ipsum. Donec rhoncus libero turpis.<\\/p>\\r\\n\\r\\n\\r\\n\\r\\n\\r\\n\\r\\n\\r\\n\\r\\n\\r\\n\\r\\n\\r\\n\\r\\n\\r\\n\\r\\n<h6>Quisque pharetra urna iaculis dui aliquam consectetur<\\/h6><p>Quisque pharetra urna iaculis dui aliquam consectetur. Aenean porta justo non eleifend ullamcorper. Vestibulum mattis quam nisi, in dignissim sapien volutpat at. Nullam convallis sodales odio vitae bibendum. Pellentesque ex nisi, aliquet venenatis libero at, feugiat porta lectus. Suspendisse tincidunt mi sed tellus accumsan vulputate. In maximus pulvinar nisi, eu efficitur felis venenatis nec. Cras a accumsan metus. Nunc sollicitudin arcu ac dolor sagittis, sed consectetur arcu porttitor.<\\/p>\",\"14\":\"\",\"2\":\"\"}}', '2016-06-19 01:46:32', '2016-06-19 01:46:32', '4b436ae5-4d6b-4d5a-8c2e-15d842f787fe'),
 ('100', '97', '2', '1', 'en_us', '7', '', '{\"typeId\":\"2\",\"authorId\":\"1\",\"title\":\"Sample article\",\"slug\":\"sample-article\",\"postDate\":1465515900,\"expiryDate\":null,\"enabled\":1,\"parentId\":null,\"fields\":{\"1\":\"<h2>Lorem ipsum dolor sit amet<\\/h2>\\r\\n\\r\\n<p>Lorem ipsum dolor sit amet, consectetur adipiscing elit. Fusce et felis non est vehicula sagittis. Integer vel ornare elit. Suspendisse cursus vel elit sollicitudin imperdiet. Maecenas at sodales mauris, eget feugiat tellus. Suspendisse ac ornare ante, vel auctor augue. Praesent metus tellus, semper sit amet aliquet at, molestie laoreet dui. Etiam tristique iaculis ante vel aliquam. Maecenas tristique eros a justo blandit malesuada.<\\/p>\\r\\n\\r\\n\\r\\n\\r\\n\\r\\n\\r\\n\\r\\n\\r\\n\\r\\n\\r\\n\\r\\n\\r\\n\\r\\n\\r\\n<h3>Phasellus in odio vel quam<\\/h3>\\r\\n\\r\\n\\r\\n\\r\\n\\r\\n\\r\\n\\r\\n\\r\\n<p>Phasellus in odio vel quam eleifend imperdiet. Morbi id lacus condimentum, dignissim dolor eget, volutpat leo. Mauris tortor felis, ultricies id posuere sed, efficitur vel massa. Nulla faucibus mi in auctor sodales. Donec vitae libero vitae mi rhoncus consequat et vel arcu. Fusce porttitor risus sem. Sed consequat dui quis viverra pellentesque. Nulla sit amet quam quam. Donec mollis velit et iaculis convallis. Duis eu porttitor felis. Mauris ac augue nec felis accumsan dapibus. Proin tristique semper arcu quis elementum. Donec egestas tortor placerat, cursus metus vitae, euismod urna. Nullam nec venenatis libero, vel congue dolor. Duis vestibulum nec dolor et efficitur. Nunc aliquam convallis lorem nec dapibus.<\\/p>\\r\\n\\r\\n\\r\\n\\r\\n<h3>Unordered List<\\/h3>\\r\\n\\r\\n\\r\\n\\r\\n\\r\\n\\r\\n\\r\\n\\r\\n\\r\\n\\r\\n\\r\\n\\r\\n\\r\\n\\r\\n\\r\\n\\r\\n<ul><li>Fusce vitae ligula ut dolor venenatis dapibus. Duis id aliquet urna.<\\/li><li>Class aptent taciti sociosqu ad litora torquent per conubia nostra, per<\\/li><li>Inceptos himenaeos. In interdum mi sit amet libero congue, id fringilla libero rutrum.<\\/li><li>Cras at ante sagittis, volutpat ligula eu, laoreet nisi. Curabitur vitae pharetra dui.<\\/li><li>Vivamus laoreet ligula lacus, sit amet commodo ligula malesuada vel.<\\/li><li>Maecenas dignissim nibh vel velit ullamcorper ultricies.<\\/li><\\/ul>\\r\\n\\r\\n<h3>Ordered List<\\/h3>\\r\\n\\r\\n\\r\\n\\r\\n\\r\\n\\r\\n<ol><li>Donec pulvinar enim eu convallis consectetur.<\\/li><li>Quisque posuere purus id nulla iaculis, et suscipit quam hendrerit.<\\/li><li>Phasellus varius risus eget turpis semper ornare.<\\/li><li>Phasellus porttitor tortor ut bibendum vestibulum. Suspendisse viverra eros erat, ac pharetra lacus efficitur nec. In pulvinar pretium semper.<\\/li><li>Donec eget odio sed risus aliquet convallis. Vivamus vel facilisis velit.<\\/li><\\/ol>\\r\\n\\r\\n<h4>Etiam vel sodales ipsum<\\/h4>\\r\\n\\r\\n<p>Etiam vel sodales ipsum. Proin mollis et arcu sed blandit. Maecenas congue pretium ipsum ut eleifend. Phasellus diam arcu, vehicula in eros at, gravida tempor est. Maecenas id diam sit amet lectus mattis volutpat. Etiam vitae nunc malesuada, mollis lacus eget, vehicula urna. Proin sapien dolor, varius ut ante eget, tempus accumsan ligula. Sed vitae diam nec metus lacinia luctus a vitae quam. Nullam felis nisl, aliquam ut dolor nec, feugiat molestie elit.<\\/p><blockquote>Etiam vel sodales ipsum. Proin mollis et arcu sed blandit. Maecenas congue pretium ipsum ut eleifend. Phasellus diam arcu, vehicula in eros at, gravida tempor est. Maecenas id diam sit amet lectus mattis volutpat. Etiam vitae nunc malesuada, mollis lacus eget, vehicula urna. Proin sapien dolor, varius ut ante eget, tempus accumsan ligula. Sed vitae diam nec metus lacinia luctus a vitae quam. Nullam felis nisl, aliquam ut dolor nec, feugiat molestie elit.<br><\\/blockquote>\\r\\n\\r\\n<h5>Duis luctus fringilla neque sit amet posuere<\\/h5>\\r\\n\\r\\n<p>Duis luctus fringilla neque sit amet posuere. Sed iaculis vestibulum placerat. Vivamus fermentum, erat quis dapibus dapibus, turpis ante tempor tellus, vitae malesuada metus felis id sapien. Duis odio risus, pretium sit amet justo sit amet, aliquam viverra nulla. Phasellus ut ipsum ullamcorper, pulvinar elit at, aliquet ipsum. Donec rhoncus libero turpis.<\\/p>\\r\\n\\r\\n\\r\\n\\r\\n\\r\\n\\r\\n\\r\\n\\r\\n\\r\\n\\r\\n\\r\\n\\r\\n\\r\\n\\r\\n\\r\\n\\r\\n<h6>Quisque pharetra urna iaculis dui aliquam consectetur<\\/h6>\\r\\n\\r\\n<p>Quisque pharetra urna iaculis dui aliquam consectetur. Aenean porta justo non eleifend ullamcorper. Vestibulum mattis quam nisi, in dignissim sapien volutpat at. Nullam convallis sodales odio vitae bibendum. Pellentesque ex nisi, aliquet venenatis libero at, feugiat porta lectus. Suspendisse tincidunt mi sed tellus accumsan vulputate. In maximus pulvinar nisi, eu efficitur felis venenatis nec. Cras a accumsan metus. Nunc sollicitudin arcu ac dolor sagittis, sed consectetur arcu porttitor.<\\/p>\",\"14\":\"\",\"2\":\"\"}}', '2016-06-19 01:48:13', '2016-06-19 01:48:13', '639f92f4-a232-4a0f-9970-a77f0b0ce25e'),
 ('101', '97', '2', '1', 'en_us', '8', '', '{\"typeId\":\"2\",\"authorId\":\"1\",\"title\":\"Sample article\",\"slug\":\"sample-article\",\"postDate\":1465515900,\"expiryDate\":null,\"enabled\":1,\"parentId\":null,\"fields\":{\"1\":\"<h2>Lorem ipsum dolor sit amet<\\/h2>\\r\\n\\r\\n<p>Lorem ipsum dolor sit amet, consectetur adipiscing elit. Fusce et felis non est vehicula sagittis. Integer vel ornare elit. Suspendisse cursus vel elit sollicitudin imperdiet. Maecenas at sodales mauris, eget feugiat tellus. Suspendisse ac ornare ante, vel auctor augue. Praesent metus tellus, semper sit amet aliquet at, molestie laoreet dui. Etiam tristique iaculis ante vel aliquam. Maecenas tristique eros a justo blandit malesuada.<\\/p>\\r\\n\\r\\n\\r\\n\\r\\n\\r\\n\\r\\n\\r\\n\\r\\n\\r\\n\\r\\n\\r\\n\\r\\n\\r\\n\\r\\n\\r\\n\\r\\n<h3>Phasellus in odio vel quam<\\/h3>\\r\\n\\r\\n\\r\\n\\r\\n\\r\\n\\r\\n\\r\\n\\r\\n\\r\\n\\r\\n<p>Phasellus in odio vel quam eleifend imperdiet. Morbi id lacus condimentum, dignissim dolor eget, volutpat leo. Mauris tortor felis, ultricies id posuere sed, efficitur vel massa. Nulla faucibus mi in auctor sodales. Donec vitae libero vitae mi rhoncus consequat et vel arcu. Fusce porttitor risus sem. Sed consequat dui quis viverra pellentesque. Nulla sit amet quam quam. Donec mollis velit et iaculis convallis. Duis eu porttitor felis. Mauris ac augue nec felis accumsan dapibus. Proin tristique semper arcu quis elementum. Donec egestas tortor placerat, cursus metus vitae, euismod urna. Nullam nec venenatis libero, vel congue dolor. Duis vestibulum nec dolor et efficitur. Nunc aliquam convallis lorem nec dapibus.<\\/p>\\r\\n\\r\\n\\r\\n\\r\\n\\r\\n\\r\\n<h3>Unordered List<\\/h3>\\r\\n\\r\\n\\r\\n\\r\\n\\r\\n\\r\\n\\r\\n\\r\\n\\r\\n\\r\\n\\r\\n\\r\\n\\r\\n\\r\\n\\r\\n\\r\\n\\r\\n\\r\\n<ul><li>Fusce vitae ligula ut dolor venenatis dapibus. Duis id aliquet urna.<\\/li><li>Class aptent taciti sociosqu ad litora torquent per conubia nostra, per<\\/li><li>Inceptos himenaeos. In interdum mi sit amet libero congue, id fringilla libero rutrum.<\\/li><li>Cras at ante sagittis, volutpat ligula eu, laoreet nisi. Curabitur vitae pharetra dui.<\\/li><li>Vivamus laoreet ligula lacus, sit amet commodo ligula malesuada vel.<\\/li><li>Maecenas dignissim nibh vel velit ullamcorper ultricies.<\\/li><\\/ul>\\r\\n\\r\\n<h3>Ordered List<\\/h3>\\r\\n\\r\\n\\r\\n\\r\\n\\r\\n\\r\\n\\r\\n\\r\\n<ol><li>Donec pulvinar enim eu convallis consectetur.<\\/li><li>Quisque posuere purus id nulla iaculis, et suscipit quam hendrerit.<\\/li><li>Phasellus varius risus eget turpis semper ornare.<\\/li><li>Phasellus porttitor tortor ut bibendum vestibulum. Suspendisse viverra eros erat, ac pharetra lacus efficitur nec. In pulvinar pretium semper.<\\/li><li>Donec eget odio sed risus aliquet convallis. Vivamus vel facilisis velit.<\\/li><\\/ol>\\r\\n\\r\\n<h4>Etiam vel sodales ipsum<\\/h4>\\r\\n\\r\\n\\r\\n\\r\\n<p>Etiam vel sodales ipsum. Proin mollis et arcu sed blandit. Maecenas congue pretium ipsum ut eleifend. Phasellus diam arcu, vehicula in eros at, gravida tempor est. Maecenas id diam sit amet lectus mattis volutpat. Etiam vitae nunc malesuada, mollis lacus eget, vehicula urna. Proin sapien dolor, varius ut ante eget, tempus accumsan ligula. Sed vitae diam nec metus lacinia luctus a vitae quam. Nullam felis nisl, aliquam ut dolor nec, feugiat molestie elit.<\\/p>\\r\\n\\r\\n<blockquote>\\\"Etiam vel sodales ipsum. Proin mollis et arcu sed blandit. Maecenas congue pretium ipsum ut eleifend. Phasellus diam arcu, vehicula in eros at, gravida tempor est. Maecenas id diam sit amet lectus mattis volutpat. Etiam vitae nunc malesuada, mollis lacus eget, vehicula urna. Proin sapien dolor, varius ut ante eget, tempus accumsan ligula. Sed vitae diam nec metus lacinia luctus a vitae quam. Nullam felis nisl, aliquam ut dolor nec, feugiat molestie elit.\\\"<\\/blockquote>\\r\\n\\r\\n\\r\\n\\r\\n<h5>Duis luctus fringilla neque sit amet posuere<\\/h5>\\r\\n\\r\\n\\r\\n\\r\\n<p>Duis luctus fringilla neque sit amet posuere. Sed iaculis vestibulum placerat. Vivamus fermentum, erat quis dapibus dapibus, turpis ante tempor tellus, vitae malesuada metus felis id sapien. Duis odio risus, pretium sit amet justo sit amet, aliquam viverra nulla. Phasellus ut ipsum ullamcorper, pulvinar elit at, aliquet ipsum. Donec rhoncus libero turpis.<\\/p>\\r\\n\\r\\n\\r\\n\\r\\n\\r\\n\\r\\n\\r\\n\\r\\n\\r\\n\\r\\n\\r\\n\\r\\n\\r\\n\\r\\n\\r\\n\\r\\n\\r\\n\\r\\n<h6>Quisque pharetra urna iaculis dui aliquam consectetur<\\/h6>\\r\\n\\r\\n\\r\\n\\r\\n<p>Quisque pharetra urna iaculis dui aliquam consectetur. Aenean porta justo non eleifend ullamcorper. Vestibulum mattis quam nisi, in dignissim sapien volutpat at. Nullam convallis sodales odio vitae bibendum. Pellentesque ex nisi, aliquet venenatis libero at, feugiat porta lectus. Suspendisse tincidunt mi sed tellus accumsan vulputate. In maximus pulvinar nisi, eu efficitur felis venenatis nec. Cras a accumsan metus. Nunc sollicitudin arcu ac dolor sagittis, sed consectetur arcu porttitor.<\\/p>\",\"14\":\"\",\"2\":\"\"}}', '2016-06-19 01:48:53', '2016-06-19 01:48:53', '38a77e56-5e84-4eda-9965-c06602a4521e'),
 ('102', '24', '6', '1', 'en_us', '8', '', '{\"typeId\":null,\"authorId\":null,\"title\":\"Services\",\"slug\":\"services\",\"postDate\":1459041327,\"expiryDate\":null,\"enabled\":1,\"parentId\":null,\"fields\":{\"1\":\"\",\"14\":\"\",\"34\":\"Our passion for design goes beyond beautiful imagery and into the mind of the consumer, where we believe good design should solve problems and position a brand so it stands out as well as stands for something.\",\"33\":\"We get people engaged in the work we create.\"}}', '2016-06-19 01:56:54', '2016-06-19 01:56:54', '2f0324c1-7c6f-45fa-af85-45f4d234d08b'),
 ('103', '97', '2', '1', 'en_us', '9', '', '{\"typeId\":\"2\",\"authorId\":\"1\",\"title\":\"7 Ways You Can Design Your Home Office for Maximum Productivity\",\"slug\":\"7-ways-you-can-design-your-home-office-for-maximum-productivity\",\"postDate\":1465515900,\"expiryDate\":null,\"enabled\":1,\"parentId\":null,\"fields\":{\"1\":\"<h2>Lorem ipsum dolor sit amet<\\/h2>\\r\\n\\r\\n<p>Lorem ipsum dolor sit amet, consectetur adipiscing elit. Fusce et felis non est vehicula sagittis. Integer vel ornare elit. Suspendisse cursus vel elit sollicitudin imperdiet. Maecenas at sodales mauris, eget feugiat tellus. Suspendisse ac ornare ante, vel auctor augue. Praesent metus tellus, semper sit amet aliquet at, molestie laoreet dui. Etiam tristique iaculis ante vel aliquam. Maecenas tristique eros a justo blandit malesuada.<\\/p>\\r\\n\\r\\n\\r\\n\\r\\n\\r\\n\\r\\n\\r\\n\\r\\n\\r\\n\\r\\n\\r\\n\\r\\n\\r\\n\\r\\n\\r\\n\\r\\n\\r\\n\\r\\n<h3>Phasellus in odio vel quam<\\/h3>\\r\\n\\r\\n\\r\\n\\r\\n\\r\\n\\r\\n\\r\\n\\r\\n\\r\\n\\r\\n\\r\\n\\r\\n<p>Phasellus in odio vel quam eleifend imperdiet. Morbi id lacus condimentum, dignissim dolor eget, volutpat leo. Mauris tortor felis, ultricies id posuere sed, efficitur vel massa. Nulla faucibus mi in auctor sodales. Donec vitae libero vitae mi rhoncus consequat et vel arcu. Fusce porttitor risus sem. Sed consequat dui quis viverra pellentesque. Nulla sit amet quam quam. Donec mollis velit et iaculis convallis. Duis eu porttitor felis. Mauris ac augue nec felis accumsan dapibus. Proin tristique semper arcu quis elementum. Donec egestas tortor placerat, cursus metus vitae, euismod urna. Nullam nec venenatis libero, vel congue dolor. Duis vestibulum nec dolor et efficitur. Nunc aliquam convallis lorem nec dapibus.<\\/p>\\r\\n\\r\\n\\r\\n\\r\\n\\r\\n\\r\\n\\r\\n\\r\\n<h3>Unordered List<\\/h3>\\r\\n\\r\\n\\r\\n\\r\\n\\r\\n\\r\\n\\r\\n\\r\\n\\r\\n\\r\\n\\r\\n\\r\\n\\r\\n\\r\\n\\r\\n\\r\\n\\r\\n\\r\\n\\r\\n\\r\\n<ul><li>Fusce vitae ligula ut dolor venenatis dapibus. Duis id aliquet urna.<\\/li><li>Class aptent taciti sociosqu ad litora torquent per conubia nostra, per<\\/li><li>Inceptos himenaeos. In interdum mi sit amet libero congue, id fringilla libero rutrum.<\\/li><li>Cras at ante sagittis, volutpat ligula eu, laoreet nisi. Curabitur vitae pharetra dui.<\\/li><li>Vivamus laoreet ligula lacus, sit amet commodo ligula malesuada vel.<\\/li><li>Maecenas dignissim nibh vel velit ullamcorper ultricies.<\\/li><\\/ul>\\r\\n\\r\\n<h3>Ordered List<\\/h3>\\r\\n\\r\\n\\r\\n\\r\\n\\r\\n\\r\\n\\r\\n\\r\\n\\r\\n\\r\\n<ol><li>Donec pulvinar enim eu convallis consectetur.<\\/li><li>Quisque posuere purus id nulla iaculis, et suscipit quam hendrerit.<\\/li><li>Phasellus varius risus eget turpis semper ornare.<\\/li><li>Phasellus porttitor tortor ut bibendum vestibulum. Suspendisse viverra eros erat, ac pharetra lacus efficitur nec. In pulvinar pretium semper.<\\/li><li>Donec eget odio sed risus aliquet convallis. Vivamus vel facilisis velit.<\\/li><\\/ol>\\r\\n\\r\\n<h4>Etiam vel sodales ipsum<\\/h4>\\r\\n\\r\\n\\r\\n\\r\\n\\r\\n\\r\\n<p>Etiam vel sodales ipsum. Proin mollis et arcu sed blandit. Maecenas congue pretium ipsum ut eleifend. Phasellus diam arcu, vehicula in eros at, gravida tempor est. Maecenas id diam sit amet lectus mattis volutpat. Etiam vitae nunc malesuada, mollis lacus eget, vehicula urna. Proin sapien dolor, varius ut ante eget, tempus accumsan ligula. Sed vitae diam nec metus lacinia luctus a vitae quam. Nullam felis nisl, aliquam ut dolor nec, feugiat molestie elit.<\\/p>\\r\\n\\r\\n\\r\\n\\r\\n<blockquote>\\\"Etiam vel sodales ipsum. Proin mollis et arcu sed blandit. Maecenas congue pretium ipsum ut eleifend. Phasellus diam arcu, vehicula in eros at, gravida tempor est. Maecenas id diam sit amet lectus mattis volutpat. Etiam vitae nunc malesuada, mollis lacus eget, vehicula urna. Proin sapien dolor, varius ut ante eget, tempus accumsan ligula. Sed vitae diam nec metus lacinia luctus a vitae quam. Nullam felis nisl, aliquam ut dolor nec, feugiat molestie elit.\\\"<\\/blockquote>\\r\\n\\r\\n\\r\\n\\r\\n\\r\\n\\r\\n<h5>Duis luctus fringilla neque sit amet posuere<\\/h5>\\r\\n\\r\\n\\r\\n\\r\\n\\r\\n\\r\\n<p>Duis luctus fringilla neque sit amet posuere. Sed iaculis vestibulum placerat. Vivamus fermentum, erat quis dapibus dapibus, turpis ante tempor tellus, vitae malesuada metus felis id sapien. Duis odio risus, pretium sit amet justo sit amet, aliquam viverra nulla. Phasellus ut ipsum ullamcorper, pulvinar elit at, aliquet ipsum. Donec rhoncus libero turpis.<\\/p>\\r\\n\\r\\n\\r\\n\\r\\n\\r\\n\\r\\n\\r\\n\\r\\n\\r\\n\\r\\n\\r\\n\\r\\n\\r\\n\\r\\n\\r\\n\\r\\n\\r\\n\\r\\n\\r\\n\\r\\n<h6>Quisque pharetra urna iaculis dui aliquam consectetur<\\/h6>\\r\\n\\r\\n\\r\\n\\r\\n\\r\\n\\r\\n<p>Quisque pharetra urna iaculis dui aliquam consectetur. Aenean porta justo non eleifend ullamcorper. Vestibulum mattis quam nisi, in dignissim sapien volutpat at. Nullam convallis sodales odio vitae bibendum. Pellentesque ex nisi, aliquet venenatis libero at, feugiat porta lectus. Suspendisse tincidunt mi sed tellus accumsan vulputate. In maximus pulvinar nisi, eu efficitur felis venenatis nec. Cras a accumsan metus. Nunc sollicitudin arcu ac dolor sagittis, sed consectetur arcu porttitor.<\\/p>\",\"14\":\"\",\"2\":\"\"}}', '2016-07-17 01:11:30', '2016-07-17 01:11:30', '4470d891-37ab-459b-a6d5-b5da6c710298'),
 ('104', '3', '2', '1', 'en_us', '9', '', '{\"typeId\":\"2\",\"authorId\":\"1\",\"title\":\"Using White Space: How Emptiness Can Give So Much to Design\",\"slug\":\"using-white-space-how-emptiness-can-give-so-much-to-design\",\"postDate\":1459007700,\"expiryDate\":null,\"enabled\":1,\"parentId\":null,\"fields\":{\"1\":\"<p>Craft is the CMS that\\u2019s powering Localhost. It\\u2019s beautiful, powerful, flexible, and easy-to-use, and it\\u2019s made by Pixel & Tonic. We can\\u2019t wait to dive in and see what it\\u2019s capable of!<br><\\/p>\\r\\n\\r\\n<p>This is even more captivating content, which you couldn\\u2019t see on the News index page because it was entered after a Page Break, and the News index template only likes to show the content on the first page.<\\/p>\\r\\n\\r\\n\\r\\n\\r\\n\\r\\n\\r\\n<p>Craft: a nice alternative to Word, if you\\u2019re making a website.<\\/p>\",\"14\":\"\",\"2\":\"\"}}', '2016-07-17 01:12:07', '2016-07-17 01:12:07', '34e34aae-029e-406f-8a4a-27b0cf542bef'),
 ('105', '97', '2', '1', 'en_us', '10', '', '{\"typeId\":\"2\",\"authorId\":\"1\",\"title\":\"7 Ways You Can Design Your Home Office for Maximum Productivity\",\"slug\":\"7-ways-you-can-design-your-home-office-for-maximum-productivity\",\"postDate\":1465515900,\"expiryDate\":null,\"enabled\":1,\"parentId\":null,\"fields\":{\"1\":\"<h2>Lorem ipsum dolor sit amet<\\/h2>\\r\\n\\r\\n<p>Lorem ipsum dolor sit amet, consectetur adipiscing elit. Fusce et felis non est vehicula sagittis. Integer vel ornare elit. Suspendisse cursus vel elit sollicitudin imperdiet. Maecenas at sodales mauris, eget feugiat tellus. Suspendisse ac ornare ante, vel auctor augue. Praesent metus tellus, semper sit amet aliquet at, molestie laoreet dui. Etiam tristique iaculis ante vel aliquam. Maecenas tristique eros a justo blandit malesuada.<\\/p>\\r\\n\\r\\n\\r\\n\\r\\n\\r\\n\\r\\n\\r\\n\\r\\n\\r\\n\\r\\n\\r\\n\\r\\n\\r\\n\\r\\n\\r\\n\\r\\n\\r\\n\\r\\n\\r\\n\\r\\n<h3>Phasellus in odio vel quam<\\/h3>\\r\\n\\r\\n\\r\\n\\r\\n\\r\\n\\r\\n\\r\\n\\r\\n\\r\\n\\r\\n\\r\\n\\r\\n\\r\\n\\r\\n<p>Phasellus in odio vel quam eleifend imperdiet. Morbi id lacus condimentum, dignissim dolor eget, volutpat leo. Mauris tortor felis, ultricies id posuere sed, efficitur vel massa. Nulla faucibus mi in auctor sodales. Donec vitae libero vitae mi rhoncus consequat et vel arcu. Fusce porttitor risus sem. Sed consequat dui quis viverra pellentesque. Nulla sit amet quam quam. Donec mollis velit et iaculis convallis. Duis eu porttitor felis. Mauris ac augue nec felis accumsan dapibus. Proin tristique semper arcu quis elementum. Donec egestas tortor placerat, cursus metus vitae, euismod urna. Nullam nec venenatis libero, vel congue dolor. Duis vestibulum nec dolor et efficitur. Nunc aliquam convallis lorem nec dapibus.<\\/p>\\r\\n\\r\\n\\r\\n\\r\\n\\r\\n\\r\\n\\r\\n\\r\\n\\r\\n\\r\\n<h3>Unordered List<\\/h3>\\r\\n\\r\\n\\r\\n\\r\\n\\r\\n\\r\\n\\r\\n\\r\\n\\r\\n\\r\\n\\r\\n\\r\\n\\r\\n\\r\\n\\r\\n\\r\\n\\r\\n\\r\\n\\r\\n\\r\\n\\r\\n\\r\\n<ul><li>Fusce vitae ligula ut dolor venenatis dapibus. Duis id aliquet urna.<\\/li><li>Class aptent taciti sociosqu ad litora torquent per conubia nostra, per<\\/li><li>Inceptos himenaeos. In interdum mi sit amet libero congue, id fringilla libero rutrum.<\\/li><li>Cras at ante sagittis, volutpat ligula eu, laoreet nisi. Curabitur vitae pharetra dui.<\\/li><li>Vivamus laoreet ligula lacus, sit amet commodo ligula malesuada vel.<\\/li><li>Maecenas dignissim nibh vel velit ullamcorper ultricies.<\\/li><\\/ul>\\r\\n\\r\\n<h3>Ordered List<\\/h3>\\r\\n\\r\\n\\r\\n\\r\\n\\r\\n\\r\\n\\r\\n\\r\\n\\r\\n\\r\\n\\r\\n\\r\\n<ol><li>Donec pulvinar enim eu convallis consectetur.<\\/li><li>Quisque posuere purus id nulla iaculis, et suscipit quam hendrerit.<\\/li><li>Phasellus varius risus eget turpis semper ornare.<\\/li><li>Phasellus porttitor tortor ut bibendum vestibulum. Suspendisse viverra eros erat, ac pharetra lacus efficitur nec. In pulvinar pretium semper.<\\/li><li>Donec eget odio sed risus aliquet convallis. Vivamus vel facilisis velit.<\\/li><\\/ol>\\r\\n\\r\\n<h4>Etiam vel sodales ipsum<\\/h4>\\r\\n\\r\\n\\r\\n\\r\\n\\r\\n\\r\\n\\r\\n\\r\\n<p>Etiam vel sodales ipsum. Proin mollis et arcu sed blandit. Maecenas congue pretium ipsum ut eleifend. Phasellus diam arcu, vehicula in eros at, gravida tempor est. Maecenas id diam sit amet lectus mattis volutpat. Etiam vitae nunc malesuada, mollis lacus eget, vehicula urna. Proin sapien dolor, varius ut ante eget, tempus accumsan ligula. Sed vitae diam nec metus lacinia luctus a vitae quam. Nullam felis nisl, aliquam ut dolor nec, feugiat molestie elit.<\\/p>\\r\\n\\r\\n\\r\\n\\r\\n\\r\\n\\r\\n<blockquote>\\\"Etiam vel sodales ipsum. Proin mollis et arcu sed blandit. Maecenas congue pretium ipsum ut eleifend. Phasellus diam arcu, vehicula in eros at, gravida tempor est. Maecenas id diam sit amet lectus mattis volutpat. Etiam vitae nunc malesuada, mollis lacus eget, vehicula urna. Proin sapien dolor, varius ut ante eget, tempus accumsan ligula. Sed vitae diam nec metus lacinia luctus a vitae quam. Nullam felis nisl, aliquam ut dolor nec, feugiat molestie elit.\\\"<\\/blockquote>\\r\\n\\r\\n\\r\\n\\r\\n\\r\\n\\r\\n\\r\\n\\r\\n<h5>Duis luctus fringilla neque sit amet posuere<\\/h5>\\r\\n\\r\\n\\r\\n\\r\\n\\r\\n\\r\\n\\r\\n\\r\\n<p>Duis luctus fringilla neque sit amet posuere. Sed iaculis vestibulum placerat. Vivamus fermentum, erat quis dapibus dapibus, turpis ante tempor tellus, vitae malesuada metus felis id sapien. Duis odio risus, pretium sit amet justo sit amet, aliquam viverra nulla. Phasellus ut ipsum ullamcorper, pulvinar elit at, aliquet ipsum. Donec rhoncus libero turpis.<\\/p>\\r\\n\\r\\n\\r\\n\\r\\n\\r\\n\\r\\n\\r\\n\\r\\n\\r\\n\\r\\n\\r\\n\\r\\n\\r\\n\\r\\n\\r\\n\\r\\n\\r\\n\\r\\n\\r\\n\\r\\n\\r\\n\\r\\n<h6>Quisque pharetra urna iaculis dui aliquam consectetur<\\/h6>\\r\\n\\r\\n\\r\\n\\r\\n\\r\\n\\r\\n\\r\\n\\r\\n<p>Quisque pharetra urna iaculis dui aliquam consectetur. Aenean porta justo non eleifend ullamcorper. Vestibulum mattis quam nisi, in dignissim sapien volutpat at. Nullam convallis sodales odio vitae bibendum. Pellentesque ex nisi, aliquet venenatis libero at, feugiat porta lectus. Suspendisse tincidunt mi sed tellus accumsan vulputate. In maximus pulvinar nisi, eu efficitur felis venenatis nec. Cras a accumsan metus. Nunc sollicitudin arcu ac dolor sagittis, sed consectetur arcu porttitor.<\\/p>\",\"14\":[\"99\"],\"2\":\"\"}}', '2016-07-17 01:15:15', '2016-07-17 01:15:15', '6dc6c49e-f240-4b85-8515-75a15f898eea'),
 ('106', '3', '2', '1', 'en_us', '10', '', '{\"typeId\":\"2\",\"authorId\":\"1\",\"title\":\"Using White Space: How Emptiness Can Give So Much to Design\",\"slug\":\"using-white-space-how-emptiness-can-give-so-much-to-design\",\"postDate\":1459007700,\"expiryDate\":null,\"enabled\":1,\"parentId\":null,\"fields\":{\"1\":\"<p>Craft is the CMS that\\u2019s powering Localhost. It\\u2019s beautiful, powerful, flexible, and easy-to-use, and it\\u2019s made by Pixel & Tonic. We can\\u2019t wait to dive in and see what it\\u2019s capable of!<br><\\/p>\\r\\n\\r\\n<p>This is even more captivating content, which you couldn\\u2019t see on the News index page because it was entered after a Page Break, and the News index template only likes to show the content on the first page.<\\/p>\\r\\n\\r\\n\\r\\n\\r\\n\\r\\n\\r\\n\\r\\n\\r\\n<p>Craft: a nice alternative to Word, if you\\u2019re making a website.<\\/p>\",\"14\":\"\",\"2\":\"\"}}', '2016-07-17 01:21:51', '2016-07-17 01:21:51', '241901c0-d63d-40ee-8ca6-742ff9bd8615');
INSERT INTO `craft_entryversions` (`id`, `entryId`, `sectionId`, `creatorId`, `locale`, `num`, `notes`, `data`, `dateCreated`, `dateUpdated`, `uid`) VALUES
 ('107', '50', '4', '1', 'en_us', '10', '', '{\"typeId\":\"4\",\"authorId\":\"1\",\"title\":\"Sirchie\",\"slug\":\"sirchie\",\"postDate\":1459012380,\"expiryDate\":null,\"enabled\":0,\"parentId\":null,\"fields\":{\"19\":\"Sirchie\",\"14\":[\"88\"],\"34\":\"\",\"33\":\"Elevating an e-Commerce experience for crime scene investigators\",\"16\":\"<p>Connect with an audience DSG struggled to reach, and showcase women\\u2019s athletic clothing in a shippable and shareable format.<\\/p>\",\"26\":{\"86\":{\"type\":\"projectImage\",\"enabled\":\"1\",\"fields\":{\"projectImageSrc\":[\"85\",\"87\",\"90\"]}}},\"18\":\"<p>Users spent more than 6.3K total hours engaging with an interactive video lookbook that features custom photography, integrated share and shop features, and an empowering brand voice.<\\/p>\",\"17\":\"<p>Tell our audience\\u2019s story: Showcase the lives of women who personify both strength and femininity, and use athletic apparel as a key supporting character.<\\/p>\",\"15\":\"<p>Strong is the new skinny.&nbsp;This was the rallying cry behind the Women\\u2019s Fitness campaign we created for Dick\\u2019s Sporting Goods. DSG wanted to reach women who are serious about pushing their bodies, not to conform to society\\u2019s standards, but hit the goals they set for themselves. They want high-quality, on-trend, versatile clothing that meets both their athletic and aesthetic needs. We put DSG\\u2019s line of women\\u2019s apparel on their radar with a campaign that celebrates the lives of strong, beautiful women in a series of product-featuring storytelling vignettes.<\\/p>\",\"2\":[\"20\",\"21\",\"22\"]}}', '2017-01-15 21:55:38', '2017-01-15 21:55:38', '85d5a03b-5e1e-447e-8bea-5781f32ce2de'),
 ('108', '2', '1', '1', 'en_us', '21', '', '{\"typeId\":null,\"authorId\":null,\"title\":\"Home\",\"slug\":\"homepage\",\"postDate\":1459007741,\"expiryDate\":null,\"enabled\":1,\"parentId\":null,\"fields\":{\"1\":\"<p>Condimentum pharetra bibendum nec vestibulum posuere penatibus dignissim a nunc elit a sociosqu quis aliquam mattis. Scelerisque facilisi metus amet a suscipit lacinia etiam scelerisque eu nostra a ullamcorper torquent augue cum ac lobortis scelerisque platea ultricies eget magna sed imperdiet a nisi. Lacus ultrices morbi nibh eros ultrices habitant condimentum nam auctor sapien nec a a malesuada nunc.&nbsp;<\\/p>\\r\\n<p>Ultrices fusce condimentum aliquet bibendum diam est a a vestibulum a suspendisse congue parturient ad. Egestas diam a ligula suspendisse in condimentum quam magnis proin et id parturient ac per mattis velit a condimentum vehicula a parturient quis justo. Ligula fusce dui sociosqu condimentum inceptos dis torquent dui ac justo libero mi dapibus parturient ac sed condimentum id felis scelerisque penatibus porta consequat vitae. Elementum a a adipiscing amet consectetur vestibulum a ut tellus sed cum adipiscing ligula cubilia leo praesent ligula id sociis euismod et scelerisque at. A ullamcorper ridiculus placerat posuere in parturient adipiscing ad ad ornare aptent et scelerisque pretium urna ad vel ac mi vestibulum penatibus amet vitae a justo. Consectetur parturient a donec non ut proin ad dapibus at habitant adipiscing a ante urna odio sed dictumst litora parturient lacus parturient himenaeos vestibulum proin.&nbsp;<\\/p>\\r\\n<p>Dictumst nunc parturient volutpat felis cubilia consectetur habitant cras natoque suspendisse a scelerisque mattis parturient. Ut parturient dapibus dui porttitor venenatis accumsan a suspendisse varius condimentum bibendum ut hendrerit scelerisque a potenti eros velit cubilia. Ullamcorper parturient volutpat duis tortor a a parturient et est ultricies a morbi nisl vestibulum porta semper a vulputate adipiscing ac hac arcu auctor purus.&nbsp;<\\/p>\\r\\n<p>Mattis nam sit orci suscipit dolor morbi per commodo eros a vivamus quam eros sem eleifend amet dictum lectus a eu justo vehicula nullam sociosqu ad. Quis fermentum at habitant vestibulum leo cubilia diam posuere libero tellus luctus blandit a consectetur fringilla. Class ridiculus consectetur habitasse natoque mattis condimentum per nec cum et senectus ultricies euismod vestibulum a condimentum dui. Imperdiet vestibulum maecenas vehicula a ullamcorper fermentum a risus a ridiculus a enim quis viverra vivamus scelerisque mi velit euismod donec ad. Magna cras eros integer netus vestibulum justo tempor urna ullamcorper nec inceptos suspendisse inceptos placerat a commodo id quam mi dolor est at nulla venenatis cum. Mus dignissim fames parturient nisi bibendum felis platea sociosqu a consectetur consectetur a leo consectetur a.&nbsp;<\\/p>\\r\\n<p>Parturient sociosqu ullamcorper ultrices interdum leo non venenatis scelerisque sagittis mus euismod consectetur a cubilia primis sed vestibulum parturient odio nibh vestibulum natoque a. Donec ultrices blandit parturient nec lacinia a vestibulum sed ullamcorper rhoncus nam lacus condimentum eros nibh mi ullamcorper. Pharetra parturient parturient laoreet tincidunt metus eget quis a eu parturient a pulvinar a elit tempus iaculis nunc tellus massa vestibulum ullamcorper quisque eu penatibus vestibulum feugiat ad pharetra. Sociis euismod in vestibulum id neque nam consequat dignissim hendrerit parturient curabitur arcu sapien cubilia nisl egestas pretium.<\\/p>\",\"14\":[\"47\"],\"34\":\"Enriching brands through handcrafted digital experiences\",\"33\":\"Digital Mastermind\",\"32\":[\"49\",\"23\"]}}', '2017-01-22 22:05:45', '2017-01-22 22:05:45', '7dc38006-47c3-475d-a010-c0d35226a437'),
 ('109', '4', '3', '1', 'en_us', '7', '', '{\"typeId\":null,\"authorId\":null,\"title\":\"Contact\",\"slug\":\"contact\",\"postDate\":1459012262,\"expiryDate\":null,\"enabled\":1,\"parentId\":null,\"fields\":{\"1\":\"<p>Lorem ipsum dolor sit amet, consectetur adipiscing elit. Duis dignissim ornare quam, quis porta turpis imperdiet non. Duis id vestibulum mauris. Aliquam erat lacus, porttitor bibendum lobortis nec, elementum ut magna. Aliquam pretium vulputate orci sed tincidunt. Pellentesque lobortis non lectus eu feugiat. Praesent faucibus interdum est. Maecenas purus libero, efficitur at lacus nec, consectetur iaculis sapien. Nunc non lorem volutpat, blandit ipsum at, semper lorem. Nam vitae cursus eros. Cras a urna erat. Praesent consequat, nibh eget varius tincidunt, velit diam interdum neque, eu auctor est augue eu lorem. Morbi posuere a erat at pulvinar. Nam sit amet justo eget sapien fringilla imperdiet a a turpis. Aenean sollicitudin non magna ac consequat.<\\/p>\",\"14\":\"\",\"34\":\"\",\"33\":\"\"}}', '2017-02-04 15:35:01', '2017-02-04 15:35:01', '359b9a4f-4825-4a5d-b90f-c889a7e9befc'),
 ('110', '16', '5', '1', 'en_us', '11', '', '{\"typeId\":\"5\",\"authorId\":null,\"title\":\"My Story\",\"slug\":\"about\",\"postDate\":1462826941,\"expiryDate\":null,\"enabled\":1,\"parentId\":null,\"fields\":{\"1\":\"<p>Lorem ipsum dolor sit amet, consectetur adipiscing elit. Duis dignissim ornare quam, quis porta turpis imperdiet non. Duis id vestibulum mauris. Aliquam erat lacus, porttitor bibendum lobortis nec, elementum ut magna. Aliquam pretium vulputate orci sed tincidunt. Pellentesque lobortis non lectus eu feugiat. Praesent faucibus interdum est. Maecenas purus libero, efficitur at lacus nec, consectetur iaculis sapien. Nunc non lorem volutpat, blandit ipsum at, semper lorem. Nam vitae cursus eros. Cras a urna erat. Praesent consequat, nibh eget varius tincidunt, velit diam interdum neque, eu auctor est augue eu lorem. Morbi posuere a erat at pulvinar. Nam sit amet justo eget sapien fringilla imperdiet a a turpis. Aenean sollicitudin non magna ac consequat.<\\/p>\\r\\n<h3>Values<\\/h3>\",\"36\":\"\",\"35\":[\"4\"],\"28\":\"<h1>Want to work with me?<\\/h1>\\r\\n<p>I\'m pretty awesome. I&nbsp;promise. Let\'s start a project together.<\\/p>\",\"14\":\"\",\"34\":\"\",\"33\":\"Brand focused. Strategy driven. Design-led.\"}}', '2017-02-04 15:37:14', '2017-02-04 15:37:14', '8394ce35-2411-4897-b4e0-42af66acf058'),
 ('111', '100', '2', '1', 'en_us', '1', '', '{\"typeId\":null,\"authorId\":\"1\",\"title\":\"Colorful Inspiration For Gray Days: Illustration And Photography At Their Best\",\"slug\":\"colorful-inspiration-for-gray-days-illustration-and-photography-at-their-best\",\"postDate\":1486224977,\"expiryDate\":null,\"enabled\":1,\"parentId\":null,\"fields\":{\"1\":\"<p>I register a lot of domain names. Chances are if you\\u2019re reading this, you probably have at least a few yourself. Only a handful of mine are in active use. All the others represent a good intention I had to make an awesome website.<\\/p>\\r\\n<p>The domains all start innocently enough: it could be a funny turn of phrase I hear while out with some friends; an overheard quip from a television in background; a little burning ember of an idea that keeps coming back to me. There was the one where I would interview people about their most prized possession, or the single-serving site about alternatives to using Helvetica. The list goes on and on.<\\/p>\\r\\n<p>Around this time of year a bunch of my domain names come up for renewal&mdash;likely registered after nights out with friends around the holidays. When they came up for renewal this time, I had to stop and think for a minute. What the hell am I doing? Why do I keep renewing these domains when I will probably never get around to doing anything with them.<\\/p>\\r\\n<p>This is a domain affliction. It feels encoded in any of us working on the web; we register domains at the drop of a hat. Not because we\\u2019re looking for a future pay day, but because we\\u2019re in constant conflict with the evil domain squatters.<\\/p>\\r\\n<p>In recent years, the internet has self-corrected the domain squatter problem. There are many viable TLDs available beyond the workhorse .com, from .co, .io, .is, .me, and so many more. But the big change here is that URLs just aren\\u2019t that important anymore. It\\u2019s still nice to have a short and memorable domain, but the&nbsp;<em>means<\\/em>&nbsp;to get to a site is more important than ever: links. It doesn\\u2019t matter how&nbsp;<a href=\\\"http:\\/\\/dowebsitesneedtolookexactlythesameineverybrowser.com\\/\\\">long<\\/a>&nbsp;or&nbsp;<a href=\\\"http:\\/\\/fontface.ninja\\/\\\">weird<\\/a>&nbsp;your URL is, just link someone to it.<\\/p>\\r\\n<p>Maybe it\\u2019s time I got rid of those extra domains.<\\/p>\\r\\n<p>Years ago&nbsp;<a href=\\\"https:\\/\\/twitter.com\\/jasonsantamaria\\/status\\/37378667717861376\\\">I mused<\\/a>&nbsp;that it would be fun to hold a poker game and use domains as the chips. Though, that could actually mean walking away with more domains than you arrived with. Ugh!<\\/p>\\r\\n<p>More recently I thought it could be fun to have a site (hey, I could get another domain!) where people could list domains for others to claim. But with a catch to keep the domain from just languishing on someone else\\u2019s shelf: they\\u2019d have a month or so to make a site that uses the domain before it would be transferred to them.<\\/p>\\r\\n<p>But that seems silly too. Almost like instead of collecting domains I\\u2019m collecting ideas to offload domains. Honestly, if I haven\\u2019t followed through on the idea behind a domain by now, I\\u2019m just wasting money on them. Money that could be going to a charity or at the very least, not down the drain. And some non-domain-squatter might have a better idea for that domain anyway.<\\/p>\\r\\n<p>I think as my unused domains come up for renewal I\\u2019m just going to let them go, or offer them to folks who might use them. There was a time when a domain represented a placeholder for an idea to me. And worse yet, buying the domain gave me a feeling of accomplishment that took the pressure off of having to finish anything more. Now they\\u2019ve just become a neglected to-do list (and I have some of those too).<\\/p>\\r\\n<p>If all those domains went away tomorrow, I would still have&nbsp;<a href=\\\"http:\\/\\/jasonsantamaria.com\\/articles\\/piles-of-ideas\\\">the ideas<\\/a>. Those creative impulses can be just a list or a scribble in a sketchbook, until they actually need to be something more. There will be plenty of domains.<\\/p>\",\"14\":\"\",\"2\":\"\"}}', '2017-02-04 16:16:18', '2017-02-04 16:16:18', '56441ace-400a-41dd-a087-8e9cd67e1d59'),
 ('112', '2', '1', '1', 'en_us', '22', '', '{\"typeId\":null,\"authorId\":null,\"title\":\"Home\",\"slug\":\"homepage\",\"postDate\":1459007741,\"expiryDate\":null,\"enabled\":1,\"parentId\":null,\"fields\":{\"1\":\"<h1>We craft experiences for the web, helping brands speak human in a&nbsp;<em>digital world<\\/em>.<\\/h1>\",\"14\":[\"47\"],\"34\":\"Enriching brands through handcrafted digital experiences\",\"33\":\"Digital Mastermind\",\"32\":[\"49\",\"23\"]}}', '2017-02-04 16:35:09', '2017-02-04 16:35:09', '9a4c30f9-6cc0-4915-bfad-c09751f6f890');



DROP TABLE IF EXISTS `craft_fieldgroups`;


--
-- Schema for table `craft_fieldgroups`
--
CREATE TABLE `craft_fieldgroups` (
  `id` int(11) NOT NULL AUTO_INCREMENT,
  `name` varchar(255) COLLATE utf8_unicode_ci NOT NULL,
  `dateCreated` datetime NOT NULL,
  `dateUpdated` datetime NOT NULL,
  `uid` char(36) COLLATE utf8_unicode_ci NOT NULL DEFAULT '0',
  PRIMARY KEY (`id`),
  UNIQUE KEY `craft_fieldgroups_name_unq_idx` (`name`)
) ENGINE=InnoDB AUTO_INCREMENT=8 DEFAULT CHARSET=utf8 COLLATE=utf8_unicode_ci;

--
-- Data for table `craft_fieldgroups`
--

INSERT INTO `craft_fieldgroups` (`id`, `name`, `dateCreated`, `dateUpdated`, `uid`) VALUES
 ('1', 'Default', '2016-03-26 15:55:41', '2016-03-26 15:55:41', 'e9e321c3-2b34-4138-94dd-47450ab992e3'),
 ('2', 'Menu', '2016-03-26 17:19:42', '2016-03-26 17:19:42', '3c308589-a38a-4df4-9c8c-e9266f6796b9'),
 ('3', 'Social', '2016-03-26 18:05:50', '2016-03-26 18:05:50', '0299ac67-2c56-42fc-a10c-a90bfdfc9aa6'),
 ('4', 'Project', '2016-03-26 23:48:09', '2016-03-26 23:48:09', '63ec4e7b-4ac7-44f7-b160-fbc20279940f'),
 ('5', 'Media', '2016-03-27 00:36:05', '2016-03-27 00:36:05', 'aebf9f4f-0af0-405c-b2f5-1badd339cb2e'),
 ('6', 'CTA', '2016-03-31 10:25:00', '2016-03-31 10:25:10', '9eb6ce12-9725-468f-85d8-86d9d35962ce'),
 ('7', 'Hero', '2016-06-02 11:25:39', '2016-06-02 11:25:39', '0f761cfa-2014-4f4a-b7e2-efdfc02b27b1');



DROP TABLE IF EXISTS `craft_fieldlayoutfields`;


--
-- Schema for table `craft_fieldlayoutfields`
--
CREATE TABLE `craft_fieldlayoutfields` (
  `id` int(11) NOT NULL AUTO_INCREMENT,
  `layoutId` int(11) NOT NULL,
  `tabId` int(11) NOT NULL,
  `fieldId` int(11) NOT NULL,
  `required` tinyint(1) unsigned NOT NULL DEFAULT '0',
  `sortOrder` smallint(6) unsigned DEFAULT NULL,
  `dateCreated` datetime NOT NULL,
  `dateUpdated` datetime NOT NULL,
  `uid` char(36) COLLATE utf8_unicode_ci NOT NULL DEFAULT '0',
  PRIMARY KEY (`id`),
  UNIQUE KEY `craft_fieldlayoutfields_layoutId_fieldId_unq_idx` (`layoutId`,`fieldId`),
  KEY `craft_fieldlayoutfields_sortOrder_idx` (`sortOrder`),
  KEY `craft_fieldlayoutfields_tabId_fk` (`tabId`),
  KEY `craft_fieldlayoutfields_fieldId_fk` (`fieldId`)
) ENGINE=InnoDB AUTO_INCREMENT=144 DEFAULT CHARSET=utf8 COLLATE=utf8_unicode_ci;

--
-- Data for table `craft_fieldlayoutfields`
--

INSERT INTO `craft_fieldlayoutfields` (`id`, `layoutId`, `tabId`, `fieldId`, `required`, `sortOrder`, `dateCreated`, `dateUpdated`, `uid`) VALUES
 ('10', '14', '7', '10', '1', '1', '2016-03-26 18:11:21', '2016-03-26 18:11:21', '86b8af34-6da0-4115-b474-1e61264c1796'),
 ('11', '14', '7', '11', '1', '2', '2016-03-26 18:11:21', '2016-03-26 18:11:21', '8dee6c42-e264-499a-b6ea-14e56d15932b'),
 ('12', '14', '7', '12', '1', '3', '2016-03-26 18:11:21', '2016-03-26 18:11:21', '5849d3fb-553f-4e00-ae64-eb45ed468370'),
 ('13', '14', '7', '13', '0', '4', '2016-03-26 18:11:21', '2016-03-26 18:11:21', 'c9217d57-3866-4a5a-86bd-d9dc7e5bd9e3'),
 ('14', '15', '8', '9', '0', '1', '2016-03-26 18:11:37', '2016-03-26 18:11:37', '757c0f58-dd05-4242-864d-9a613236c682'),
 ('15', '24', '9', '1', '1', '1', '2016-03-26 22:10:23', '2016-03-26 22:10:23', '6c9530c4-b722-42bd-afce-905af16bb0d8'),
 ('16', '24', '9', '14', '0', '2', '2016-03-26 22:10:23', '2016-03-26 22:10:23', '8a7a989e-0bb7-4a8f-a3fb-c90f095a66ff'),
 ('17', '24', '9', '2', '0', '3', '2016-03-26 22:10:23', '2016-03-26 22:10:23', '0bb38260-99ef-4ae4-b644-d58af0657535'),
 ('32', '28', '12', '21', '0', '1', '2016-03-27 00:35:36', '2016-03-27 00:35:36', '096abbd1-3864-4d6c-b06c-743fac79d2ed'),
 ('33', '28', '12', '22', '0', '2', '2016-03-27 00:35:36', '2016-03-27 00:35:36', '1d80553e-0bc9-4f45-951b-6aa8a4757c86'),
 ('34', '29', '13', '23', '0', '1', '2016-03-27 00:41:40', '2016-03-27 00:41:40', '09a12727-fe6b-4c37-950b-eb75caf72f8f'),
 ('45', '37', '19', '27', '0', '1', '2016-03-29 11:11:46', '2016-03-29 11:11:46', '6b3f90de-f423-44ea-b5e0-21417b95b9ad'),
 ('73', '49', '30', '30', '0', '1', '2016-04-19 22:44:11', '2016-04-19 22:44:11', '81e8bc6d-adb3-4e4c-bef0-dd53a3bd5b6f'),
 ('74', '49', '30', '31', '0', '2', '2016-04-19 22:44:11', '2016-04-19 22:44:11', '6bf03551-bbda-4a46-92cf-34a308dc3028'),
 ('75', '50', '31', '25', '0', '1', '2016-04-19 22:44:25', '2016-04-19 22:44:25', 'ee2428a4-8cec-4cb4-8e1c-21218b90c731'),
 ('76', '50', '31', '28', '0', '2', '2016-04-19 22:44:25', '2016-04-19 22:44:25', '22790584-dadd-4222-93f8-7e3839df6458'),
 ('77', '50', '31', '20', '0', '3', '2016-04-19 22:44:25', '2016-04-19 22:44:25', '961accd3-48b9-4541-aa08-9fa221fb1cbe'),
 ('78', '50', '31', '29', '0', '4', '2016-04-19 22:44:25', '2016-04-19 22:44:25', '1fd59523-155a-4f7d-b6a8-d6eb793a3705'),
 ('110', '61', '42', '1', '1', '1', '2016-06-02 11:27:27', '2016-06-02 11:27:27', '0f2abb9a-b8e0-4260-99b2-4f9df4ef88b7'),
 ('111', '61', '42', '32', '0', '2', '2016-06-02 11:27:27', '2016-06-02 11:27:27', 'a9512e2b-f716-4396-88ce-9887efc1fa34'),
 ('112', '61', '43', '14', '0', '1', '2016-06-02 11:27:27', '2016-06-02 11:27:27', '76492e5e-bf5b-4fe3-b567-54e5157c15f6'),
 ('113', '61', '43', '33', '0', '2', '2016-06-02 11:27:27', '2016-06-02 11:27:27', 'fff14222-c666-4c11-bbca-32bb3d5ab4b1'),
 ('114', '61', '43', '34', '0', '3', '2016-06-02 11:27:27', '2016-06-02 11:27:27', '30af2edb-6057-48c5-a19d-b90bcc129d9e'),
 ('115', '62', '44', '1', '0', '1', '2016-06-02 11:27:51', '2016-06-02 11:27:51', 'cd35efdc-0d64-405d-be14-b6ebb7a1b93a'),
 ('116', '62', '45', '14', '0', '1', '2016-06-02 11:27:51', '2016-06-02 11:27:51', '39514a53-bf2e-4f43-ac85-69e3f9a6a073'),
 ('117', '62', '45', '33', '0', '2', '2016-06-02 11:27:51', '2016-06-02 11:27:51', 'af8f3dbd-5ce6-48f1-b9b0-2683106fdb8e'),
 ('118', '62', '45', '34', '0', '3', '2016-06-02 11:27:51', '2016-06-02 11:27:51', 'b376fe90-6db7-4513-b03f-f185a0915511'),
 ('123', '64', '48', '1', '0', '1', '2016-06-02 11:31:14', '2016-06-02 11:31:14', 'f3b583d2-7ab7-4900-91a5-826627b19d74'),
 ('124', '64', '49', '14', '0', '1', '2016-06-02 11:31:14', '2016-06-02 11:31:14', '8ed07e8e-a878-4b7a-b644-4aa57c93f374'),
 ('125', '64', '49', '33', '0', '2', '2016-06-02 11:31:14', '2016-06-02 11:31:14', 'b83d2ab3-7519-4d03-aaba-03ff7d9286f8'),
 ('126', '64', '49', '34', '0', '3', '2016-06-02 11:31:14', '2016-06-02 11:31:14', 'cc349120-45d7-4dec-8521-1b32539163ad'),
 ('127', '65', '50', '19', '0', '1', '2016-06-02 11:31:34', '2016-06-02 11:31:34', '24b417aa-d6ef-4772-8e06-4616a27e469f'),
 ('128', '65', '50', '15', '0', '2', '2016-06-02 11:31:34', '2016-06-02 11:31:34', '81063710-2625-42f0-822b-cfcb2c0f6a8a'),
 ('129', '65', '50', '16', '0', '3', '2016-06-02 11:31:34', '2016-06-02 11:31:34', 'af7c519b-57fa-4947-b540-607c4efa9780'),
 ('130', '65', '50', '17', '0', '4', '2016-06-02 11:31:34', '2016-06-02 11:31:34', 'd25a61a8-58e7-4ebf-9ad5-aea55b3bb735'),
 ('131', '65', '50', '18', '0', '5', '2016-06-02 11:31:34', '2016-06-02 11:31:34', '14f505e0-c841-4701-962e-2fce548d8c94'),
 ('132', '65', '50', '26', '0', '6', '2016-06-02 11:31:34', '2016-06-02 11:31:34', 'de9d9084-fd16-4240-81cc-8406d28de828'),
 ('133', '65', '50', '2', '0', '7', '2016-06-02 11:31:34', '2016-06-02 11:31:34', 'f64e9d8e-02b5-468d-bac4-32e3b8f4cc5c'),
 ('134', '65', '51', '14', '0', '1', '2016-06-02 11:31:34', '2016-06-02 11:31:34', '898a0f51-51b3-4984-a96d-78744f762c3b'),
 ('135', '65', '51', '33', '0', '2', '2016-06-02 11:31:34', '2016-06-02 11:31:34', '95e5af72-7ffd-47c9-9797-cdfa003bfbae'),
 ('136', '65', '51', '34', '0', '3', '2016-06-02 11:31:34', '2016-06-02 11:31:34', 'da4ecc78-2e37-46f2-8383-2c84558a8ddd'),
 ('137', '66', '52', '1', '0', '1', '2016-06-04 22:08:23', '2016-06-04 22:08:23', 'ce5c5792-5005-4163-baf1-84a9bb8c2fb3'),
 ('138', '66', '53', '14', '0', '1', '2016-06-04 22:08:23', '2016-06-04 22:08:23', '7cf2ea2e-a902-4b4b-9102-f300f5d4e225'),
 ('139', '66', '53', '33', '0', '2', '2016-06-04 22:08:23', '2016-06-04 22:08:23', 'ed9d4cd0-5bbf-46cd-87b3-b3a48489ae4c'),
 ('140', '66', '53', '34', '0', '3', '2016-06-04 22:08:23', '2016-06-04 22:08:23', '007fdb26-72e1-48e4-b5ac-047a97d4c3ac'),
 ('141', '66', '54', '36', '0', '1', '2016-06-04 22:08:23', '2016-06-04 22:08:23', 'b3ce4d56-6d26-4907-9e30-f1f7c79750d2'),
 ('142', '66', '54', '35', '0', '2', '2016-06-04 22:08:23', '2016-06-04 22:08:23', 'caa24f6c-ace3-4358-832d-2c78f1e5526e'),
 ('143', '66', '54', '28', '0', '3', '2016-06-04 22:08:23', '2016-06-04 22:08:23', 'b9b18e03-a8f9-43cf-bbce-901e1d441530');



DROP TABLE IF EXISTS `craft_fieldlayouts`;


--
-- Schema for table `craft_fieldlayouts`
--
CREATE TABLE `craft_fieldlayouts` (
  `id` int(11) NOT NULL AUTO_INCREMENT,
  `type` varchar(150) COLLATE utf8_unicode_ci NOT NULL,
  `dateCreated` datetime NOT NULL,
  `dateUpdated` datetime NOT NULL,
  `uid` char(36) COLLATE utf8_unicode_ci NOT NULL DEFAULT '0',
  PRIMARY KEY (`id`),
  KEY `craft_fieldlayouts_type_idx` (`type`)
) ENGINE=InnoDB AUTO_INCREMENT=67 DEFAULT CHARSET=utf8 COLLATE=utf8_unicode_ci;

--
-- Data for table `craft_fieldlayouts`
--

INSERT INTO `craft_fieldlayouts` (`id`, `type`, `dateCreated`, `dateUpdated`, `uid`) VALUES
 ('1', 'Tag', '2016-03-26 15:55:41', '2016-03-26 15:55:41', '6b54bd67-824b-4944-81e2-7538bb2bda1e'),
 ('14', 'MatrixBlock', '2016-03-26 18:11:21', '2016-03-26 18:11:21', '7b92b627-3caa-49fc-91f6-6fcd7a8cc571'),
 ('15', 'GlobalSet', '2016-03-26 18:11:37', '2016-03-26 18:11:37', 'f807d793-1a81-4371-8dd2-84cbe6574971'),
 ('24', 'Entry', '2016-03-26 22:10:23', '2016-03-26 22:10:23', '342cff22-7fe6-44cd-b8a9-119383b6a9c1'),
 ('28', 'MatrixBlock', '2016-03-27 00:35:36', '2016-03-27 00:35:36', 'c94b8862-a391-4010-8d6b-8fa8a2130a95'),
 ('29', 'Asset', '2016-03-27 00:41:40', '2016-03-27 00:41:40', '7f43ec6b-8bd5-4f7b-9f6a-d153b992832d'),
 ('37', 'MatrixBlock', '2016-03-29 11:11:46', '2016-03-29 11:11:46', 'e9aab64b-fadc-4101-b2ab-a4a3e8da8e2d'),
 ('49', 'MatrixBlock', '2016-04-19 22:44:11', '2016-04-19 22:44:11', 'b597262d-a8b0-4715-be77-0baa3268529e'),
 ('50', 'GlobalSet', '2016-04-19 22:44:25', '2016-04-19 22:44:25', '9e647a30-6d67-4d4d-855d-b845ff92e3e2'),
 ('61', 'Entry', '2016-06-02 11:27:27', '2016-06-02 11:27:27', '2f5600ae-14a5-41f1-853f-97313b5da1f0'),
 ('62', 'Entry', '2016-06-02 11:27:51', '2016-06-02 11:27:51', 'b48338b5-33bc-4844-bc17-b48e78582984'),
 ('64', 'Entry', '2016-06-02 11:31:14', '2016-06-02 11:31:14', '38ece26d-ce8e-4a03-b2cd-239880ee575e'),
 ('65', 'Entry', '2016-06-02 11:31:34', '2016-06-02 11:31:34', '3059509e-8497-4e5b-8132-0fe6b73febf1'),
 ('66', 'Entry', '2016-06-04 22:08:23', '2016-06-04 22:08:23', '5a314da3-5607-43a6-9533-653ad67c158d');



DROP TABLE IF EXISTS `craft_fieldlayouttabs`;


--
-- Schema for table `craft_fieldlayouttabs`
--
CREATE TABLE `craft_fieldlayouttabs` (
  `id` int(11) NOT NULL AUTO_INCREMENT,
  `layoutId` int(11) NOT NULL,
  `name` varchar(255) COLLATE utf8_unicode_ci NOT NULL,
  `sortOrder` smallint(6) unsigned DEFAULT NULL,
  `dateCreated` datetime NOT NULL,
  `dateUpdated` datetime NOT NULL,
  `uid` char(36) COLLATE utf8_unicode_ci NOT NULL DEFAULT '0',
  PRIMARY KEY (`id`),
  KEY `craft_fieldlayouttabs_sortOrder_idx` (`sortOrder`),
  KEY `craft_fieldlayouttabs_layoutId_fk` (`layoutId`)
) ENGINE=InnoDB AUTO_INCREMENT=55 DEFAULT CHARSET=utf8 COLLATE=utf8_unicode_ci;

--
-- Data for table `craft_fieldlayouttabs`
--

INSERT INTO `craft_fieldlayouttabs` (`id`, `layoutId`, `name`, `sortOrder`, `dateCreated`, `dateUpdated`, `uid`) VALUES
 ('7', '14', 'Content', '1', '2016-03-26 18:11:21', '2016-03-26 18:11:21', '959b13cd-75f9-4f2c-b846-5395d21f41b9'),
 ('8', '15', 'Content', '1', '2016-03-26 18:11:37', '2016-03-26 18:11:37', '430de670-86e5-4f05-91aa-c3dae0ebc40e'),
 ('9', '24', 'Content', '1', '2016-03-26 22:10:23', '2016-03-26 22:10:23', '42180160-6950-487f-9917-d1ddfba7f873'),
 ('12', '28', 'Content', '1', '2016-03-27 00:35:36', '2016-03-27 00:35:36', '92210e10-39ab-4bdb-8876-fc9a57e45e04'),
 ('13', '29', 'Content', '1', '2016-03-27 00:41:40', '2016-03-27 00:41:40', 'bb3ee0bd-b0d3-4a49-a9cf-3b9af8047ca9'),
 ('19', '37', 'Content', '1', '2016-03-29 11:11:46', '2016-03-29 11:11:46', 'b82986df-00c7-48d1-8b48-1b79adc2e16d'),
 ('30', '49', 'Content', '1', '2016-04-19 22:44:11', '2016-04-19 22:44:11', 'aef3ecfb-3f57-42b8-960e-229a598da8c9'),
 ('31', '50', 'Content', '1', '2016-04-19 22:44:25', '2016-04-19 22:44:25', '1f16a004-a96b-46fb-b6f9-2d2acb489201'),
 ('42', '61', 'Main', '1', '2016-06-02 11:27:27', '2016-06-02 11:27:27', '2f270b5a-e364-4ea0-ba78-0e40ec1ea4ea'),
 ('43', '61', 'Hero', '2', '2016-06-02 11:27:27', '2016-06-02 11:27:27', '524087fd-3fa5-4db8-9962-a0fbf432eab1'),
 ('44', '62', 'Main', '1', '2016-06-02 11:27:51', '2016-06-02 11:27:51', 'c7ed22eb-046f-4e17-a383-643c9105f568'),
 ('45', '62', 'Hero', '2', '2016-06-02 11:27:51', '2016-06-02 11:27:51', 'f4d84429-979b-472d-b10c-9edb04bdd950'),
 ('48', '64', 'Main', '1', '2016-06-02 11:31:14', '2016-06-02 11:31:14', '8586565d-adda-409e-80da-26392c4cd321'),
 ('49', '64', 'Hero', '2', '2016-06-02 11:31:14', '2016-06-02 11:31:14', 'f66d7b74-a3e1-4a96-8812-521763390391'),
 ('50', '65', 'Project', '1', '2016-06-02 11:31:34', '2016-06-02 11:31:34', '6397c4a3-0873-4d30-85ab-be563417d98c'),
 ('51', '65', 'Hero', '2', '2016-06-02 11:31:34', '2016-06-02 11:31:34', '797c859d-d042-4865-b9ad-e8dbd387a186'),
 ('52', '66', 'Main', '1', '2016-06-04 22:08:23', '2016-06-04 22:08:23', '895be871-0707-40e7-b1b4-b3de782efe66'),
 ('53', '66', 'Hero', '2', '2016-06-04 22:08:23', '2016-06-04 22:08:23', '1e2a9cbe-86a1-4ec6-92e7-6e1fd3f36cdf'),
 ('54', '66', 'CTA', '3', '2016-06-04 22:08:23', '2016-06-04 22:08:23', 'eda26c79-9505-4e85-8efc-ea3a6489452d');



DROP TABLE IF EXISTS `craft_fields`;


--
-- Schema for table `craft_fields`
--
CREATE TABLE `craft_fields` (
  `id` int(11) NOT NULL AUTO_INCREMENT,
  `groupId` int(11) DEFAULT NULL,
  `name` varchar(255) COLLATE utf8_unicode_ci NOT NULL,
  `handle` varchar(58) COLLATE utf8_unicode_ci NOT NULL,
  `context` varchar(255) COLLATE utf8_unicode_ci NOT NULL DEFAULT 'global',
  `instructions` text COLLATE utf8_unicode_ci,
  `translatable` tinyint(1) unsigned NOT NULL DEFAULT '0',
  `type` varchar(150) COLLATE utf8_unicode_ci NOT NULL,
  `settings` text COLLATE utf8_unicode_ci,
  `dateCreated` datetime NOT NULL,
  `dateUpdated` datetime NOT NULL,
  `uid` char(36) COLLATE utf8_unicode_ci NOT NULL DEFAULT '0',
  PRIMARY KEY (`id`),
  UNIQUE KEY `craft_fields_handle_context_unq_idx` (`handle`,`context`),
  KEY `craft_fields_context_idx` (`context`),
  KEY `craft_fields_groupId_fk` (`groupId`)
) ENGINE=InnoDB AUTO_INCREMENT=37 DEFAULT CHARSET=utf8 COLLATE=utf8_unicode_ci;

--
-- Data for table `craft_fields`
--

INSERT INTO `craft_fields` (`id`, `groupId`, `name`, `handle`, `context`, `instructions`, `translatable`, `type`, `settings`, `dateCreated`, `dateUpdated`, `uid`) VALUES
 ('1', '1', 'Body', 'body', 'global', NULL, '1', 'RichText', '{\"configFile\":\"Standard.json\",\"columnType\":\"text\"}', '2016-03-26 15:55:41', '2016-03-26 15:55:41', 'b264fe0f-e99f-41b8-a38a-072f66a4c056'),
 ('2', '1', 'Tags', 'tags', 'global', NULL, '0', 'Tags', '{\"source\":\"taggroup:1\"}', '2016-03-26 15:55:41', '2016-03-26 15:55:41', '97a451c4-ffa6-4ab7-bb6f-5a7759e2ef8c'),
 ('9', '3', 'Social Links', 'socialLinks', 'global', '', '0', 'Matrix', '{\"maxBlocks\":null}', '2016-03-26 18:11:20', '2016-03-26 18:11:20', '7833bce2-18be-4389-a585-7ca5ef62dcce'),
 ('10', NULL, 'Social Link Label', 'socialLinkLabel', 'matrixBlockType:3', '', '0', 'PlainText', '{\"placeholder\":\"\",\"maxLength\":\"\",\"multiline\":\"\",\"initialRows\":\"4\"}', '2016-03-26 18:11:21', '2016-03-26 18:11:21', '974c2e56-b31c-47b7-9a19-3b3aceea4b94'),
 ('11', NULL, 'Social Link URL', 'socialLinkUrl', 'matrixBlockType:3', '', '0', 'PlainText', '{\"placeholder\":\"http:\\/\\/\",\"maxLength\":\"\",\"multiline\":\"\",\"initialRows\":\"4\"}', '2016-03-26 18:11:21', '2016-03-26 18:11:21', '4fd231a7-d5fb-4b80-a5ae-ea118ce6aba9'),
 ('12', NULL, 'Social Link Description', 'socialLinkDescription', 'matrixBlockType:3', '', '0', 'PlainText', '{\"placeholder\":\"\",\"maxLength\":\"\",\"multiline\":\"\",\"initialRows\":\"4\"}', '2016-03-26 18:11:21', '2016-03-26 18:11:21', '3e38a262-d9c6-4cf2-879f-e13e3cc82858'),
 ('13', NULL, 'Social Link CSS Class', 'socialLinkCssClass', 'matrixBlockType:3', '', '0', 'PlainText', '{\"placeholder\":\"\",\"maxLength\":\"\",\"multiline\":\"\",\"initialRows\":\"4\"}', '2016-03-26 18:11:21', '2016-03-26 18:11:21', '33bd30bb-aaa3-4b0a-accb-9a20be49aa7f'),
 ('14', '7', 'Featured Image', 'featuredImage', 'global', '', '0', 'Assets', '{\"useSingleFolder\":\"\",\"sources\":\"*\",\"defaultUploadLocationSource\":\"1\",\"defaultUploadLocationSubpath\":\"\",\"singleUploadLocationSource\":\"1\",\"singleUploadLocationSubpath\":\"\",\"restrictFiles\":\"\",\"limit\":\"\",\"viewMode\":\"large\",\"selectionLabel\":\"Add a featured image\"}', '2016-03-26 22:09:42', '2016-06-02 11:25:50', 'ce54c537-1a66-49e3-bb45-3d781fddbb37'),
 ('15', '4', 'Project Summary', 'projectSummary', 'global', '', '0', 'RichText', '{\"configFile\":\"\",\"availableAssetSources\":\"*\",\"availableTransforms\":\"*\",\"cleanupHtml\":\"\",\"purifyHtml\":\"\",\"columnType\":\"text\"}', '2016-03-26 23:48:50', '2016-03-26 23:48:50', '360efe62-aa71-4336-9d4a-4ab2eacaba38'),
 ('16', '4', 'Project Challenge', 'projectChallenge', 'global', '', '0', 'RichText', '{\"configFile\":\"\",\"availableAssetSources\":\"*\",\"availableTransforms\":\"*\",\"cleanupHtml\":\"\",\"purifyHtml\":\"\",\"columnType\":\"text\"}', '2016-03-26 23:49:34', '2016-03-26 23:49:34', '231e97ac-c20a-4b3c-85b0-d6664b6ac5ce'),
 ('17', '4', 'Project Solution', 'projectSolution', 'global', '', '0', 'RichText', '{\"configFile\":\"\",\"availableAssetSources\":\"*\",\"availableTransforms\":\"*\",\"cleanupHtml\":\"\",\"purifyHtml\":\"\",\"columnType\":\"text\"}', '2016-03-26 23:49:57', '2016-03-26 23:49:57', '13e534d0-d84a-41d4-9191-c956052230cd'),
 ('18', '4', 'Project Results', 'projectResults', 'global', '', '0', 'RichText', '{\"configFile\":\"\",\"availableAssetSources\":\"*\",\"availableTransforms\":\"*\",\"cleanupHtml\":\"\",\"purifyHtml\":\"\",\"columnType\":\"text\"}', '2016-03-26 23:50:25', '2016-03-26 23:50:25', '96efaf5d-63f1-4f0c-abd1-0a5211f2c999'),
 ('19', '4', 'Client Name', 'clientName', 'global', '', '0', 'PlainText', '{\"placeholder\":\"\",\"maxLength\":\"\",\"multiline\":\"\",\"initialRows\":\"4\"}', '2016-03-26 23:51:09', '2016-03-26 23:51:09', '683651f2-baf3-4da1-a5f9-19db3b8cb665'),
 ('20', '1', 'Clients', 'clients', 'global', '', '0', 'Matrix', '{\"maxBlocks\":null}', '2016-03-27 00:35:36', '2016-03-27 00:35:36', '87b5fb97-d3cf-4cf3-acc0-a197bd9e36c1'),
 ('21', NULL, 'Client Name', 'clientName', 'matrixBlockType:4', '', '0', 'PlainText', '{\"placeholder\":\"\",\"maxLength\":\"\",\"multiline\":\"\",\"initialRows\":\"4\"}', '2016-03-27 00:35:36', '2016-03-27 00:35:36', '410fa33b-5c55-46c3-8b15-2217cf54269d'),
 ('22', NULL, 'Client Logo', 'clientLogo', 'matrixBlockType:4', '', '0', 'Assets', '{\"useSingleFolder\":\"\",\"sources\":\"*\",\"defaultUploadLocationSource\":\"1\",\"defaultUploadLocationSubpath\":\"\",\"singleUploadLocationSource\":\"1\",\"singleUploadLocationSubpath\":\"\",\"restrictFiles\":\"\",\"limit\":\"1\",\"viewMode\":\"large\",\"selectionLabel\":\"\"}', '2016-03-27 00:35:36', '2016-03-27 00:35:36', '8b51dcf0-93f8-4c24-a41d-77d3550faac9'),
 ('23', '5', 'Alt Description', 'altDescription', 'global', '', '0', 'PlainText', '{\"placeholder\":\"\",\"maxLength\":\"\",\"multiline\":\"\",\"initialRows\":\"4\"}', '2016-03-27 00:36:31', '2016-03-27 00:36:31', '41ba4b98-1dda-4336-901c-985ce10d9fe8'),
 ('25', '1', 'Site Tagline', 'siteTagline', 'global', '', '0', 'PlainText', '{\"placeholder\":\"\",\"maxLength\":\"\",\"multiline\":\"\",\"initialRows\":\"4\"}', '2016-03-29 11:02:39', '2016-03-29 11:02:39', '37c2af90-2d92-492b-92d5-b644a071bcd1'),
 ('26', '4', 'Project Images', 'projectImages', 'global', '', '0', 'Matrix', '{\"maxBlocks\":null}', '2016-03-29 11:11:46', '2016-03-29 11:11:46', 'f2d52ed6-441d-4b16-8246-45e8ad10febe'),
 ('27', NULL, 'Project Image Src', 'projectImageSrc', 'matrixBlockType:5', '', '0', 'Assets', '{\"useSingleFolder\":\"\",\"sources\":\"*\",\"defaultUploadLocationSource\":\"1\",\"defaultUploadLocationSubpath\":\"\",\"singleUploadLocationSource\":\"1\",\"singleUploadLocationSubpath\":\"\",\"restrictFiles\":\"\",\"limit\":\"\",\"viewMode\":\"large\",\"selectionLabel\":\"\"}', '2016-03-29 11:11:46', '2016-03-29 11:11:46', '117791b6-e395-4452-b87b-536a8811f1d3'),
 ('28', '6', 'CTA Message', 'ctaMessage', 'global', '', '0', 'RichText', '{\"configFile\":\"\",\"availableAssetSources\":\"*\",\"availableTransforms\":\"*\",\"cleanupHtml\":\"1\",\"purifyHtml\":\"\",\"columnType\":\"text\"}', '2016-03-31 10:25:57', '2016-03-31 10:25:57', '6ec4fd18-62d3-4bd2-82ea-0c06bbfdb2bf'),
 ('29', '1', 'Awards', 'awards', 'global', '', '0', 'Matrix', '{\"maxBlocks\":null}', '2016-04-19 22:44:00', '2016-04-19 22:44:11', '5fa2da05-786a-44da-9ec3-dacd03daa791'),
 ('30', NULL, 'Award Name', 'awardName', 'matrixBlockType:6', '', '0', 'PlainText', '{\"placeholder\":\"\",\"maxLength\":\"\",\"multiline\":\"\",\"initialRows\":\"4\"}', '2016-04-19 22:44:00', '2016-04-19 22:44:11', '9b3482fa-0d62-44d5-be4f-bd1671904630'),
 ('31', NULL, 'Award Logo', 'awardLogo', 'matrixBlockType:6', '', '0', 'Assets', '{\"useSingleFolder\":\"\",\"sources\":\"*\",\"defaultUploadLocationSource\":\"1\",\"defaultUploadLocationSubpath\":\"\",\"singleUploadLocationSource\":\"1\",\"singleUploadLocationSubpath\":\"\",\"restrictFiles\":\"\",\"limit\":\"1\",\"viewMode\":\"large\",\"selectionLabel\":\"\"}', '2016-04-19 22:44:00', '2016-04-19 22:44:11', '9d347b8c-1c99-48b2-8235-ee24dd1330a1'),
 ('32', '4', 'Related Projects', 'relatedProjects', 'global', '', '0', 'Entries', '{\"sources\":[\"section:4\"],\"limit\":\"\",\"selectionLabel\":\"\"}', '2016-04-23 16:50:28', '2016-04-23 16:50:28', '7436e07d-c39f-4b17-80e1-5adba06f93bb'),
 ('33', '7', 'Featured Title', 'featuredTitle', 'global', '', '0', 'PlainText', '{\"placeholder\":\"\",\"maxLength\":\"\",\"multiline\":\"\",\"initialRows\":\"4\"}', '2016-04-25 23:48:34', '2016-06-02 11:26:00', '67e1a939-763c-4040-b15d-b153785b630b'),
 ('34', '7', 'Featured Subtitle', 'featuredSubtitle', 'global', '', '0', 'PlainText', '{\"placeholder\":\"\",\"maxLength\":\"\",\"multiline\":\"\",\"initialRows\":\"4\"}', '2016-06-02 11:26:48', '2016-06-02 11:26:48', '12307ddb-87dc-436e-881c-96cd9c135604'),
 ('35', '6', 'CTA Entry', 'ctaEntry', 'global', '', '0', 'Entries', '{\"sources\":\"*\",\"limit\":\"\",\"selectionLabel\":\"\"}', '2016-06-04 22:04:22', '2016-06-04 22:04:22', '470e9b8a-5f36-48fc-aa05-eb800978eaec'),
 ('36', '6', 'CTA Custom URL', 'ctaCustomUrl', 'global', 'Optional', '0', 'PlainText', '{\"placeholder\":\"http:\\/\\/\",\"maxLength\":\"\",\"multiline\":\"\",\"initialRows\":\"4\"}', '2016-06-04 22:04:50', '2016-06-04 22:04:50', '29f01841-9fe6-4862-80de-5168f3ac485d');



DROP TABLE IF EXISTS `craft_globalsets`;


--
-- Schema for table `craft_globalsets`
--
CREATE TABLE `craft_globalsets` (
  `id` int(11) NOT NULL,
  `name` varchar(255) COLLATE utf8_unicode_ci NOT NULL,
  `handle` varchar(255) COLLATE utf8_unicode_ci NOT NULL,
  `fieldLayoutId` int(10) DEFAULT NULL,
  `dateCreated` datetime NOT NULL,
  `dateUpdated` datetime NOT NULL,
  `uid` char(36) COLLATE utf8_unicode_ci NOT NULL DEFAULT '0',
  PRIMARY KEY (`id`),
  UNIQUE KEY `craft_globalsets_name_unq_idx` (`name`),
  UNIQUE KEY `craft_globalsets_handle_unq_idx` (`handle`),
  KEY `craft_globalsets_fieldLayoutId_fk` (`fieldLayoutId`)
) ENGINE=InnoDB DEFAULT CHARSET=utf8 COLLATE=utf8_unicode_ci;

--
-- Data for table `craft_globalsets`
--

INSERT INTO `craft_globalsets` (`id`, `name`, `handle`, `fieldLayoutId`, `dateCreated`, `dateUpdated`, `uid`) VALUES
 ('12', 'Social', 'social', '15', '2016-03-26 18:05:03', '2016-03-26 18:11:37', '9596e33e-ce3d-40e9-98e5-59ade5fefa22'),
 ('29', 'General', 'general', '50', '2016-03-29 11:01:52', '2016-04-19 22:44:25', '3537fce1-d7b7-4987-90d4-4884fbaf94f1');



DROP TABLE IF EXISTS `craft_info`;


--
-- Schema for table `craft_info`
--
CREATE TABLE `craft_info` (
  `id` int(11) NOT NULL AUTO_INCREMENT,
  `version` varchar(50) COLLATE utf8_unicode_ci NOT NULL,
  `schemaVersion` varchar(15) COLLATE utf8_unicode_ci NOT NULL,
  `edition` tinyint(1) unsigned NOT NULL DEFAULT '0',
  `siteName` varchar(100) COLLATE utf8_unicode_ci NOT NULL,
  `siteUrl` varchar(255) COLLATE utf8_unicode_ci NOT NULL,
  `timezone` varchar(30) COLLATE utf8_unicode_ci DEFAULT NULL,
  `on` tinyint(1) unsigned NOT NULL DEFAULT '0',
  `maintenance` tinyint(1) unsigned NOT NULL DEFAULT '0',
  `dateCreated` datetime NOT NULL,
  `dateUpdated` datetime NOT NULL,
  `uid` char(36) COLLATE utf8_unicode_ci NOT NULL DEFAULT '0',
  PRIMARY KEY (`id`)
) ENGINE=InnoDB AUTO_INCREMENT=2 DEFAULT CHARSET=utf8 COLLATE=utf8_unicode_ci;

--
-- Data for table `craft_info`
--

INSERT INTO `craft_info` (`id`, `version`, `schemaVersion`, `edition`, `siteName`, `siteUrl`, `timezone`, `on`, `maintenance`, `dateCreated`, `dateUpdated`, `uid`) VALUES
 ('1', '2.6.2962', '2.6.9', '0', 'Mark Riggan', 'http://localhost:8888', 'UTC', '1', '1', '2016-03-26 15:55:36', '2017-04-20 22:13:53', '098ad835-83df-456c-8350-48c332ac920d');



DROP TABLE IF EXISTS `craft_locales`;


--
-- Schema for table `craft_locales`
--
CREATE TABLE `craft_locales` (
  `locale` char(12) COLLATE utf8_unicode_ci NOT NULL,
  `sortOrder` smallint(6) unsigned DEFAULT NULL,
  `dateCreated` datetime NOT NULL,
  `dateUpdated` datetime NOT NULL,
  `uid` char(36) COLLATE utf8_unicode_ci NOT NULL DEFAULT '0',
  PRIMARY KEY (`locale`),
  KEY `craft_locales_sortOrder_idx` (`sortOrder`)
) ENGINE=InnoDB DEFAULT CHARSET=utf8 COLLATE=utf8_unicode_ci;

--
-- Data for table `craft_locales`
--

INSERT INTO `craft_locales` (`locale`, `sortOrder`, `dateCreated`, `dateUpdated`, `uid`) VALUES
 ('en_us', '1', '2016-03-26 15:55:36', '2016-03-26 15:55:36', '934ee368-a147-4e7a-9dda-6c406c629b27');



DROP TABLE IF EXISTS `craft_matrixblocks`;


--
-- Schema for table `craft_matrixblocks`
--
CREATE TABLE `craft_matrixblocks` (
  `id` int(11) NOT NULL,
  `ownerId` int(11) NOT NULL,
  `fieldId` int(11) NOT NULL,
  `typeId` int(11) DEFAULT NULL,
  `sortOrder` smallint(6) unsigned DEFAULT NULL,
  `ownerLocale` char(12) COLLATE utf8_unicode_ci DEFAULT NULL,
  `dateCreated` datetime NOT NULL,
  `dateUpdated` datetime NOT NULL,
  `uid` char(36) COLLATE utf8_unicode_ci NOT NULL DEFAULT '0',
  PRIMARY KEY (`id`),
  KEY `craft_matrixblocks_ownerId_idx` (`ownerId`),
  KEY `craft_matrixblocks_fieldId_idx` (`fieldId`),
  KEY `craft_matrixblocks_typeId_idx` (`typeId`),
  KEY `craft_matrixblocks_sortOrder_idx` (`sortOrder`),
  KEY `craft_matrixblocks_ownerLocale_fk` (`ownerLocale`)
) ENGINE=InnoDB DEFAULT CHARSET=utf8 COLLATE=utf8_unicode_ci;

--
-- Data for table `craft_matrixblocks`
--

INSERT INTO `craft_matrixblocks` (`id`, `ownerId`, `fieldId`, `typeId`, `sortOrder`, `ownerLocale`, `dateCreated`, `dateUpdated`, `uid`) VALUES
 ('13', '12', '9', '3', '1', NULL, '2016-03-26 18:16:04', '2016-04-24 15:25:28', '0a46c154-7ac2-406d-a4d0-aa4042b49982'),
 ('14', '12', '9', '3', '5', NULL, '2016-03-26 18:16:04', '2016-04-24 15:25:28', '5d5b9ba8-477a-4422-a7f6-36763150b64b'),
 ('15', '12', '9', '3', '3', NULL, '2016-03-26 18:16:04', '2016-04-24 15:25:28', '15d364dc-10ae-4fa4-949c-b2c118eb1410'),
 ('19', '12', '9', '3', '2', NULL, '2016-03-26 22:07:39', '2016-04-24 15:25:28', 'a20b7649-1f00-4f70-bf1b-082584a712bc'),
 ('33', '23', '26', '5', '1', NULL, '2016-03-29 11:15:24', '2016-06-03 10:59:41', '18662fc8-ee37-4321-b885-0ad8ad35f1f0'),
 ('36', '12', '9', '3', '4', NULL, '2016-04-01 11:05:39', '2016-04-24 15:25:28', '82d3e387-58fd-4c26-8c34-b4c4cb75b602'),
 ('42', '29', '20', '4', '6', NULL, '2016-04-19 22:25:43', '2016-06-04 22:07:17', 'bf60906f-2e8c-432f-8f2d-f4b50b62aa9c'),
 ('44', '29', '20', '4', '1', NULL, '2016-04-19 22:27:25', '2016-06-04 22:07:17', 'ffcfd7f1-cc58-4d68-ac98-8a4ae034a383'),
 ('46', '29', '29', '6', '6', NULL, '2016-04-19 22:45:07', '2016-06-04 22:07:17', '63aa4575-7ec0-4f90-be1a-61088b6e9238'),
 ('58', '29', '29', '6', '1', NULL, '2016-04-24 14:49:10', '2016-06-04 22:07:17', '13cd2fba-b132-4035-bf56-bbfcd9ca6aa9'),
 ('59', '29', '29', '6', '2', NULL, '2016-04-24 14:49:10', '2016-06-04 22:07:17', 'e78756a1-942b-49e7-930e-89cce9702eae'),
 ('60', '29', '29', '6', '3', NULL, '2016-04-24 14:49:10', '2016-06-04 22:07:17', '757349be-f95a-46f7-aac3-f1304d3e6ff8'),
 ('61', '29', '29', '6', '4', NULL, '2016-04-24 14:49:10', '2016-06-04 22:07:17', '3ad455ec-41bc-41e4-a659-e0fc8d7cd4b8'),
 ('63', '29', '29', '6', '5', NULL, '2016-04-24 14:53:37', '2016-06-04 22:07:17', '278282af-a86c-4a25-a46e-af453609cf02'),
 ('76', '29', '20', '4', '2', NULL, '2016-04-24 15:09:52', '2016-06-04 22:07:17', 'b0ac6d8e-fa8f-428f-8213-4177aa34d529'),
 ('77', '29', '20', '4', '3', NULL, '2016-04-24 15:09:52', '2016-06-04 22:07:17', '07719acc-37f5-404c-acb3-a33502a357e7'),
 ('78', '29', '20', '4', '4', NULL, '2016-04-24 15:09:52', '2016-06-04 22:07:17', 'dd6ba6ca-8452-42e5-a56b-ef20b41133aa'),
 ('79', '29', '20', '4', '5', NULL, '2016-04-24 15:09:52', '2016-06-04 22:07:17', '5db50b37-3b1f-4a8a-8916-eb02013c7cbb'),
 ('80', '29', '20', '4', '7', NULL, '2016-04-24 15:09:53', '2016-06-04 22:07:17', '8939ff24-7761-4f43-8995-e94c1a1e60f8'),
 ('81', '29', '20', '4', '8', NULL, '2016-04-24 15:09:53', '2016-06-04 22:07:17', 'bc850edc-8675-49b2-8506-5e9356b80334'),
 ('82', '29', '20', '4', '9', NULL, '2016-04-24 15:09:53', '2016-06-04 22:07:17', '19e7f665-b4c0-4bae-859d-55585ca431d5'),
 ('83', '29', '20', '4', '10', NULL, '2016-04-24 15:09:53', '2016-06-04 22:07:17', 'e4126081-89d4-49b7-8768-74af8d95d71b'),
 ('84', '29', '20', '4', '11', NULL, '2016-04-24 15:09:53', '2016-06-04 22:07:17', 'c8947c4a-3e00-4e4e-9aba-a5dfe8517ee5'),
 ('86', '50', '26', '5', '1', NULL, '2016-05-01 20:44:19', '2017-01-15 21:55:38', '6a74c52a-c154-4857-8afb-edb94b0dd60a');



DROP TABLE IF EXISTS `craft_matrixblocktypes`;


--
-- Schema for table `craft_matrixblocktypes`
--
CREATE TABLE `craft_matrixblocktypes` (
  `id` int(11) NOT NULL AUTO_INCREMENT,
  `fieldId` int(11) NOT NULL,
  `fieldLayoutId` int(11) DEFAULT NULL,
  `name` varchar(255) COLLATE utf8_unicode_ci NOT NULL,
  `handle` varchar(255) COLLATE utf8_unicode_ci NOT NULL,
  `sortOrder` smallint(6) unsigned DEFAULT NULL,
  `dateCreated` datetime NOT NULL,
  `dateUpdated` datetime NOT NULL,
  `uid` char(36) COLLATE utf8_unicode_ci NOT NULL DEFAULT '0',
  PRIMARY KEY (`id`),
  UNIQUE KEY `craft_matrixblocktypes_name_fieldId_unq_idx` (`name`,`fieldId`),
  UNIQUE KEY `craft_matrixblocktypes_handle_fieldId_unq_idx` (`handle`,`fieldId`),
  KEY `craft_matrixblocktypes_fieldId_fk` (`fieldId`),
  KEY `craft_matrixblocktypes_fieldLayoutId_fk` (`fieldLayoutId`)
) ENGINE=InnoDB AUTO_INCREMENT=7 DEFAULT CHARSET=utf8 COLLATE=utf8_unicode_ci;

--
-- Data for table `craft_matrixblocktypes`
--

INSERT INTO `craft_matrixblocktypes` (`id`, `fieldId`, `fieldLayoutId`, `name`, `handle`, `sortOrder`, `dateCreated`, `dateUpdated`, `uid`) VALUES
 ('3', '9', '14', 'Social Link', 'socialLink', '1', '2016-03-26 18:11:21', '2016-03-26 18:11:21', '14cf8047-680d-41f0-b9ac-ba0d2ab86d5b'),
 ('4', '20', '28', 'Client', 'client', '1', '2016-03-27 00:35:36', '2016-03-27 00:35:36', '3450fe68-fbba-4608-ae8b-a46f57de8364'),
 ('5', '26', '37', 'Project Image', 'projectImage', '1', '2016-03-29 11:11:46', '2016-03-29 11:11:46', '48d9d5b0-28c7-4ac7-8aa2-ef72dcadb5d9'),
 ('6', '29', '49', 'Award', 'award', '1', '2016-04-19 22:44:00', '2016-04-19 22:44:11', '7959dc65-1ecc-45c0-bc0f-05b5daad1e57');



DROP TABLE IF EXISTS `craft_matrixcontent_awards`;


--
-- Schema for table `craft_matrixcontent_awards`
--
CREATE TABLE `craft_matrixcontent_awards` (
  `id` int(11) NOT NULL AUTO_INCREMENT,
  `elementId` int(11) NOT NULL,
  `locale` char(12) COLLATE utf8_unicode_ci NOT NULL,
  `field_award_awardName` text COLLATE utf8_unicode_ci,
  `dateCreated` datetime NOT NULL,
  `dateUpdated` datetime NOT NULL,
  `uid` char(36) COLLATE utf8_unicode_ci NOT NULL DEFAULT '0',
  PRIMARY KEY (`id`),
  UNIQUE KEY `craft_matrixcontent_awards_elementId_locale_unq_idx` (`elementId`,`locale`),
  KEY `craft_matrixcontent_awards_locale_fk` (`locale`)
) ENGINE=InnoDB AUTO_INCREMENT=7 DEFAULT CHARSET=utf8 COLLATE=utf8_unicode_ci;

--
-- Data for table `craft_matrixcontent_awards`
--

INSERT INTO `craft_matrixcontent_awards` (`id`, `elementId`, `locale`, `field_award_awardName`, `dateCreated`, `dateUpdated`, `uid`) VALUES
 ('1', '46', 'en_us', 'Web Awards', '2016-04-19 22:45:07', '2016-06-04 22:07:17', 'b95a211a-01c0-453c-b8e6-26dfbb2aec5a'),
 ('2', '58', 'en_us', '99 Designs', '2016-04-24 14:49:10', '2016-06-04 22:07:17', 'e224776e-c783-4772-82c6-bb1714b3aa5b'),
 ('3', '59', 'en_us', 'Davey Awards', '2016-04-24 14:49:10', '2016-06-04 22:07:17', '83771b21-de4d-4606-8424-8c8dba47da4a'),
 ('4', '60', 'en_us', 'Layers Magazine', '2016-04-24 14:49:10', '2016-06-04 22:07:17', '664e2df4-0998-4459-b218-869fba1d71dc'),
 ('5', '61', 'en_us', 'Summit International Awards', '2016-04-24 14:49:10', '2016-06-04 22:07:17', '6c92f727-3232-4f7a-8981-fe2ea0b96977'),
 ('6', '63', 'en_us', 'W3 Awards', '2016-04-24 14:53:37', '2016-06-04 22:07:17', '7bb29286-febe-4e5d-8b5f-1c67ff7768a6');



DROP TABLE IF EXISTS `craft_matrixcontent_clients`;


--
-- Schema for table `craft_matrixcontent_clients`
--
CREATE TABLE `craft_matrixcontent_clients` (
  `id` int(11) NOT NULL AUTO_INCREMENT,
  `elementId` int(11) NOT NULL,
  `locale` char(12) COLLATE utf8_unicode_ci NOT NULL,
  `field_client_clientName` text COLLATE utf8_unicode_ci,
  `dateCreated` datetime NOT NULL,
  `dateUpdated` datetime NOT NULL,
  `uid` char(36) COLLATE utf8_unicode_ci NOT NULL DEFAULT '0',
  PRIMARY KEY (`id`),
  UNIQUE KEY `craft_matrixcontent_clients_elementId_locale_unq_idx` (`elementId`,`locale`),
  KEY `craft_matrixcontent_clients_locale_fk` (`locale`)
) ENGINE=InnoDB AUTO_INCREMENT=12 DEFAULT CHARSET=utf8 COLLATE=utf8_unicode_ci;

--
-- Data for table `craft_matrixcontent_clients`
--

INSERT INTO `craft_matrixcontent_clients` (`id`, `elementId`, `locale`, `field_client_clientName`, `dateCreated`, `dateUpdated`, `uid`) VALUES
 ('1', '42', 'en_us', 'Oracle', '2016-04-19 22:25:43', '2016-06-04 22:07:17', '7f301627-3884-4ed1-96f0-283169c10e31'),
 ('2', '44', 'en_us', 'Campbell University', '2016-04-19 22:27:25', '2016-06-04 22:07:17', '0130c945-1bb0-4255-81ed-45260639f5c8'),
 ('3', '76', 'en_us', 'Duke University', '2016-04-24 15:09:52', '2016-06-04 22:07:17', '4aa1b0c5-74de-440b-915f-52355980d850'),
 ('4', '77', 'en_us', 'Lulu', '2016-04-24 15:09:52', '2016-06-04 22:07:17', '13049db3-4915-4dc8-89dc-e8c3f322a806'),
 ('5', '78', 'en_us', 'North Carolina Government', '2016-04-24 15:09:52', '2016-06-04 22:07:17', '5b035720-5448-4d84-8791-72c8ec0dbc37'),
 ('6', '79', 'en_us', 'NC State University', '2016-04-24 15:09:52', '2016-06-04 22:07:17', '787206d6-cd4f-4ecd-bdc5-461c50c5b5cb'),
 ('7', '80', 'en_us', 'Red Hat', '2016-04-24 15:09:53', '2016-06-04 22:07:17', '9723a535-6607-42a7-bf95-5ea3a7c4d649'),
 ('8', '81', 'en_us', 'Rex UNC Health', '2016-04-24 15:09:53', '2016-06-04 22:07:17', '2a01f960-e725-48cb-90ca-21fee9d4a7a9'),
 ('9', '82', 'en_us', 'Research Triangle Park', '2016-04-24 15:09:53', '2016-06-04 22:07:17', 'f1f37b30-5322-47ba-88ec-aa9fc33927a9'),
 ('10', '83', 'en_us', 'Sirchie', '2016-04-24 15:09:53', '2016-06-04 22:07:17', 'aa13650e-d8fa-4cd6-b8f7-a70c068638c2'),
 ('11', '84', 'en_us', 'WBAL', '2016-04-24 15:09:53', '2016-06-04 22:07:17', '450b6c6a-3ab3-443f-ba05-e95e5870f4aa');



DROP TABLE IF EXISTS `craft_matrixcontent_menuitem`;


--
-- Schema for table `craft_matrixcontent_menuitem`
--
CREATE TABLE `craft_matrixcontent_menuitem` (
  `id` int(11) NOT NULL AUTO_INCREMENT,
  `elementId` int(11) NOT NULL,
  `locale` char(12) COLLATE utf8_unicode_ci NOT NULL,
  `field_menuItem_menuItemLabel` text COLLATE utf8_unicode_ci,
  `dateCreated` datetime NOT NULL,
  `dateUpdated` datetime NOT NULL,
  `uid` char(36) COLLATE utf8_unicode_ci NOT NULL DEFAULT '0',
  PRIMARY KEY (`id`),
  UNIQUE KEY `craft_matrixcontent_menuitem_elementId_locale_unq_idx` (`elementId`,`locale`),
  KEY `craft_matrixcontent_menuitem_locale_fk` (`locale`)
) ENGINE=InnoDB DEFAULT CHARSET=utf8 COLLATE=utf8_unicode_ci;

DROP TABLE IF EXISTS `craft_matrixcontent_menuitems`;


--
-- Schema for table `craft_matrixcontent_menuitems`
--
CREATE TABLE `craft_matrixcontent_menuitems` (
  `id` int(11) NOT NULL AUTO_INCREMENT,
  `elementId` int(11) NOT NULL,
  `locale` char(12) COLLATE utf8_unicode_ci NOT NULL,
  `field_menuItem_menuItemLabel` text COLLATE utf8_unicode_ci,
  `field_menuItem_menuItemUrl` text COLLATE utf8_unicode_ci,
  `dateCreated` datetime NOT NULL,
  `dateUpdated` datetime NOT NULL,
  `uid` char(36) COLLATE utf8_unicode_ci NOT NULL DEFAULT '0',
  PRIMARY KEY (`id`),
  UNIQUE KEY `craft_matrixcontent_menuitems_elementId_locale_unq_idx` (`elementId`,`locale`),
  KEY `craft_matrixcontent_menuitems_locale_idx` (`locale`)
) ENGINE=InnoDB AUTO_INCREMENT=7 DEFAULT CHARSET=utf8 COLLATE=utf8_unicode_ci;

--
-- Data for table `craft_matrixcontent_menuitems`
--

INSERT INTO `craft_matrixcontent_menuitems` (`id`, `elementId`, `locale`, `field_menuItem_menuItemLabel`, `field_menuItem_menuItemUrl`, `dateCreated`, `dateUpdated`, `uid`) VALUES
 ('2', '11', 'en_us', 'Contact', '', '2016-03-26 17:32:08', '2016-06-02 11:35:09', '9a5e0ff4-13ac-45a1-b750-111b128fbc66'),
 ('3', '26', 'en_us', 'Services', '', '2016-03-27 23:15:06', '2016-06-02 11:35:09', '16f2aee1-3703-4a56-8510-955cb73bd8bd'),
 ('4', '27', 'en_us', 'My Story', '', '2016-03-27 23:15:06', '2016-06-02 11:35:09', '3dc6380e-76a1-4bc7-9dcf-ca55023c8692'),
 ('5', '28', 'en_us', 'Work', '/work', '2016-03-27 23:18:23', '2016-06-02 11:35:09', 'a0d55617-6962-4951-a7b7-70dd41d28d7d'),
 ('6', '91', 'en_us', 'Articles', '/articles', '2016-06-02 11:35:09', '2016-06-02 11:35:09', '898cefb1-13fb-459c-9f65-a4ddafe17e6e');



DROP TABLE IF EXISTS `craft_matrixcontent_projectimages`;


--
-- Schema for table `craft_matrixcontent_projectimages`
--
CREATE TABLE `craft_matrixcontent_projectimages` (
  `id` int(11) NOT NULL AUTO_INCREMENT,
  `elementId` int(11) NOT NULL,
  `locale` char(12) COLLATE utf8_unicode_ci NOT NULL,
  `dateCreated` datetime NOT NULL,
  `dateUpdated` datetime NOT NULL,
  `uid` char(36) COLLATE utf8_unicode_ci NOT NULL DEFAULT '0',
  PRIMARY KEY (`id`),
  UNIQUE KEY `craft_matrixcontent_projectimages_elementId_locale_unq_idx` (`elementId`,`locale`),
  KEY `craft_matrixcontent_projectimages_locale_fk` (`locale`)
) ENGINE=InnoDB AUTO_INCREMENT=3 DEFAULT CHARSET=utf8 COLLATE=utf8_unicode_ci;

--
-- Data for table `craft_matrixcontent_projectimages`
--

INSERT INTO `craft_matrixcontent_projectimages` (`id`, `elementId`, `locale`, `dateCreated`, `dateUpdated`, `uid`) VALUES
 ('1', '33', 'en_us', '2016-03-29 11:15:24', '2016-06-03 10:59:41', '5c6d07c2-f20c-45b4-b427-1f436314dcb8'),
 ('2', '86', 'en_us', '2016-05-01 20:44:19', '2017-01-15 21:55:38', '4cf756c0-4919-47e8-9d42-349b9970d4f4');



DROP TABLE IF EXISTS `craft_matrixcontent_sociallinks`;


--
-- Schema for table `craft_matrixcontent_sociallinks`
--
CREATE TABLE `craft_matrixcontent_sociallinks` (
  `id` int(11) NOT NULL AUTO_INCREMENT,
  `elementId` int(11) NOT NULL,
  `locale` char(12) COLLATE utf8_unicode_ci NOT NULL,
  `field_socialLink_socialLinkLabel` text COLLATE utf8_unicode_ci,
  `field_socialLink_socialLinkUrl` text COLLATE utf8_unicode_ci,
  `field_socialLink_socialLinkDescription` text COLLATE utf8_unicode_ci,
  `field_socialLink_socialLinkCssClass` text COLLATE utf8_unicode_ci,
  `dateCreated` datetime NOT NULL,
  `dateUpdated` datetime NOT NULL,
  `uid` char(36) COLLATE utf8_unicode_ci NOT NULL DEFAULT '0',
  PRIMARY KEY (`id`),
  UNIQUE KEY `craft_matrixcontent_sociallinks_elementId_locale_unq_idx` (`elementId`,`locale`),
  KEY `craft_matrixcontent_sociallinks_locale_fk` (`locale`)
) ENGINE=InnoDB AUTO_INCREMENT=6 DEFAULT CHARSET=utf8 COLLATE=utf8_unicode_ci;

--
-- Data for table `craft_matrixcontent_sociallinks`
--

INSERT INTO `craft_matrixcontent_sociallinks` (`id`, `elementId`, `locale`, `field_socialLink_socialLinkLabel`, `field_socialLink_socialLinkUrl`, `field_socialLink_socialLinkDescription`, `field_socialLink_socialLinkCssClass`, `dateCreated`, `dateUpdated`, `uid`) VALUES
 ('1', '13', 'en_us', 'Behance', 'https://www.behance.net/markriggan', 'Follow me on Behance', 'social-link behance', '2016-03-26 18:16:04', '2016-04-24 15:25:28', '6c337251-6ef9-495f-acaa-ee7ed68893d1'),
 ('2', '14', 'en_us', 'Twitter', 'https://twitter.com/asuwebdesign', 'Follow me on Twitter', 'social-link twitter', '2016-03-26 18:16:04', '2016-04-24 15:25:28', '268230ba-b375-46b4-880c-97694f35183c'),
 ('3', '15', 'en_us', 'Google', 'https://plus.google.com/+MarkRiggan', 'Follow me on Google', 'social-link google', '2016-03-26 18:16:04', '2016-04-24 15:25:28', 'eeec84a4-2075-44a0-a363-c3e7092adfb7'),
 ('4', '19', 'en_us', 'Dribbble', 'https://dribbble.com/markr', 'Follow me on Dribbble', 'social-link dribbble', '2016-03-26 22:07:39', '2016-04-24 15:25:28', 'c7bdac0d-b0f7-4984-98f7-d740c465bcea'),
 ('5', '36', 'en_us', 'LinkedIn', 'https://www.linkedin.com/in/markriggan', 'Follow me on LinkedIn', 'social-link linkedin', '2016-04-01 11:05:39', '2016-04-24 15:25:28', 'e6643dbb-6553-4afc-a17a-2d52a6c7c2bf');



DROP TABLE IF EXISTS `craft_menus`;


--
-- Schema for table `craft_menus`
--
CREATE TABLE `craft_menus` (
  `id` int(11) NOT NULL AUTO_INCREMENT,
  `name` varchar(255) COLLATE utf8_unicode_ci NOT NULL,
  `handle` varchar(255) COLLATE utf8_unicode_ci NOT NULL,
  `maxLevels` int(10) DEFAULT NULL,
  `type` varchar(255) COLLATE utf8_unicode_ci DEFAULT NULL,
  `structureId` int(10) DEFAULT NULL,
  `dateCreated` datetime NOT NULL,
  `dateUpdated` datetime NOT NULL,
  `uid` char(36) COLLATE utf8_unicode_ci NOT NULL DEFAULT '0',
  PRIMARY KEY (`id`),
  UNIQUE KEY `craft_menus_name_unq_idx` (`name`),
  UNIQUE KEY `craft_menus_handle_unq_idx` (`handle`)
) ENGINE=InnoDB AUTO_INCREMENT=2 DEFAULT CHARSET=utf8 COLLATE=utf8_unicode_ci;

--
-- Data for table `craft_menus`
--

INSERT INTO `craft_menus` (`id`, `name`, `handle`, `maxLevels`, `type`, `structureId`, `dateCreated`, `dateUpdated`, `uid`) VALUES
 ('1', 'Main Menu', 'mainMenu', '1', '3', '1', '2016-06-02 22:39:22', '2016-06-02 22:39:22', 'e3cdb99f-8165-4617-9de4-5926ae384582');



DROP TABLE IF EXISTS `craft_menus_nodes`;


--
-- Schema for table `craft_menus_nodes`
--
CREATE TABLE `craft_menus_nodes` (
  `id` int(11) NOT NULL,
  `menuId` int(11) NOT NULL,
  `linkedEntryId` int(10) DEFAULT NULL,
  `customUrl` varchar(255) COLLATE utf8_unicode_ci DEFAULT NULL,
  `dateCreated` datetime NOT NULL,
  `dateUpdated` datetime NOT NULL,
  `uid` char(36) COLLATE utf8_unicode_ci NOT NULL DEFAULT '0',
  PRIMARY KEY (`id`),
  KEY `craft_menus_nodes_menuId_fk` (`menuId`)
) ENGINE=InnoDB DEFAULT CHARSET=utf8 COLLATE=utf8_unicode_ci;

--
-- Data for table `craft_menus_nodes`
--

INSERT INTO `craft_menus_nodes` (`id`, `menuId`, `linkedEntryId`, `customUrl`, `dateCreated`, `dateUpdated`, `uid`) VALUES
 ('92', '1', NULL, '/work', '2016-06-02 22:40:30', '2016-06-02 22:40:30', 'd97d8944-23ad-449e-9c6e-aa5c562b13ac'),
 ('93', '1', '24', '', '2016-06-02 22:40:47', '2016-06-05 18:19:09', '047e35e7-e5e7-4351-b537-c523a460845c'),
 ('94', '1', '4', '', '2016-06-02 22:46:28', '2016-06-02 22:46:28', '0b27c85c-1882-422a-a96e-a150d3a99bae'),
 ('95', '1', NULL, '/articles', '2016-06-02 22:46:38', '2016-06-02 22:46:38', '9ce62eb9-9834-4c5e-87a9-e767746b76d0'),
 ('96', '1', '16', '', '2016-06-02 22:46:52', '2016-06-05 18:19:27', 'b3c86e65-825a-45f9-b9b1-caf41282150a');



DROP TABLE IF EXISTS `craft_migrations`;


--
-- Schema for table `craft_migrations`
--
CREATE TABLE `craft_migrations` (
  `id` int(11) NOT NULL AUTO_INCREMENT,
  `pluginId` int(11) DEFAULT NULL,
  `version` varchar(255) COLLATE utf8_unicode_ci NOT NULL,
  `applyTime` datetime NOT NULL,
  `dateCreated` datetime NOT NULL,
  `dateUpdated` datetime NOT NULL,
  `uid` char(36) COLLATE utf8_unicode_ci NOT NULL DEFAULT '0',
  PRIMARY KEY (`id`),
  UNIQUE KEY `craft_migrations_version_unq_idx` (`version`),
  KEY `craft_migrations_pluginId_fk` (`pluginId`)
) ENGINE=InnoDB AUTO_INCREMENT=63 DEFAULT CHARSET=utf8 COLLATE=utf8_unicode_ci;

--
-- Data for table `craft_migrations`
--

INSERT INTO `craft_migrations` (`id`, `pluginId`, `version`, `applyTime`, `dateCreated`, `dateUpdated`, `uid`) VALUES
 ('1', NULL, 'm000000_000000_base', '2016-03-26 15:55:36', '2016-03-26 15:55:36', '2016-03-26 15:55:36', 'a402e37b-0e07-4afe-b70e-c36835409e30'),
 ('2', NULL, 'm140730_000001_add_filename_and_format_to_transformindex', '2016-03-26 15:55:36', '2016-03-26 15:55:36', '2016-03-26 15:55:36', 'b26b8f37-83f6-4ba7-a74f-9dfa66c3df0d'),
 ('3', NULL, 'm140815_000001_add_format_to_transforms', '2016-03-26 15:55:36', '2016-03-26 15:55:36', '2016-03-26 15:55:36', '4c3a33ec-eebc-4755-b893-f7b43ca46036'),
 ('4', NULL, 'm140822_000001_allow_more_than_128_items_per_field', '2016-03-26 15:55:36', '2016-03-26 15:55:36', '2016-03-26 15:55:36', 'aa7c7003-b322-4fd5-8cda-bd2da72d8837'),
 ('5', NULL, 'm140829_000001_single_title_formats', '2016-03-26 15:55:36', '2016-03-26 15:55:36', '2016-03-26 15:55:36', 'c02f9d51-54c7-4116-b3a2-51dc87025f89'),
 ('6', NULL, 'm140831_000001_extended_cache_keys', '2016-03-26 15:55:36', '2016-03-26 15:55:36', '2016-03-26 15:55:36', '40e35ec2-3215-44e5-84a9-db3dd67a00b9'),
 ('7', NULL, 'm140922_000001_delete_orphaned_matrix_blocks', '2016-03-26 15:55:36', '2016-03-26 15:55:36', '2016-03-26 15:55:36', 'ab2d8399-274c-48dd-8230-2b26d21c8371'),
 ('8', NULL, 'm141008_000001_elements_index_tune', '2016-03-26 15:55:36', '2016-03-26 15:55:36', '2016-03-26 15:55:36', '58400d59-7085-4a5c-8026-1347c204163f'),
 ('9', NULL, 'm141009_000001_assets_source_handle', '2016-03-26 15:55:36', '2016-03-26 15:55:36', '2016-03-26 15:55:36', '9856171b-07bc-4f34-9390-b5015a165095'),
 ('10', NULL, 'm141024_000001_field_layout_tabs', '2016-03-26 15:55:36', '2016-03-26 15:55:36', '2016-03-26 15:55:36', 'c2d1faa9-1a86-4f19-bffa-4be5c53095d6'),
 ('11', NULL, 'm141030_000000_plugin_schema_versions', '2016-03-26 15:55:36', '2016-03-26 15:55:36', '2016-03-26 15:55:36', '409ba5c1-de6a-4c16-885d-054aaa7d444f'),
 ('12', NULL, 'm141030_000001_drop_structure_move_permission', '2016-03-26 15:55:36', '2016-03-26 15:55:36', '2016-03-26 15:55:36', 'f295eb85-ae6d-46ff-b6f1-a67484b986f6'),
 ('13', NULL, 'm141103_000001_tag_titles', '2016-03-26 15:55:36', '2016-03-26 15:55:36', '2016-03-26 15:55:36', '8e4c2af4-e811-46a1-8c8f-2d6997951f93'),
 ('14', NULL, 'm141109_000001_user_status_shuffle', '2016-03-26 15:55:36', '2016-03-26 15:55:36', '2016-03-26 15:55:36', 'a747e688-ea06-415d-9ed4-3b1cf3d717d6'),
 ('15', NULL, 'm141126_000001_user_week_start_day', '2016-03-26 15:55:36', '2016-03-26 15:55:36', '2016-03-26 15:55:36', '79555af7-3961-4d4f-8ce6-1954a3438510'),
 ('16', NULL, 'm150210_000001_adjust_user_photo_size', '2016-03-26 15:55:36', '2016-03-26 15:55:36', '2016-03-26 15:55:36', '5bcc524a-3a10-4907-a5ed-36325ad0c704'),
 ('17', NULL, 'm150724_000001_adjust_quality_settings', '2016-03-26 15:55:36', '2016-03-26 15:55:36', '2016-03-26 15:55:36', '5b516431-e4bb-4ffc-8cac-c63f7810a506'),
 ('18', NULL, 'm150827_000000_element_index_settings', '2016-03-26 15:55:36', '2016-03-26 15:55:36', '2016-03-26 15:55:36', '90be8217-d550-41c2-89df-2f73149378dd'),
 ('19', NULL, 'm150918_000001_add_colspan_to_widgets', '2016-03-26 15:55:36', '2016-03-26 15:55:36', '2016-03-26 15:55:36', '5424cffb-3e66-491e-aebf-b8c5e1775018'),
 ('20', NULL, 'm151007_000000_clear_asset_caches', '2016-03-26 15:55:36', '2016-03-26 15:55:36', '2016-03-26 15:55:36', '507ce3cb-3d31-47c0-88ac-a17f409209e4'),
 ('21', NULL, 'm151109_000000_text_url_formats', '2016-03-26 15:55:36', '2016-03-26 15:55:36', '2016-03-26 15:55:36', '0e187cc5-ec35-4229-b69c-de10bde812ab'),
 ('22', NULL, 'm151110_000000_move_logo', '2016-03-26 15:55:36', '2016-03-26 15:55:36', '2016-03-26 15:55:36', '80ce7621-c79d-441e-95bf-517250fb7eb1'),
 ('23', NULL, 'm151117_000000_adjust_image_widthheight', '2016-03-26 15:55:36', '2016-03-26 15:55:36', '2016-03-26 15:55:36', '0641b981-d7d0-4467-ba20-84a9438be54f'),
 ('24', NULL, 'm151127_000000_clear_license_key_status', '2016-03-26 15:55:36', '2016-03-26 15:55:36', '2016-03-26 15:55:36', 'dac4a86f-d0de-4757-af66-3264b6dbf2c5'),
 ('25', NULL, 'm151127_000000_plugin_license_keys', '2016-03-26 15:55:36', '2016-03-26 15:55:36', '2016-03-26 15:55:36', '616962bb-3469-40fa-8974-c855cc05cc2a'),
 ('26', NULL, 'm151130_000000_update_pt_widget_feeds', '2016-03-26 15:55:36', '2016-03-26 15:55:36', '2016-03-26 15:55:36', '1e1d74da-8ab1-4c78-a15d-b1f9fe68e170'),
 ('27', NULL, 'm160114_000000_asset_sources_public_url_default_true', '2016-03-26 15:55:36', '2016-03-26 15:55:36', '2016-03-26 15:55:36', '6f0eba26-9d8d-4746-9db6-905a12766f25'),
 ('28', NULL, 'm160223_000000_sortorder_to_smallint', '2016-03-26 15:55:36', '2016-03-26 15:55:36', '2016-03-26 15:55:36', 'ea2184a0-fdb0-47de-bcb1-75640ac45548'),
 ('29', NULL, 'm160229_000000_set_default_entry_statuses', '2016-03-26 15:55:36', '2016-03-26 15:55:36', '2016-03-26 15:55:36', '41620216-6d67-43a7-ba8b-9f5766fa3786'),
 ('30', NULL, 'm160304_000000_client_permissions', '2016-03-26 15:55:36', '2016-03-26 15:55:36', '2016-03-26 15:55:36', 'a0bd42d6-74c5-4539-88e0-f6cee04ec6e0'),
 ('31', NULL, 'm160322_000000_asset_filesize', '2016-03-29 10:58:11', '2016-03-29 10:58:11', '2016-03-29 10:58:11', '0fad89cd-ed9b-4ad7-9c9a-39a0ffa5ce11'),
 ('32', '5', 'm151225_000000_seomatic_addHumansField', '2016-04-07 23:10:44', '2016-04-07 23:10:44', '2016-04-07 23:10:44', 'dc55069b-d2f5-4535-ad41-a7d99e0002e6'),
 ('33', '5', 'm151226_000000_seomatic_addTwitterFacebookFields', '2016-04-07 23:10:44', '2016-04-07 23:10:44', '2016-04-07 23:10:44', 'afc4d81e-9ade-42ab-bd2e-5a4725488b74'),
 ('34', '5', 'm160101_000000_seomatic_addRobotsFields', '2016-04-07 23:10:44', '2016-04-07 23:10:44', '2016-04-07 23:10:44', 'a45bfcec-ae39-4876-8042-5f79c6ef118c'),
 ('35', '5', 'm160111_000000_seomatic_addTitleFields', '2016-04-07 23:10:44', '2016-04-07 23:10:44', '2016-04-07 23:10:44', '273fdf70-1717-4431-bf80-e9e628a46628'),
 ('36', '5', 'm160122_000000_seomatic_addTypeFields', '2016-04-07 23:10:44', '2016-04-07 23:10:44', '2016-04-07 23:10:44', '4a03ed40-81fe-4523-80f2-1c38a0e398a6'),
 ('37', '5', 'm160123_000000_seomatic_addOpeningHours', '2016-04-07 23:10:44', '2016-04-07 23:10:44', '2016-04-07 23:10:44', 'be5935a1-94e6-496e-aed2-d366b07e9a4e'),
 ('38', '5', 'm160202_000000_seomatic_addSocialHandles', '2016-04-07 23:10:44', '2016-04-07 23:10:44', '2016-04-07 23:10:44', 'dde3d1e4-8a6a-4b14-b7bd-1e62ac8b1880'),
 ('39', '5', 'm160204_000000_seomatic_addGoogleAnalytics', '2016-04-07 23:10:44', '2016-04-07 23:10:44', '2016-04-07 23:10:44', '379669bc-9a82-4902-a030-b833723cd076'),
 ('40', '5', 'm160205_000000_seomatic_addResturantMenu', '2016-04-07 23:10:44', '2016-04-07 23:10:44', '2016-04-07 23:10:44', '013dc551-955a-42ed-9117-24b8f5fae51b'),
 ('41', '5', 'm160206_000000_seomatic_addGoogleAnalyticsPlugins', '2016-04-07 23:10:44', '2016-04-07 23:10:44', '2016-04-07 23:10:44', '362bfee3-4060-48de-afe4-1dd740bc91e3'),
 ('42', '5', 'm160206_000000_seomatic_addGoogleAnalyticsSendPageView', '2016-04-07 23:10:44', '2016-04-07 23:10:44', '2016-04-07 23:10:44', '283260ed-b77f-4c33-9096-6795f146a09e'),
 ('43', '5', 'm160209_000000_seomatic_alterDescriptionsColumns', '2016-04-07 23:10:44', '2016-04-07 23:10:44', '2016-04-07 23:10:44', '55af3959-6bb1-45fe-be53-3934cdb635bf'),
 ('44', '5', 'm160209_000001_seomatic_addRobotsTxt', '2016-04-07 23:10:44', '2016-04-07 23:10:44', '2016-04-07 23:10:44', '7119cc84-8300-4ee0-a52d-6af01dcae509'),
 ('45', '5', 'm160227_000000_seomatic_addFacebookAppId', '2016-04-07 23:10:44', '2016-04-07 23:10:44', '2016-04-07 23:10:44', '6eaff5c7-4733-418c-a07a-7b4f8a8fb044'),
 ('46', '5', 'm160416_000000_seomatic_addContactPoints', '2016-04-23 16:34:18', '2016-04-23 16:34:18', '2016-04-23 16:34:18', '36001411-0789-47c7-b0f6-297e2621007e'),
 ('47', NULL, 'm160503_000000_orphaned_fieldlayouts', '2016-05-09 14:54:54', '2016-05-09 14:54:54', '2016-05-09 14:54:54', 'ce841a6e-6be3-47ee-8202-593ecf798a42'),
 ('48', NULL, 'm160510_000000_tasksettings', '2016-05-29 13:26:26', '2016-05-29 13:26:26', '2016-05-29 13:26:26', '8d2a32fc-0f92-42aa-aad9-19c617fb4c80'),
 ('49', '7', 'm140516_000000_cpCss_changeSettingsFieldName', '2016-06-05 18:52:22', '2016-06-05 18:52:22', '2016-06-05 18:52:22', 'c4b36842-d7ee-4a67-95e3-4b91680e6271'),
 ('50', '5', 'm160509_000000_seomatic_addSiteLinksBing', '2017-01-15 21:49:42', '2017-01-15 21:49:42', '2017-01-15 21:49:42', '5cdc76ad-8def-4f4b-95cd-475279b95d76'),
 ('51', '5', 'm160707_000000_seomatic_addGoogleTagManager', '2017-01-15 21:49:42', '2017-01-15 21:49:42', '2017-01-15 21:49:42', '67804369-c44b-4912-9c3d-92ff7eb7a32c'),
 ('52', '5', 'm160715_000000_seomatic_addSeoImageTransforms', '2017-01-15 21:49:43', '2017-01-15 21:49:43', '2017-01-15 21:49:43', '034cbeb3-dd35-4b5c-ab6f-c96e3e1097e3'),
 ('53', '5', 'm160723_000000_seomatic_addSeoMainEntityOfPage', '2017-01-15 21:49:43', '2017-01-15 21:49:43', '2017-01-15 21:49:43', 'e17eedcb-dc19-4d1e-ac90-9b16e03f1109'),
 ('54', '5', 'm160724_000000_seomatic_addSeoMainEntityCategory', '2017-01-15 21:49:43', '2017-01-15 21:49:43', '2017-01-15 21:49:43', '848b1859-6cb7-4a19-b724-1624e2d98942'),
 ('55', '5', 'm160811_000000_seomatic_addVimeo', '2017-01-15 21:49:43', '2017-01-15 21:49:43', '2017-01-15 21:49:43', '0a118598-6b7f-4994-ba7c-277ff2e44d2c'),
 ('56', '5', 'm160904_000000_seomatic_addTwitterFacebookImages', '2017-01-15 21:49:43', '2017-01-15 21:49:43', '2017-01-15 21:49:43', '970633cf-fdaf-4bc6-bb04-9766b68d0bf6'),
 ('57', '5', 'm161220_000000_seomatic_addPriceRange', '2017-01-15 21:49:43', '2017-01-15 21:49:43', '2017-01-15 21:49:43', '5ef70056-461c-4766-98ab-5676c355af31'),
 ('58', NULL, 'm160829_000000_pending_user_content_cleanup', '2017-01-15 21:53:34', '2017-01-15 21:53:34', '2017-01-15 21:53:34', 'af58c2cc-0cba-4d2a-b247-9c969d9e44f0'),
 ('59', NULL, 'm160830_000000_asset_index_uri_increase', '2017-01-15 21:53:34', '2017-01-15 21:53:34', '2017-01-15 21:53:34', '0336d012-aa29-48ed-9d77-965b3b006d5f'),
 ('60', NULL, 'm160919_000000_usergroup_handle_title_unique', '2017-01-15 21:53:34', '2017-01-15 21:53:34', '2017-01-15 21:53:34', '445add3d-3f88-4005-98fa-94581b939001'),
 ('61', NULL, 'm161108_000000_new_version_format', '2017-01-15 21:53:34', '2017-01-15 21:53:34', '2017-01-15 21:53:34', '836e8cdf-91a0-4f64-bb5b-658bcc70751f'),
 ('62', NULL, 'm161109_000000_index_shuffle', '2017-01-15 21:53:34', '2017-01-15 21:53:34', '2017-01-15 21:53:34', 'c8327518-b7b7-409f-a82c-06235b40f47a');



DROP TABLE IF EXISTS `craft_plugins`;


--
-- Schema for table `craft_plugins`
--
CREATE TABLE `craft_plugins` (
  `id` int(11) NOT NULL AUTO_INCREMENT,
  `class` varchar(150) COLLATE utf8_unicode_ci NOT NULL,
  `version` varchar(15) COLLATE utf8_unicode_ci NOT NULL,
  `schemaVersion` varchar(15) COLLATE utf8_unicode_ci DEFAULT NULL,
  `licenseKey` char(24) COLLATE utf8_unicode_ci DEFAULT NULL,
  `licenseKeyStatus` enum('valid','invalid','mismatched','unknown') COLLATE utf8_unicode_ci NOT NULL DEFAULT 'unknown',
  `enabled` tinyint(1) unsigned NOT NULL DEFAULT '0',
  `settings` text COLLATE utf8_unicode_ci,
  `installDate` datetime NOT NULL,
  `dateCreated` datetime NOT NULL,
  `dateUpdated` datetime NOT NULL,
  `uid` char(36) COLLATE utf8_unicode_ci NOT NULL DEFAULT '0',
  PRIMARY KEY (`id`)
) ENGINE=InnoDB AUTO_INCREMENT=8 DEFAULT CHARSET=utf8 COLLATE=utf8_unicode_ci;

--
-- Data for table `craft_plugins`
--

INSERT INTO `craft_plugins` (`id`, `class`, `version`, `schemaVersion`, `licenseKey`, `licenseKeyStatus`, `enabled`, `settings`, `installDate`, `dateCreated`, `dateUpdated`, `uid`) VALUES
 ('1', 'ContactForm', '1.8.1', '1.0.0', NULL, 'unknown', '1', '{\"toEmail\":\"jmr82684@gmail.com\",\"prependSender\":\"On behalf of\",\"prependSubject\":\"New message from Mark Riggan\",\"allowAttachments\":\"\",\"honeypotField\":\"\",\"successFlashMessage\":\"Your message has been sent.\"}', '2016-03-26 22:23:39', '2016-03-26 22:23:39', '2017-04-20 22:13:44', '0abbe805-0c5f-4c04-99ca-fd0b3f70bc65'),
 ('2', 'Shortcodes', '1.0', NULL, NULL, 'unknown', '1', NULL, '2016-03-27 00:53:35', '2016-03-27 00:53:35', '2017-04-20 22:13:44', '7f5d0e0e-0a41-4952-ac1b-8c3cb454299a'),
 ('3', 'Myshortcodes', '1.0', NULL, NULL, 'unknown', '1', NULL, '2016-03-27 00:59:12', '2016-03-27 00:59:12', '2017-04-20 22:13:44', '37bbb4cb-058a-4757-b966-f150f20da058'),
 ('4', 'SproutNotes', '1.0.0', NULL, NULL, 'unknown', '1', NULL, '2016-04-01 11:32:44', '2016-04-01 11:32:44', '2017-04-20 22:13:44', '727482e4-137f-401a-adb0-2672dbac02c4'),
 ('5', 'Seomatic', '1.1.40', '1.1.23', NULL, 'unknown', '0', NULL, '2016-04-07 23:10:44', '2016-04-07 23:10:44', '2017-01-22 21:00:11', '22049198-e29b-4666-bd48-f8cf26c360b4'),
 ('6', 'Menus', '0.9', NULL, NULL, 'unknown', '1', NULL, '2016-06-02 22:38:37', '2016-06-02 22:38:37', '2017-04-20 22:13:44', 'fa400d5c-7657-412c-8915-e14a3e92cd27'),
 ('7', 'CpCss', '1.1.1', '1.1.0', NULL, 'unknown', '1', '{\"cssFile\":\"\",\"additionalCss\":\"\\/* allow buttons to show in admin *\\/\\r\\n.toolhud .buttons { display: block; }\"}', '2016-06-05 18:52:22', '2016-06-05 18:52:22', '2017-04-20 22:13:44', 'fd46ce4e-1d09-4609-964f-485114a35a1a');



DROP TABLE IF EXISTS `craft_rackspaceaccess`;


--
-- Schema for table `craft_rackspaceaccess`
--
CREATE TABLE `craft_rackspaceaccess` (
  `id` int(11) NOT NULL AUTO_INCREMENT,
  `connectionKey` varchar(255) COLLATE utf8_unicode_ci NOT NULL,
  `token` varchar(255) COLLATE utf8_unicode_ci NOT NULL,
  `storageUrl` varchar(255) COLLATE utf8_unicode_ci NOT NULL,
  `cdnUrl` varchar(255) COLLATE utf8_unicode_ci NOT NULL,
  `dateCreated` datetime NOT NULL,
  `dateUpdated` datetime NOT NULL,
  `uid` char(36) COLLATE utf8_unicode_ci NOT NULL DEFAULT '0',
  PRIMARY KEY (`id`),
  UNIQUE KEY `craft_rackspaceaccess_connectionKey_unq_idx` (`connectionKey`)
) ENGINE=InnoDB DEFAULT CHARSET=utf8 COLLATE=utf8_unicode_ci;

DROP TABLE IF EXISTS `craft_relations`;


--
-- Schema for table `craft_relations`
--
CREATE TABLE `craft_relations` (
  `id` int(11) NOT NULL AUTO_INCREMENT,
  `fieldId` int(11) NOT NULL,
  `sourceId` int(11) NOT NULL,
  `sourceLocale` char(12) COLLATE utf8_unicode_ci DEFAULT NULL,
  `targetId` int(11) NOT NULL,
  `sortOrder` smallint(6) DEFAULT NULL,
  `dateCreated` datetime NOT NULL,
  `dateUpdated` datetime NOT NULL,
  `uid` char(36) COLLATE utf8_unicode_ci NOT NULL DEFAULT '0',
  PRIMARY KEY (`id`),
  UNIQUE KEY `craft_relations_fieldId_sourceId_sourceLocale_targetId_unq_idx` (`fieldId`,`sourceId`,`sourceLocale`,`targetId`),
  KEY `craft_relations_sourceId_fk` (`sourceId`),
  KEY `craft_relations_sourceLocale_fk` (`sourceLocale`),
  KEY `craft_relations_targetId_fk` (`targetId`)
) ENGINE=InnoDB AUTO_INCREMENT=340 DEFAULT CHARSET=utf8 COLLATE=utf8_unicode_ci;

--
-- Data for table `craft_relations`
--

INSERT INTO `craft_relations` (`id`, `fieldId`, `sourceId`, `sourceLocale`, `targetId`, `sortOrder`, `dateCreated`, `dateUpdated`, `uid`) VALUES
 ('179', '14', '49', NULL, '38', '1', '2016-04-25 23:59:13', '2016-04-25 23:59:13', '28aef3de-2339-4952-bde5-8cbef588213e'),
 ('180', '2', '49', NULL, '20', '1', '2016-04-25 23:59:13', '2016-04-25 23:59:13', '82e03877-5935-46f0-a789-516a316548b0'),
 ('181', '2', '49', NULL, '21', '2', '2016-04-25 23:59:13', '2016-04-25 23:59:13', '777c57fa-6e06-436b-99c2-3fb680702648'),
 ('182', '2', '49', NULL, '22', '3', '2016-04-25 23:59:13', '2016-04-25 23:59:13', 'ca55d98b-0312-47a3-a92e-791f75c56802'),
 ('269', '27', '33', NULL, '30', '1', '2016-06-03 10:59:41', '2016-06-03 10:59:41', '3afbca81-58dd-43cf-98fc-8d7dc86ce258'),
 ('270', '27', '33', NULL, '31', '2', '2016-06-03 10:59:41', '2016-06-03 10:59:41', '08694c93-ea9b-4d09-a8c3-d78b6d0063f9'),
 ('271', '27', '33', NULL, '32', '3', '2016-06-03 10:59:41', '2016-06-03 10:59:41', '93d85720-5a21-44f8-869f-f437ee3e05d0'),
 ('272', '14', '23', NULL, '25', '1', '2016-06-03 10:59:41', '2016-06-03 10:59:41', '3d7d2e80-083b-4ad9-835a-b3d1eba08cc4'),
 ('273', '2', '51', NULL, '20', '1', '2016-06-03 11:00:17', '2016-06-03 11:00:17', '2f905689-d094-4cd2-bb47-8546a3e510ed'),
 ('274', '2', '51', NULL, '21', '2', '2016-06-03 11:00:17', '2016-06-03 11:00:17', '3296f2f5-eafb-4f38-a7eb-278829580f63'),
 ('275', '2', '51', NULL, '22', '3', '2016-06-03 11:00:17', '2016-06-03 11:00:17', '06d79699-24f1-4483-8cab-fce3c956a58f'),
 ('276', '14', '51', NULL, '34', '1', '2016-06-03 11:00:17', '2016-06-03 11:00:17', 'd4886e16-5738-4fe0-be31-6be282030cbd'),
 ('277', '2', '52', NULL, '20', '1', '2016-06-03 11:00:48', '2016-06-03 11:00:48', '27ddb62b-e566-4ecf-93b2-242d1522a1bd'),
 ('278', '2', '52', NULL, '21', '2', '2016-06-03 11:00:48', '2016-06-03 11:00:48', '1254bb2f-5c8c-462c-a997-f0ad99dc8d37'),
 ('279', '2', '52', NULL, '22', '3', '2016-06-03 11:00:48', '2016-06-03 11:00:48', 'b3b56ebf-c090-455f-a07b-abbdaa49e443'),
 ('280', '14', '52', NULL, '31', '1', '2016-06-03 11:00:48', '2016-06-03 11:00:48', 'a1959e25-7ee8-4ff8-9fd1-5d1df7c48700'),
 ('281', '2', '53', NULL, '20', '1', '2016-06-03 11:01:15', '2016-06-03 11:01:15', '2d4a5854-614b-4699-acb4-b995d16c09b9'),
 ('282', '2', '53', NULL, '21', '2', '2016-06-03 11:01:15', '2016-06-03 11:01:15', 'd4253ec3-76f8-4f91-bb9f-c17b53d43fc1'),
 ('283', '2', '53', NULL, '22', '3', '2016-06-03 11:01:15', '2016-06-03 11:01:15', '4e76b46e-02ab-4153-a41c-839cab96a218'),
 ('284', '14', '53', NULL, '47', '1', '2016-06-03 11:01:15', '2016-06-03 11:01:15', '0915ee1e-1e18-415a-95f2-a1a1b6b8cc30'),
 ('302', '22', '44', NULL, '74', '1', '2016-06-04 22:07:17', '2016-06-04 22:07:17', '87b926a2-a305-4851-9061-48fa5c49f437'),
 ('303', '22', '76', NULL, '69', '1', '2016-06-04 22:07:17', '2016-06-04 22:07:17', 'dd36553d-d314-4fd9-84e6-de97772bf23c'),
 ('304', '22', '77', NULL, '65', '1', '2016-06-04 22:07:17', '2016-06-04 22:07:17', '9fc7c8c6-c56d-42c4-8a9f-eab67176a636'),
 ('305', '22', '78', NULL, '72', '1', '2016-06-04 22:07:17', '2016-06-04 22:07:17', 'ddabf5b1-2c76-419e-ac32-8f01f145f0a0'),
 ('306', '22', '79', NULL, '68', '1', '2016-06-04 22:07:17', '2016-06-04 22:07:17', 'b7ca16bc-a461-4825-9251-d8bd193fa892'),
 ('307', '22', '42', NULL, '41', '1', '2016-06-04 22:07:17', '2016-06-04 22:07:17', 'ac07cb1d-19b3-43cc-b0cd-5a79d47864ef'),
 ('308', '22', '80', NULL, '70', '1', '2016-06-04 22:07:17', '2016-06-04 22:07:17', '48e24506-0d63-4e0a-b43d-60aa0faec7f0'),
 ('309', '22', '81', NULL, '66', '1', '2016-06-04 22:07:17', '2016-06-04 22:07:17', 'cbb0d88d-2f85-4aa8-bdb1-d12bedea31cf'),
 ('310', '22', '82', NULL, '73', '1', '2016-06-04 22:07:17', '2016-06-04 22:07:17', '04385589-7251-4a57-8c47-c45b9679bdfd'),
 ('311', '22', '83', NULL, '71', '1', '2016-06-04 22:07:17', '2016-06-04 22:07:17', '763dd17c-153f-4340-97e1-ceab46e3b72c'),
 ('312', '22', '84', NULL, '67', '1', '2016-06-04 22:07:17', '2016-06-04 22:07:17', 'ec0b0854-5d9d-4496-8257-504ba8e486f0'),
 ('313', '31', '58', NULL, '56', '1', '2016-06-04 22:07:17', '2016-06-04 22:07:17', 'ceed388e-a541-4ed1-8327-6b54ee4116ba'),
 ('314', '31', '59', NULL, '57', '1', '2016-06-04 22:07:17', '2016-06-04 22:07:17', 'edcd2c4b-4a72-47c7-9e90-79639a16eae1'),
 ('315', '31', '60', NULL, '55', '1', '2016-06-04 22:07:17', '2016-06-04 22:07:17', 'e26d2ca9-9e88-4ef4-a30c-c6576a655cdb'),
 ('316', '31', '61', NULL, '54', '1', '2016-06-04 22:07:17', '2016-06-04 22:07:17', '8ef366c9-0fae-4688-a2d0-77f3a3ec4ce0'),
 ('317', '31', '63', NULL, '62', '1', '2016-06-04 22:07:17', '2016-06-04 22:07:17', '8edd5ab3-93b4-4e75-b34b-5a8e13d2a9ca'),
 ('318', '31', '46', NULL, '45', '1', '2016-06-04 22:07:17', '2016-06-04 22:07:17', '449a791e-cfd2-4791-84e6-e5b63d7a04a2'),
 ('325', '14', '97', NULL, '99', '1', '2016-07-17 01:15:15', '2016-07-17 01:15:15', '6e0561b6-6ec5-4162-bdb1-438017ec9831'),
 ('326', '27', '86', NULL, '85', '1', '2017-01-15 21:55:38', '2017-01-15 21:55:38', 'd819ca00-6f2b-4150-be15-00a49b3ffc9f'),
 ('327', '27', '86', NULL, '87', '2', '2017-01-15 21:55:38', '2017-01-15 21:55:38', '75211594-a761-47a8-ab40-b7d4b171a0dc'),
 ('328', '27', '86', NULL, '90', '3', '2017-01-15 21:55:38', '2017-01-15 21:55:38', '78e550c6-2783-40e9-a4be-d923b7b8feac'),
 ('329', '2', '50', NULL, '20', '1', '2017-01-15 21:55:38', '2017-01-15 21:55:38', '4195c350-06c3-45b7-9edb-55a1aac10a45'),
 ('330', '2', '50', NULL, '21', '2', '2017-01-15 21:55:38', '2017-01-15 21:55:38', 'ad36b802-12d0-4e9a-89ce-1dc83a8b1467'),
 ('331', '2', '50', NULL, '22', '3', '2017-01-15 21:55:38', '2017-01-15 21:55:38', 'a2fd857a-b451-4155-99f6-a568cfa60efd'),
 ('332', '14', '50', NULL, '88', '1', '2017-01-15 21:55:38', '2017-01-15 21:55:38', '5d7b2d35-d075-4e06-8787-d5be84f7e528'),
 ('336', '35', '16', NULL, '4', '1', '2017-02-04 15:37:14', '2017-02-04 15:37:14', 'b3467b6e-5b21-42a3-865b-156031f3eadd'),
 ('337', '32', '2', NULL, '49', '1', '2017-02-04 16:35:09', '2017-02-04 16:35:09', 'abad9aed-2b0f-401d-86d7-291f985941df'),
 ('338', '32', '2', NULL, '23', '2', '2017-02-04 16:35:09', '2017-02-04 16:35:09', '3eb9db54-a034-4b90-a31a-5bf902137b15'),
 ('339', '14', '2', NULL, '47', '1', '2017-02-04 16:35:09', '2017-02-04 16:35:09', '6388caa1-fbb8-42ab-bf20-8494b2703813');



DROP TABLE IF EXISTS `craft_routes`;


--
-- Schema for table `craft_routes`
--
CREATE TABLE `craft_routes` (
  `id` int(11) NOT NULL AUTO_INCREMENT,
  `locale` char(12) COLLATE utf8_unicode_ci DEFAULT NULL,
  `urlParts` varchar(255) COLLATE utf8_unicode_ci NOT NULL,
  `urlPattern` varchar(255) COLLATE utf8_unicode_ci NOT NULL,
  `template` varchar(255) COLLATE utf8_unicode_ci NOT NULL,
  `sortOrder` smallint(6) unsigned DEFAULT NULL,
  `dateCreated` datetime NOT NULL,
  `dateUpdated` datetime NOT NULL,
  `uid` char(36) COLLATE utf8_unicode_ci NOT NULL DEFAULT '0',
  PRIMARY KEY (`id`),
  UNIQUE KEY `craft_routes_urlPattern_unq_idx` (`urlPattern`),
  KEY `craft_routes_locale_idx` (`locale`)
) ENGINE=InnoDB DEFAULT CHARSET=utf8 COLLATE=utf8_unicode_ci;

DROP TABLE IF EXISTS `craft_searchindex`;


--
-- Schema for table `craft_searchindex`
--
CREATE TABLE `craft_searchindex` (
  `elementId` int(11) NOT NULL,
  `attribute` varchar(25) COLLATE utf8_unicode_ci NOT NULL,
  `fieldId` int(11) NOT NULL,
  `locale` char(12) COLLATE utf8_unicode_ci NOT NULL,
  `keywords` text COLLATE utf8_unicode_ci NOT NULL,
  PRIMARY KEY (`elementId`,`attribute`,`fieldId`,`locale`),
  FULLTEXT KEY `craft_searchindex_keywords_idx` (`keywords`)
) ENGINE=MyISAM DEFAULT CHARSET=utf8 COLLATE=utf8_unicode_ci;

--
-- Data for table `craft_searchindex`
--

INSERT INTO `craft_searchindex` (`elementId`, `attribute`, `fieldId`, `locale`, `keywords`) VALUES
 ('17', 'filename', '0', 'en_us', ' sample jpg '),
 ('17', 'extension', '0', 'en_us', ' jpg '),
 ('17', 'kind', '0', 'en_us', ' image '),
 ('17', 'slug', '0', 'en_us', ' sample '),
 ('17', 'title', '0', 'en_us', ' sample '),
 ('17', 'field', '23', 'en_us', ' picture of red flowers '),
 ('25', 'filename', '0', 'en_us', ' dsg womensfitness hero jpg '),
 ('25', 'extension', '0', 'en_us', ' jpg '),
 ('25', 'kind', '0', 'en_us', ' image '),
 ('25', 'slug', '0', 'en_us', ' dsg womensfitness hero '),
 ('25', 'title', '0', 'en_us', ' dsg womensfitness hero '),
 ('25', 'field', '23', 'en_us', ''),
 ('30', 'filename', '0', 'en_us', ' assembly_portfolio_6 jpg '),
 ('30', 'extension', '0', 'en_us', ' jpg '),
 ('30', 'kind', '0', 'en_us', ' image '),
 ('30', 'slug', '0', 'en_us', ' assembly portfolio 6 '),
 ('30', 'title', '0', 'en_us', ' assembly portfolio 6 '),
 ('30', 'field', '23', 'en_us', ' cute graph here '),
 ('18', 'filename', '0', 'en_us', ' teaser ncgov jpg '),
 ('18', 'extension', '0', 'en_us', ' jpg '),
 ('18', 'kind', '0', 'en_us', ' image '),
 ('18', 'slug', '0', 'en_us', ' teaser ncgov '),
 ('18', 'title', '0', 'en_us', ' teaser ncgov '),
 ('18', 'field', '23', 'en_us', ''),
 ('31', 'filename', '0', 'en_us', ' assembly_portfolio_7 jpg '),
 ('31', 'extension', '0', 'en_us', ' jpg '),
 ('31', 'kind', '0', 'en_us', ' image '),
 ('31', 'slug', '0', 'en_us', ' assembly portfolio 7 '),
 ('31', 'title', '0', 'en_us', ' assembly portfolio 7 '),
 ('31', 'field', '23', 'en_us', ''),
 ('32', 'filename', '0', 'en_us', ' assembly_portfolio_11 jpg '),
 ('32', 'extension', '0', 'en_us', ' jpg '),
 ('32', 'kind', '0', 'en_us', ' image '),
 ('32', 'slug', '0', 'en_us', ' assembly portfolio 11 '),
 ('32', 'title', '0', 'en_us', ' assembly portfolio 11 '),
 ('32', 'field', '23', 'en_us', ''),
 ('34', 'filename', '0', 'en_us', ' creative agency brand culture 01_0 jpg '),
 ('34', 'extension', '0', 'en_us', ' jpg '),
 ('34', 'kind', '0', 'en_us', ' image '),
 ('34', 'slug', '0', 'en_us', ' creative agency brand culture 01 0 '),
 ('34', 'title', '0', 'en_us', ' creative agency brand culture 01 0 '),
 ('34', 'field', '23', 'en_us', ''),
 ('35', 'filename', '0', 'en_us', ' contact header jpg '),
 ('35', 'extension', '0', 'en_us', ' jpg '),
 ('35', 'kind', '0', 'en_us', ' image '),
 ('35', 'slug', '0', 'en_us', ' contact header '),
 ('35', 'title', '0', 'en_us', ' contact header '),
 ('35', 'field', '23', 'en_us', ''),
 ('37', 'filename', '0', 'en_us', ' p_sample runner jpg '),
 ('37', 'extension', '0', 'en_us', ' jpg '),
 ('37', 'kind', '0', 'en_us', ' image '),
 ('37', 'slug', '0', 'en_us', ' p sample runner '),
 ('37', 'title', '0', 'en_us', ' p sample runner '),
 ('37', 'field', '23', 'en_us', ''),
 ('38', 'filename', '0', 'en_us', ' p_runner jpg '),
 ('38', 'extension', '0', 'en_us', ' jpg '),
 ('38', 'kind', '0', 'en_us', ' image '),
 ('38', 'slug', '0', 'en_us', ' p runner '),
 ('38', 'title', '0', 'en_us', ' p runner '),
 ('38', 'field', '23', 'en_us', ''),
 ('41', 'filename', '0', 'en_us', ' l_oracle png '),
 ('41', 'extension', '0', 'en_us', ' png '),
 ('41', 'kind', '0', 'en_us', ' image '),
 ('41', 'slug', '0', 'en_us', ' l oracle '),
 ('41', 'title', '0', 'en_us', ' l oracle '),
 ('41', 'field', '23', 'en_us', ''),
 ('45', 'filename', '0', 'en_us', ' l_webaward png '),
 ('45', 'extension', '0', 'en_us', ' png '),
 ('45', 'kind', '0', 'en_us', ' image '),
 ('45', 'slug', '0', 'en_us', ' l webaward '),
 ('45', 'title', '0', 'en_us', ' web award '),
 ('45', 'field', '23', 'en_us', ' web award logo '),
 ('47', 'filename', '0', 'en_us', ' p_hero home jpg '),
 ('47', 'extension', '0', 'en_us', ' jpg '),
 ('47', 'kind', '0', 'en_us', ' image '),
 ('47', 'slug', '0', 'en_us', ' p hero home '),
 ('47', 'title', '0', 'en_us', ' p hero home '),
 ('47', 'field', '23', 'en_us', ''),
 ('54', 'filename', '0', 'en_us', ' l_sia awards png '),
 ('54', 'extension', '0', 'en_us', ' png '),
 ('54', 'kind', '0', 'en_us', ' image '),
 ('54', 'slug', '0', 'en_us', ' l sia awards '),
 ('54', 'title', '0', 'en_us', ' sia awards '),
 ('54', 'field', '23', 'en_us', ' sia awards logo '),
 ('55', 'filename', '0', 'en_us', ' l_layers magazine png '),
 ('55', 'extension', '0', 'en_us', ' png '),
 ('55', 'kind', '0', 'en_us', ' image '),
 ('55', 'slug', '0', 'en_us', ' l layers magazine '),
 ('55', 'title', '0', 'en_us', ' layers magazine '),
 ('55', 'field', '23', 'en_us', ' layers magazine logo '),
 ('56', 'filename', '0', 'en_us', ' l_99designs png '),
 ('56', 'extension', '0', 'en_us', ' png '),
 ('56', 'kind', '0', 'en_us', ' image '),
 ('56', 'slug', '0', 'en_us', ' l 99designs '),
 ('56', 'title', '0', 'en_us', ' 99 designs '),
 ('56', 'field', '23', 'en_us', ' 99 designs logo '),
 ('57', 'filename', '0', 'en_us', ' l_davey awards png '),
 ('57', 'extension', '0', 'en_us', ' png '),
 ('57', 'kind', '0', 'en_us', ' image '),
 ('57', 'slug', '0', 'en_us', ' l davey awards ');
INSERT INTO `craft_searchindex` (`elementId`, `attribute`, `fieldId`, `locale`, `keywords`) VALUES
 ('57', 'title', '0', 'en_us', ' davey awards '),
 ('57', 'field', '23', 'en_us', ' davey awards logo '),
 ('62', 'filename', '0', 'en_us', ' l_w3 awards png '),
 ('62', 'extension', '0', 'en_us', ' png '),
 ('62', 'kind', '0', 'en_us', ' image '),
 ('62', 'slug', '0', 'en_us', ' l w3 awards '),
 ('62', 'title', '0', 'en_us', ' w3 awards '),
 ('62', 'field', '23', 'en_us', ' w3 awards logo '),
 ('65', 'filename', '0', 'en_us', ' l_lulu png '),
 ('65', 'extension', '0', 'en_us', ' png '),
 ('65', 'kind', '0', 'en_us', ' image '),
 ('65', 'slug', '0', 'en_us', ' l lulu '),
 ('65', 'title', '0', 'en_us', ' l lulu '),
 ('65', 'field', '23', 'en_us', ''),
 ('66', 'filename', '0', 'en_us', ' l_rex unc health png '),
 ('66', 'extension', '0', 'en_us', ' png '),
 ('66', 'kind', '0', 'en_us', ' image '),
 ('66', 'slug', '0', 'en_us', ' l rex unc health '),
 ('66', 'title', '0', 'en_us', ' l rex unc health '),
 ('66', 'field', '23', 'en_us', ''),
 ('67', 'filename', '0', 'en_us', ' l_wbal png '),
 ('67', 'extension', '0', 'en_us', ' png '),
 ('67', 'kind', '0', 'en_us', ' image '),
 ('67', 'slug', '0', 'en_us', ' l wbal '),
 ('67', 'title', '0', 'en_us', ' l wbal '),
 ('67', 'field', '23', 'en_us', ''),
 ('68', 'filename', '0', 'en_us', ' l_ncsu png '),
 ('68', 'extension', '0', 'en_us', ' png '),
 ('68', 'kind', '0', 'en_us', ' image '),
 ('68', 'slug', '0', 'en_us', ' l ncsu '),
 ('68', 'title', '0', 'en_us', ' l ncsu '),
 ('68', 'field', '23', 'en_us', ''),
 ('69', 'filename', '0', 'en_us', ' l_duke university png '),
 ('69', 'extension', '0', 'en_us', ' png '),
 ('69', 'kind', '0', 'en_us', ' image '),
 ('69', 'slug', '0', 'en_us', ' l duke university '),
 ('69', 'title', '0', 'en_us', ' l duke university '),
 ('69', 'field', '23', 'en_us', ''),
 ('70', 'filename', '0', 'en_us', ' l_redhat png '),
 ('70', 'extension', '0', 'en_us', ' png '),
 ('70', 'kind', '0', 'en_us', ' image '),
 ('70', 'slug', '0', 'en_us', ' l redhat '),
 ('70', 'title', '0', 'en_us', ' l redhat '),
 ('70', 'field', '23', 'en_us', ''),
 ('71', 'filename', '0', 'en_us', ' l_sirchie png '),
 ('71', 'extension', '0', 'en_us', ' png '),
 ('71', 'kind', '0', 'en_us', ' image '),
 ('71', 'slug', '0', 'en_us', ' l sirchie '),
 ('71', 'title', '0', 'en_us', ' l sirchie '),
 ('71', 'field', '23', 'en_us', ''),
 ('72', 'filename', '0', 'en_us', ' l_ncgov png '),
 ('72', 'extension', '0', 'en_us', ' png '),
 ('72', 'kind', '0', 'en_us', ' image '),
 ('72', 'slug', '0', 'en_us', ' l ncgov '),
 ('72', 'title', '0', 'en_us', ' l ncgov '),
 ('72', 'field', '23', 'en_us', ''),
 ('73', 'filename', '0', 'en_us', ' l_rtp png '),
 ('73', 'extension', '0', 'en_us', ' png '),
 ('73', 'kind', '0', 'en_us', ' image '),
 ('73', 'slug', '0', 'en_us', ' l rtp '),
 ('73', 'title', '0', 'en_us', ' l rtp '),
 ('73', 'field', '23', 'en_us', ''),
 ('74', 'filename', '0', 'en_us', ' l_campbell university png '),
 ('74', 'extension', '0', 'en_us', ' png '),
 ('74', 'kind', '0', 'en_us', ' image '),
 ('74', 'slug', '0', 'en_us', ' l campbell university '),
 ('74', 'title', '0', 'en_us', ' l campbell university '),
 ('74', 'field', '23', 'en_us', ''),
 ('85', 'filename', '0', 'en_us', ' p_sirchie homepage jpg '),
 ('85', 'extension', '0', 'en_us', ' jpg '),
 ('85', 'kind', '0', 'en_us', ' image '),
 ('85', 'slug', '0', 'en_us', ' p sirchie homepage '),
 ('85', 'title', '0', 'en_us', ' p sirchie homepage '),
 ('85', 'field', '23', 'en_us', ''),
 ('87', 'filename', '0', 'en_us', ' p_sirchie concept jpg '),
 ('87', 'extension', '0', 'en_us', ' jpg '),
 ('87', 'kind', '0', 'en_us', ' image '),
 ('87', 'slug', '0', 'en_us', ' p sirchie concept '),
 ('87', 'title', '0', 'en_us', ' p sirchie concept '),
 ('87', 'field', '23', 'en_us', ''),
 ('88', 'filename', '0', 'en_us', ' p_hero sirchie jpg '),
 ('88', 'extension', '0', 'en_us', ' jpg '),
 ('88', 'kind', '0', 'en_us', ' image '),
 ('88', 'slug', '0', 'en_us', ' p hero sirchie '),
 ('88', 'title', '0', 'en_us', ' p hero sirchie '),
 ('88', 'field', '23', 'en_us', ''),
 ('90', 'filename', '0', 'en_us', ' p_sirchie menu jpg '),
 ('90', 'extension', '0', 'en_us', ' jpg '),
 ('90', 'kind', '0', 'en_us', ' image '),
 ('90', 'slug', '0', 'en_us', ' p sirchie menu '),
 ('90', 'title', '0', 'en_us', ' p sirchie menu '),
 ('90', 'field', '23', 'en_us', ''),
 ('99', 'filename', '0', 'en_us', ' abstract wallpaper hd png '),
 ('99', 'extension', '0', 'en_us', ' png '),
 ('99', 'kind', '0', 'en_us', ' image '),
 ('99', 'slug', '0', 'en_us', ' abstract wallpaper hd '),
 ('99', 'title', '0', 'en_us', ' abstract wallpaper hd '),
 ('99', 'field', '23', 'en_us', ''),
 ('2', 'slug', '0', 'en_us', ' homepage '),
 ('2', 'title', '0', 'en_us', ' home ');
INSERT INTO `craft_searchindex` (`elementId`, `attribute`, `fieldId`, `locale`, `keywords`) VALUES
 ('2', 'field', '1', 'en_us', ' we craft experiences for the web helping brands speak human in a digital world '),
 ('2', 'field', '32', 'en_us', ' nc government research triangle park '),
 ('2', 'field', '14', 'en_us', ' p hero home '),
 ('2', 'field', '33', 'en_us', ' digital mastermind '),
 ('2', 'field', '34', 'en_us', ' enriching brands through handcrafted digital experiences '),
 ('3', 'slug', '0', 'en_us', ' using white space how emptiness can give so much to design '),
 ('3', 'title', '0', 'en_us', ' using white space how emptiness can give so much to design '),
 ('3', 'field', '1', 'en_us', ' craft is the cms that s powering localhost it s beautiful powerful flexible and easy to use and it s made by pixel tonic we can t wait to dive in and see what it s capable of this is even more captivating content which you couldn t see on the news index page because it was entered after a page break and the news index template only likes to show the content on the first page craft a nice alternative to word if you re making a website '),
 ('3', 'field', '14', 'en_us', ''),
 ('3', 'field', '2', 'en_us', ''),
 ('4', 'slug', '0', 'en_us', ' contact '),
 ('4', 'title', '0', 'en_us', ' contact '),
 ('4', 'field', '1', 'en_us', ' lorem ipsum dolor sit amet consectetur adipiscing elit duis dignissim ornare quam quis porta turpis imperdiet non duis id vestibulum mauris aliquam erat lacus porttitor bibendum lobortis nec elementum ut magna aliquam pretium vulputate orci sed tincidunt pellentesque lobortis non lectus eu feugiat praesent faucibus interdum est maecenas purus libero efficitur at lacus nec consectetur iaculis sapien nunc non lorem volutpat blandit ipsum at semper lorem nam vitae cursus eros cras a urna erat praesent consequat nibh eget varius tincidunt velit diam interdum neque eu auctor est augue eu lorem morbi posuere a erat at pulvinar nam sit amet justo eget sapien fringilla imperdiet a a turpis aenean sollicitudin non magna ac consequat '),
 ('4', 'field', '14', 'en_us', ''),
 ('4', 'field', '33', 'en_us', ''),
 ('4', 'field', '34', 'en_us', ''),
 ('16', 'slug', '0', 'en_us', ' about '),
 ('16', 'title', '0', 'en_us', ' my story '),
 ('16', 'field', '1', 'en_us', ' lorem ipsum dolor sit amet consectetur adipiscing elit duis dignissim ornare quam quis porta turpis imperdiet non duis id vestibulum mauris aliquam erat lacus porttitor bibendum lobortis nec elementum ut magna aliquam pretium vulputate orci sed tincidunt pellentesque lobortis non lectus eu feugiat praesent faucibus interdum est maecenas purus libero efficitur at lacus nec consectetur iaculis sapien nunc non lorem volutpat blandit ipsum at semper lorem nam vitae cursus eros cras a urna erat praesent consequat nibh eget varius tincidunt velit diam interdum neque eu auctor est augue eu lorem morbi posuere a erat at pulvinar nam sit amet justo eget sapien fringilla imperdiet a a turpis aenean sollicitudin non magna ac consequat values '),
 ('16', 'field', '14', 'en_us', ''),
 ('16', 'field', '33', 'en_us', ' brand focused strategy driven design led '),
 ('16', 'field', '34', 'en_us', ''),
 ('16', 'field', '36', 'en_us', ''),
 ('16', 'field', '35', 'en_us', ' contact '),
 ('16', 'field', '28', 'en_us', ' want to work with me i m pretty awesome i promise let s start a project together '),
 ('23', 'slug', '0', 'en_us', ' research triangle park '),
 ('23', 'title', '0', 'en_us', ' research triangle park '),
 ('23', 'field', '19', 'en_us', ' research triangle park '),
 ('23', 'field', '15', 'en_us', ' 120 years in the making since 1895 the wildlife conservation society wcs has worked to protect the world s wildlife and wild places our partnership with wcs was entering its second year following our creation of the groundbreaking 96 elephants campaign and our redesign of their five zoo facility sites when we turned our attention to wcs org to help wcs project their status as world class conservation organization we had already introduced a bold new brand approach to photography and design the reimaging of wcs org was the perfect opportunity to use this new aesthetic to showcase wcs s global mission '),
 ('23', 'field', '16', 'en_us', ' redesign wcs org using a new brand aesthetic and audience focused structure to more effectively share mission and attract supporters '),
 ('23', 'field', '17', 'en_us', ' use the flexibility of the rails cms we developed to for wcs s zoo facility sites to create customized pages that speak to and catalyze individual audiences through a bold new visual language '),
 ('23', 'field', '18', 'en_us', ' a modern digital platform that tells a unique organizational story and inspires audience engagement leading to 17% growth in end of year giving '),
 ('23', 'field', '26', 'en_us', ' assembly portfolio 6 assembly portfolio 7 assembly portfolio 11 '),
 ('23', 'field', '2', 'en_us', ''),
 ('23', 'field', '14', 'en_us', ' dsg womensfitness hero '),
 ('23', 'field', '33', 'en_us', ' elevating an ecommerce experience to the next level '),
 ('23', 'field', '34', 'en_us', ''),
 ('24', 'slug', '0', 'en_us', ' services '),
 ('24', 'title', '0', 'en_us', ' services '),
 ('24', 'field', '1', 'en_us', ''),
 ('24', 'field', '14', 'en_us', ''),
 ('24', 'field', '33', 'en_us', ' we get people engaged in the work we create '),
 ('24', 'field', '34', 'en_us', ' our passion for design goes beyond beautiful imagery and into the mind of the consumer where we believe good design should solve problems and position a brand so it stands out as well as stands for something '),
 ('49', 'slug', '0', 'en_us', ' nc government '),
 ('49', 'title', '0', 'en_us', ' nc government '),
 ('49', 'field', '19', 'en_us', ' nc government '),
 ('49', 'field', '15', 'en_us', ' strong is the new skinny this was the rallying cry behind the women s fitness campaign we created for dick s sporting goods dsg wanted to reach women who are serious about pushing their bodies not to conform to society s standards but hit the goals they set for themselves they want high quality on trend versatile clothing that meets both their athletic and aesthetic needs we put dsg s line of women s apparel on their radar with a campaign that celebrates the lives of strong beautiful women in a series of product featuring storytelling vignettes '),
 ('49', 'field', '16', 'en_us', ' connect with an audience dsg struggled to reach and showcase women s athletic clothing in a shippable and shareable format '),
 ('49', 'field', '17', 'en_us', ' tell our audience s story showcase the lives of women who personify both strength and femininity and use athletic apparel as a key supporting character '),
 ('49', 'field', '18', 'en_us', ' users spent more than 6 3k total hours engaging with an interactive video lookbook that features custom photography integrated share and shop features and an empowering brand voice '),
 ('49', 'field', '26', 'en_us', ''),
 ('49', 'field', '2', 'en_us', ' html css javascript '),
 ('49', 'field', '14', 'en_us', ' p runner '),
 ('49', 'field', '33', 'en_us', ' nc government '),
 ('49', 'field', '34', 'en_us', ''),
 ('50', 'slug', '0', 'en_us', ' sirchie '),
 ('50', 'title', '0', 'en_us', ' sirchie '),
 ('50', 'field', '19', 'en_us', ' sirchie '),
 ('50', 'field', '15', 'en_us', ' strong is the new skinny this was the rallying cry behind the women s fitness campaign we created for dick s sporting goods dsg wanted to reach women who are serious about pushing their bodies not to conform to society s standards but hit the goals they set for themselves they want high quality on trend versatile clothing that meets both their athletic and aesthetic needs we put dsg s line of women s apparel on their radar with a campaign that celebrates the lives of strong beautiful women in a series of product featuring storytelling vignettes '),
 ('50', 'field', '16', 'en_us', ' connect with an audience dsg struggled to reach and showcase women s athletic clothing in a shippable and shareable format '),
 ('50', 'field', '17', 'en_us', ' tell our audience s story showcase the lives of women who personify both strength and femininity and use athletic apparel as a key supporting character '),
 ('50', 'field', '18', 'en_us', ' users spent more than 6 3k total hours engaging with an interactive video lookbook that features custom photography integrated share and shop features and an empowering brand voice '),
 ('50', 'field', '26', 'en_us', ' p sirchie homepage p sirchie concept p sirchie menu '),
 ('50', 'field', '2', 'en_us', ' html css javascript '),
 ('50', 'field', '14', 'en_us', ' p hero sirchie '),
 ('50', 'field', '33', 'en_us', ' elevating an e commerce experience for crime scene investigators '),
 ('50', 'field', '34', 'en_us', ''),
 ('51', 'slug', '0', 'en_us', ' oracle '),
 ('51', 'title', '0', 'en_us', ' oracle '),
 ('51', 'field', '19', 'en_us', ' oracle '),
 ('51', 'field', '15', 'en_us', ' strong is the new skinny this was the rallying cry behind the women s fitness campaign we created for dick s sporting goods dsg wanted to reach women who are serious about pushing their bodies not to conform to society s standards but hit the goals they set for themselves they want high quality on trend versatile clothing that meets both their athletic and aesthetic needs we put dsg s line of women s apparel on their radar with a campaign that celebrates the lives of strong beautiful women in a series of product featuring storytelling vignettes '),
 ('51', 'field', '16', 'en_us', ' connect with an audience dsg struggled to reach and showcase women s athletic clothing in a shippable and shareable format '),
 ('51', 'field', '17', 'en_us', ' tell our audience s story showcase the lives of women who personify both strength and femininity and use athletic apparel as a key supporting character '),
 ('51', 'field', '18', 'en_us', ' users spent more than 6 3k total hours engaging with an interactive video lookbook that features custom photography integrated share and shop features and an empowering brand voice '),
 ('51', 'field', '26', 'en_us', ''),
 ('51', 'field', '2', 'en_us', ' html css javascript '),
 ('51', 'field', '14', 'en_us', ' creative agency brand culture 01 0 '),
 ('51', 'field', '33', 'en_us', ' oracle '),
 ('51', 'field', '34', 'en_us', ''),
 ('52', 'slug', '0', 'en_us', ' bob barker '),
 ('52', 'title', '0', 'en_us', ' bob barker '),
 ('52', 'field', '19', 'en_us', ' bob barker '),
 ('52', 'field', '15', 'en_us', ' strong is the new skinny this was the rallying cry behind the women s fitness campaign we created for dick s sporting goods dsg wanted to reach women who are serious about pushing their bodies not to conform to society s standards but hit the goals they set for themselves they want high quality on trend versatile clothing that meets both their athletic and aesthetic needs we put dsg s line of women s apparel on their radar with a campaign that celebrates the lives of strong beautiful women in a series of product featuring storytelling vignettes '),
 ('52', 'field', '16', 'en_us', ' connect with an audience dsg struggled to reach and showcase women s athletic clothing in a shippable and shareable format '),
 ('52', 'field', '17', 'en_us', ' tell our audience s story showcase the lives of women who personify both strength and femininity and use athletic apparel as a key supporting character '),
 ('52', 'field', '18', 'en_us', ' users spent more than 6 3k total hours engaging with an interactive video lookbook that features custom photography integrated share and shop features and an empowering brand voice '),
 ('52', 'field', '26', 'en_us', ''),
 ('52', 'field', '2', 'en_us', ' html css javascript '),
 ('52', 'field', '14', 'en_us', ' assembly portfolio 7 '),
 ('52', 'field', '33', 'en_us', ' bob barker '),
 ('52', 'field', '34', 'en_us', ''),
 ('53', 'slug', '0', 'en_us', ' red hat '),
 ('53', 'title', '0', 'en_us', ' red hat '),
 ('53', 'field', '19', 'en_us', ' red hat '),
 ('53', 'field', '15', 'en_us', ' strong is the new skinny this was the rallying cry behind the women s fitness campaign we created for dick s sporting goods dsg wanted to reach women who are serious about pushing their bodies not to conform to society s standards but hit the goals they set for themselves they want high quality on trend versatile clothing that meets both their athletic and aesthetic needs we put dsg s line of women s apparel on their radar with a campaign that celebrates the lives of strong beautiful women in a series of product featuring storytelling vignettes '),
 ('53', 'field', '16', 'en_us', ' connect with an audience dsg struggled to reach and showcase women s athletic clothing in a shippable and shareable format '),
 ('53', 'field', '17', 'en_us', ' tell our audience s story showcase the lives of women who personify both strength and femininity and use athletic apparel as a key supporting character '),
 ('53', 'field', '18', 'en_us', ' users spent more than 6 3k total hours engaging with an interactive video lookbook that features custom photography integrated share and shop features and an empowering brand voice '),
 ('53', 'field', '26', 'en_us', ''),
 ('53', 'field', '2', 'en_us', ' html css javascript ');
INSERT INTO `craft_searchindex` (`elementId`, `attribute`, `fieldId`, `locale`, `keywords`) VALUES
 ('53', 'field', '14', 'en_us', ' p hero home '),
 ('53', 'field', '33', 'en_us', ' red hat '),
 ('53', 'field', '34', 'en_us', ''),
 ('97', 'slug', '0', 'en_us', ' 7 ways you can design your home office for maximum productivity '),
 ('97', 'title', '0', 'en_us', ' 7 ways you can design your home office for maximum productivity '),
 ('97', 'field', '1', 'en_us', ' lorem ipsum dolor sit amet lorem ipsum dolor sit amet consectetur adipiscing elit fusce et felis non est vehicula sagittis integer vel ornare elit suspendisse cursus vel elit sollicitudin imperdiet maecenas at sodales mauris eget feugiat tellus suspendisse ac ornare ante vel auctor augue praesent metus tellus semper sit amet aliquet at molestie laoreet dui etiam tristique iaculis ante vel aliquam maecenas tristique eros a justo blandit malesuada phasellus in odio vel quam phasellus in odio vel quam eleifend imperdiet morbi id lacus condimentum dignissim dolor eget volutpat leo mauris tortor felis ultricies id posuere sed efficitur vel massa nulla faucibus mi in auctor sodales donec vitae libero vitae mi rhoncus consequat et vel arcu fusce porttitor risus sem sed consequat dui quis viverra pellentesque nulla sit amet quam quam donec mollis velit et iaculis convallis duis eu porttitor felis mauris ac augue nec felis accumsan dapibus proin tristique semper arcu quis elementum donec egestas tortor placerat cursus metus vitae euismod urna nullam nec venenatis libero vel congue dolor duis vestibulum nec dolor et efficitur nunc aliquam convallis lorem nec dapibus unordered list fusce vitae ligula ut dolor venenatis dapibus duis id aliquet urna class aptent taciti sociosqu ad litora torquent per conubia nostra perinceptos himenaeos in interdum mi sit amet libero congue id fringilla libero rutrum cras at ante sagittis volutpat ligula eu laoreet nisi curabitur vitae pharetra dui vivamus laoreet ligula lacus sit amet commodo ligula malesuada vel maecenas dignissim nibh vel velit ullamcorper ultricies ordered list donec pulvinar enim eu convallis consectetur quisque posuere purus id nulla iaculis et suscipit quam hendrerit phasellus varius risus eget turpis semper ornare phasellus porttitor tortor ut bibendum vestibulum suspendisse viverra eros erat ac pharetra lacus efficitur nec in pulvinar pretium semper donec eget odio sed risus aliquet convallis vivamus vel facilisis velit etiam vel sodales ipsum etiam vel sodales ipsum proin mollis et arcu sed blandit maecenas congue pretium ipsum ut eleifend phasellus diam arcu vehicula in eros at gravida tempor est maecenas id diam sit amet lectus mattis volutpat etiam vitae nunc malesuada mollis lacus eget vehicula urna proin sapien dolor varius ut ante eget tempus accumsan ligula sed vitae diam nec metus lacinia luctus a vitae quam nullam felis nisl aliquam ut dolor nec feugiat molestie elit etiam vel sodales ipsum proin mollis et arcu sed blandit maecenas congue pretium ipsum ut eleifend phasellus diam arcu vehicula in eros at gravida tempor est maecenas id diam sit amet lectus mattis volutpat etiam vitae nunc malesuada mollis lacus eget vehicula urna proin sapien dolor varius ut ante eget tempus accumsan ligula sed vitae diam nec metus lacinia luctus a vitae quam nullam felis nisl aliquam ut dolor nec feugiat molestie elit duis luctus fringilla neque sit amet posuere duis luctus fringilla neque sit amet posuere sed iaculis vestibulum placerat vivamus fermentum erat quis dapibus dapibus turpis ante tempor tellus vitae malesuada metus felis id sapien duis odio risus pretium sit amet justo sit amet aliquam viverra nulla phasellus ut ipsum ullamcorper pulvinar elit at aliquet ipsum donec rhoncus libero turpis quisque pharetra urna iaculis dui aliquam consectetur quisque pharetra urna iaculis dui aliquam consectetur aenean porta justo non eleifend ullamcorper vestibulum mattis quam nisi in dignissim sapien volutpat at nullam convallis sodales odio vitae bibendum pellentesque ex nisi aliquet venenatis libero at feugiat porta lectus suspendisse tincidunt mi sed tellus accumsan vulputate in maximus pulvinar nisi eu efficitur felis venenatis nec cras a accumsan metus nunc sollicitudin arcu ac dolor sagittis sed consectetur arcu porttitor '),
 ('97', 'field', '14', 'en_us', ' abstract wallpaper hd '),
 ('97', 'field', '2', 'en_us', ''),
 ('12', 'slug', '0', 'en_us', ''),
 ('12', 'field', '9', 'en_us', ' social link behance follow me on behance behance https www behance net markriggan social link dribbble follow me on dribbble dribbble https dribbble com markr social link google follow me on google google https plus google com markriggan social link linkedin follow me on linkedin linkedin https www linkedin com in markriggan social link twitter follow me on twitter twitter https twitter com asuwebdesign '),
 ('29', 'slug', '0', 'en_us', ''),
 ('29', 'field', '25', 'en_us', ' do what you love love what you do '),
 ('29', 'field', '28', 'en_us', ''),
 ('29', 'field', '20', 'en_us', ' l campbell university campbell university l duke university duke university l lulu lulu l ncgov north carolina government l ncsu nc state university l oracle oracle l redhat red hat l rex unc health rex unc health l rtp research triangle park l sirchie sirchie l wbal wbal '),
 ('29', 'field', '29', 'en_us', ' 99 designs 99 designs davey awards davey awards layers magazine layers magazine sia awards summit international awards w3 awards w3 awards web award web awards '),
 ('13', 'slug', '0', 'en_us', ''),
 ('13', 'field', '10', 'en_us', ' behance '),
 ('13', 'field', '11', 'en_us', ' https www behance net markriggan '),
 ('13', 'field', '12', 'en_us', ' follow me on behance '),
 ('13', 'field', '13', 'en_us', ' social link behance '),
 ('14', 'slug', '0', 'en_us', ''),
 ('14', 'field', '10', 'en_us', ' twitter '),
 ('14', 'field', '11', 'en_us', ' https twitter com asuwebdesign '),
 ('14', 'field', '12', 'en_us', ' follow me on twitter '),
 ('14', 'field', '13', 'en_us', ' social link twitter '),
 ('15', 'slug', '0', 'en_us', ''),
 ('15', 'field', '10', 'en_us', ' google '),
 ('15', 'field', '11', 'en_us', ' https plus google com markriggan '),
 ('15', 'field', '12', 'en_us', ' follow me on google '),
 ('15', 'field', '13', 'en_us', ' social link google '),
 ('19', 'slug', '0', 'en_us', ''),
 ('19', 'field', '10', 'en_us', ' dribbble '),
 ('19', 'field', '11', 'en_us', ' https dribbble com markr '),
 ('19', 'field', '12', 'en_us', ' follow me on dribbble '),
 ('19', 'field', '13', 'en_us', ' social link dribbble '),
 ('33', 'slug', '0', 'en_us', ''),
 ('33', 'field', '27', 'en_us', ' assembly portfolio 6 assembly portfolio 7 assembly portfolio 11 '),
 ('36', 'slug', '0', 'en_us', ''),
 ('36', 'field', '10', 'en_us', ' linkedin '),
 ('36', 'field', '11', 'en_us', ' https www linkedin com in markriggan '),
 ('36', 'field', '12', 'en_us', ' follow me on linkedin '),
 ('36', 'field', '13', 'en_us', ' social link linkedin '),
 ('42', 'slug', '0', 'en_us', ''),
 ('42', 'field', '21', 'en_us', ' oracle '),
 ('42', 'field', '22', 'en_us', ' l oracle '),
 ('44', 'slug', '0', 'en_us', ''),
 ('44', 'field', '21', 'en_us', ' campbell university '),
 ('44', 'field', '22', 'en_us', ' l campbell university '),
 ('46', 'slug', '0', 'en_us', ''),
 ('46', 'field', '30', 'en_us', ' web awards '),
 ('46', 'field', '31', 'en_us', ' web award '),
 ('58', 'slug', '0', 'en_us', ''),
 ('58', 'field', '30', 'en_us', ' 99 designs '),
 ('58', 'field', '31', 'en_us', ' 99 designs '),
 ('59', 'slug', '0', 'en_us', ''),
 ('59', 'field', '30', 'en_us', ' davey awards '),
 ('59', 'field', '31', 'en_us', ' davey awards '),
 ('60', 'slug', '0', 'en_us', ''),
 ('60', 'field', '30', 'en_us', ' layers magazine '),
 ('60', 'field', '31', 'en_us', ' layers magazine '),
 ('61', 'slug', '0', 'en_us', ''),
 ('61', 'field', '30', 'en_us', ' summit international awards '),
 ('61', 'field', '31', 'en_us', ' sia awards '),
 ('63', 'slug', '0', 'en_us', ''),
 ('63', 'field', '30', 'en_us', ' w3 awards '),
 ('63', 'field', '31', 'en_us', ' w3 awards '),
 ('76', 'slug', '0', 'en_us', ''),
 ('76', 'field', '21', 'en_us', ' duke university '),
 ('76', 'field', '22', 'en_us', ' l duke university '),
 ('77', 'slug', '0', 'en_us', ''),
 ('77', 'field', '21', 'en_us', ' lulu '),
 ('77', 'field', '22', 'en_us', ' l lulu '),
 ('78', 'slug', '0', 'en_us', ''),
 ('78', 'field', '21', 'en_us', ' north carolina government '),
 ('78', 'field', '22', 'en_us', ' l ncgov '),
 ('79', 'slug', '0', 'en_us', ''),
 ('79', 'field', '21', 'en_us', ' nc state university '),
 ('79', 'field', '22', 'en_us', ' l ncsu '),
 ('80', 'slug', '0', 'en_us', ''),
 ('80', 'field', '21', 'en_us', ' red hat '),
 ('80', 'field', '22', 'en_us', ' l redhat '),
 ('81', 'slug', '0', 'en_us', ''),
 ('81', 'field', '21', 'en_us', ' rex unc health '),
 ('81', 'field', '22', 'en_us', ' l rex unc health '),
 ('82', 'slug', '0', 'en_us', ''),
 ('82', 'field', '21', 'en_us', ' research triangle park '),
 ('82', 'field', '22', 'en_us', ' l rtp '),
 ('83', 'slug', '0', 'en_us', ''),
 ('83', 'field', '21', 'en_us', ' sirchie '),
 ('83', 'field', '22', 'en_us', ' l sirchie '),
 ('84', 'slug', '0', 'en_us', ''),
 ('84', 'field', '21', 'en_us', ' wbal '),
 ('84', 'field', '22', 'en_us', ' l wbal '),
 ('86', 'slug', '0', 'en_us', ''),
 ('86', 'field', '27', 'en_us', ' p sirchie homepage p sirchie concept p sirchie menu '),
 ('92', 'slug', '0', 'en_us', ' work '),
 ('92', 'title', '0', 'en_us', ' work '),
 ('93', 'slug', '0', 'en_us', ' services '),
 ('93', 'title', '0', 'en_us', ' what i do '),
 ('94', 'slug', '0', 'en_us', ' contact ');
INSERT INTO `craft_searchindex` (`elementId`, `attribute`, `fieldId`, `locale`, `keywords`) VALUES
 ('94', 'title', '0', 'en_us', ' contact '),
 ('95', 'slug', '0', 'en_us', ' articles '),
 ('95', 'title', '0', 'en_us', ' articles '),
 ('96', 'slug', '0', 'en_us', ' my story '),
 ('96', 'title', '0', 'en_us', ' about '),
 ('20', 'name', '0', 'en_us', ' html '),
 ('20', 'slug', '0', 'en_us', ' html '),
 ('20', 'title', '0', 'en_us', ' html '),
 ('21', 'name', '0', 'en_us', ' css '),
 ('21', 'slug', '0', 'en_us', ' css '),
 ('21', 'title', '0', 'en_us', ' css '),
 ('22', 'name', '0', 'en_us', ' javascript '),
 ('22', 'slug', '0', 'en_us', ' javascript '),
 ('22', 'title', '0', 'en_us', ' javascript '),
 ('1', 'username', '0', 'en_us', ' jmr82684 '),
 ('1', 'firstname', '0', 'en_us', ' mark '),
 ('1', 'lastname', '0', 'en_us', ' riggan '),
 ('1', 'fullname', '0', 'en_us', ' mark riggan '),
 ('1', 'email', '0', 'en_us', ' jmr82684 gmail com '),
 ('1', 'slug', '0', 'en_us', ''),
 ('100', 'field', '1', 'en_us', ' i register a lot of domain names chances are if you re reading this you probably have at least a few yourself only a handful of mine are in active use all the others represent a good intention i had to make an awesome website the domains all start innocently enough it could be a funny turn of phrase i hear while out with some friends an overheard quip from a television in background a little burning ember of an idea that keeps coming back to me there was the one where i would interview people about their most prized possession or the single serving site about alternatives to using helvetica the list goes on and on around this time of year a bunch of my domain names come up for renewal likely registered after nights out with friends around the holidays when they came up for renewal this time i had to stop and think for a minute what the hell am i doing why do i keep renewing these domains when i will probably never get around to doing anything with them this is a domain affliction it feels encoded in any of us working on the web we register domains at the drop of a hat not because we re looking for a future pay day but because we re in constant conflict with the evil domain squatters in recent years the internet has self corrected the domain squatter problem there are many viable tlds available beyond the workhorse com from co io is me and so many more but the big change here is that urls just aren t that important anymore it s still nice to have a short and memorable domain but the means to get to a site is more important than ever links it doesn t matter how long or weird your url is just link someone to it maybe it s time i got rid of those extra domains years ago i mused that it would be fun to hold a poker game and use domains as the chips though that could actually mean walking away with more domains than you arrived with ugh more recently i thought it could be fun to have a site hey i could get another domain where people could list domains for others to claim but with a catch to keep the domain from just languishing on someone else s shelf they d have a month or so to make a site that uses the domain before it would be transferred to them but that seems silly too almost like instead of collecting domains i m collecting ideas to offload domains honestly if i haven t followed through on the idea behind a domain by now i m just wasting money on them money that could be going to a charity or at the very least not down the drain and some non domain squatter might have a better idea for that domain anyway i think as my unused domains come up for renewal i m just going to let them go or offer them to folks who might use them there was a time when a domain represented a placeholder for an idea to me and worse yet buying the domain gave me a feeling of accomplishment that took the pressure off of having to finish anything more now they ve just become a neglected to do list and i have some of those too if all those domains went away tomorrow i would still have the ideas those creative impulses can be just a list or a scribble in a sketchbook until they actually need to be something more there will be plenty of domains '),
 ('100', 'field', '14', 'en_us', ''),
 ('100', 'field', '2', 'en_us', ''),
 ('100', 'slug', '0', 'en_us', ' colorful inspiration for gray days illustration and photography at their best '),
 ('100', 'title', '0', 'en_us', ' colorful inspiration for gray days illustration and photography at their best ');



DROP TABLE IF EXISTS `craft_sections`;


--
-- Schema for table `craft_sections`
--
CREATE TABLE `craft_sections` (
  `id` int(11) NOT NULL AUTO_INCREMENT,
  `structureId` int(11) DEFAULT NULL,
  `name` varchar(255) COLLATE utf8_unicode_ci NOT NULL,
  `handle` varchar(255) COLLATE utf8_unicode_ci NOT NULL,
  `type` enum('single','channel','structure') COLLATE utf8_unicode_ci NOT NULL DEFAULT 'channel',
  `hasUrls` tinyint(1) unsigned NOT NULL DEFAULT '1',
  `template` varchar(500) COLLATE utf8_unicode_ci DEFAULT NULL,
  `enableVersioning` tinyint(1) unsigned NOT NULL DEFAULT '0',
  `dateCreated` datetime NOT NULL,
  `dateUpdated` datetime NOT NULL,
  `uid` char(36) COLLATE utf8_unicode_ci NOT NULL DEFAULT '0',
  PRIMARY KEY (`id`),
  UNIQUE KEY `craft_sections_name_unq_idx` (`name`),
  UNIQUE KEY `craft_sections_handle_unq_idx` (`handle`),
  KEY `craft_sections_structureId_fk` (`structureId`)
) ENGINE=InnoDB AUTO_INCREMENT=7 DEFAULT CHARSET=utf8 COLLATE=utf8_unicode_ci;

--
-- Data for table `craft_sections`
--

INSERT INTO `craft_sections` (`id`, `structureId`, `name`, `handle`, `type`, `hasUrls`, `template`, `enableVersioning`, `dateCreated`, `dateUpdated`, `uid`) VALUES
 ('1', NULL, 'Homepage', 'homepage', 'single', '1', 'index', '1', '2016-03-26 15:55:41', '2016-03-26 15:55:41', '7f9b4a33-9541-4b22-b458-b044368cdbc3'),
 ('2', NULL, 'Articles', 'articles', 'channel', '1', 'articles/_entry', '1', '2016-03-26 15:55:41', '2017-02-04 17:06:15', 'adb6bc09-6695-42b4-b185-6b2f2f04c356'),
 ('3', NULL, 'Contact', 'contact', 'single', '1', 'contact', '1', '2016-03-26 17:11:02', '2016-03-26 17:11:02', '66ca8a07-bb8c-4f20-b732-afe76465b8f2'),
 ('4', NULL, 'Projects', 'projects', 'channel', '1', 'work/_entry', '1', '2016-03-26 17:12:57', '2016-03-26 17:12:57', 'f039145a-0162-4c80-8e0f-3372d15d5192'),
 ('5', NULL, 'My Story', 'myStory', 'single', '1', 'my-story', '1', '2016-03-26 19:36:03', '2016-05-09 20:49:01', '7305ad7f-9369-4538-bc0b-e804416ea102'),
 ('6', NULL, 'Services', 'services', 'single', '1', 'services', '1', '2016-03-27 01:15:27', '2016-03-27 01:15:27', 'bc6afe31-6295-4a43-b649-9eb128c65986');



DROP TABLE IF EXISTS `craft_sections_i18n`;


--
-- Schema for table `craft_sections_i18n`
--
CREATE TABLE `craft_sections_i18n` (
  `id` int(11) NOT NULL AUTO_INCREMENT,
  `sectionId` int(11) NOT NULL,
  `locale` char(12) COLLATE utf8_unicode_ci NOT NULL,
  `enabledByDefault` tinyint(1) unsigned NOT NULL DEFAULT '1',
  `urlFormat` text COLLATE utf8_unicode_ci,
  `nestedUrlFormat` text COLLATE utf8_unicode_ci,
  `dateCreated` datetime NOT NULL,
  `dateUpdated` datetime NOT NULL,
  `uid` char(36) COLLATE utf8_unicode_ci NOT NULL DEFAULT '0',
  PRIMARY KEY (`id`),
  UNIQUE KEY `craft_sections_i18n_sectionId_locale_unq_idx` (`sectionId`,`locale`),
  KEY `craft_sections_i18n_locale_fk` (`locale`)
) ENGINE=InnoDB AUTO_INCREMENT=7 DEFAULT CHARSET=utf8 COLLATE=utf8_unicode_ci;

--
-- Data for table `craft_sections_i18n`
--

INSERT INTO `craft_sections_i18n` (`id`, `sectionId`, `locale`, `enabledByDefault`, `urlFormat`, `nestedUrlFormat`, `dateCreated`, `dateUpdated`, `uid`) VALUES
 ('1', '1', 'en_us', '1', '__home__', NULL, '2016-03-26 15:55:41', '2016-03-26 15:55:41', '89567aa8-48c6-4d68-9b07-746bcc3c2f45'),
 ('2', '2', 'en_us', '1', 'articles/{slug}', NULL, '2016-03-26 15:55:41', '2017-02-04 17:06:15', 'af2a8822-1bc3-49b3-878e-4b894b6fdb19'),
 ('3', '3', 'en_us', '1', 'contact', NULL, '2016-03-26 17:11:02', '2016-03-26 17:11:02', 'bc5f9d32-d518-49e5-a64b-4fa7d453ccb7'),
 ('4', '4', 'en_us', '1', 'work/{slug}', NULL, '2016-03-26 17:12:57', '2016-03-26 17:12:57', 'ea753315-8bd2-4200-9363-f278fe1ab91e'),
 ('5', '5', 'en_us', '1', 'my-story', NULL, '2016-03-26 19:36:03', '2016-05-09 20:47:37', 'c95a82d9-9947-4730-9bb3-ccf8fccd7087'),
 ('6', '6', 'en_us', '1', 'services', NULL, '2016-03-27 01:15:27', '2016-03-27 01:15:27', '62f82d79-c8e8-4ce4-b854-19b080c33b5c');



DROP TABLE IF EXISTS `craft_seomatic_meta`;


--
-- Schema for table `craft_seomatic_meta`
--
CREATE TABLE `craft_seomatic_meta` (
  `id` int(11) NOT NULL,
  `seoImageId` int(11) DEFAULT NULL,
  `seoFacebookImageId` int(11) DEFAULT NULL,
  `seoTwitterImageId` int(11) DEFAULT NULL,
  `locale` varchar(255) COLLATE utf8_unicode_ci DEFAULT 'en_us',
  `elementId` int(10) DEFAULT '0',
  `metaType` enum('default','template') COLLATE utf8_unicode_ci DEFAULT 'template',
  `metaPath` varchar(255) COLLATE utf8_unicode_ci DEFAULT '',
  `seoMainEntityCategory` varchar(255) COLLATE utf8_unicode_ci NOT NULL,
  `seoMainEntityOfPage` varchar(255) COLLATE utf8_unicode_ci NOT NULL,
  `seoTitle` varchar(255) COLLATE utf8_unicode_ci DEFAULT '',
  `seoDescription` varchar(255) COLLATE utf8_unicode_ci DEFAULT '',
  `seoKeywords` varchar(255) COLLATE utf8_unicode_ci DEFAULT '',
  `seoTwitterImageTransform` varchar(255) COLLATE utf8_unicode_ci NOT NULL,
  `seoFacebookImageTransform` varchar(255) COLLATE utf8_unicode_ci NOT NULL,
  `seoImageTransform` varchar(255) COLLATE utf8_unicode_ci NOT NULL,
  `twitterCardType` varchar(255) COLLATE utf8_unicode_ci DEFAULT 'summary',
  `openGraphType` varchar(255) COLLATE utf8_unicode_ci DEFAULT 'website',
  `robots` varchar(255) COLLATE utf8_unicode_ci DEFAULT '',
  `dateCreated` datetime NOT NULL,
  `dateUpdated` datetime NOT NULL,
  `uid` char(36) COLLATE utf8_unicode_ci NOT NULL DEFAULT '0',
  PRIMARY KEY (`id`),
  KEY `craft_seomatic_meta_seoImageId_fk` (`seoImageId`)
) ENGINE=InnoDB DEFAULT CHARSET=utf8 COLLATE=utf8_unicode_ci;

--
-- Data for table `craft_seomatic_meta`
--

INSERT INTO `craft_seomatic_meta` (`id`, `seoImageId`, `seoFacebookImageId`, `seoTwitterImageId`, `locale`, `elementId`, `metaType`, `metaPath`, `seoMainEntityCategory`, `seoMainEntityOfPage`, `seoTitle`, `seoDescription`, `seoKeywords`, `seoTwitterImageTransform`, `seoFacebookImageTransform`, `seoImageTransform`, `twitterCardType`, `openGraphType`, `robots`, `dateCreated`, `dateUpdated`, `uid`) VALUES
 ('98', NULL, NULL, NULL, 'en_us', '98', 'template', 'work/_entry', '', '', '', '', '', '', '', '', '', '', '', '2016-07-16 21:06:00', '2016-07-16 21:06:00', '8119fe85-67cc-4d57-8667-f2b4831f6c69');



DROP TABLE IF EXISTS `craft_seomatic_settings`;


--
-- Schema for table `craft_seomatic_settings`
--
CREATE TABLE `craft_seomatic_settings` (
  `id` int(11) NOT NULL AUTO_INCREMENT,
  `siteSeoImageId` int(11) DEFAULT NULL,
  `siteSeoFacebookImageId` int(11) DEFAULT NULL,
  `siteSeoTwitterImageId` int(11) DEFAULT NULL,
  `genericOwnerImageId` int(11) DEFAULT NULL,
  `genericCreatorImageId` int(11) DEFAULT NULL,
  `locale` varchar(255) COLLATE utf8_unicode_ci DEFAULT '',
  `siteSeoName` varchar(255) COLLATE utf8_unicode_ci DEFAULT '',
  `siteSeoTitle` varchar(255) COLLATE utf8_unicode_ci DEFAULT '',
  `siteSeoTitleSeparator` varchar(10) COLLATE utf8_unicode_ci DEFAULT NULL,
  `siteSeoTitlePlacement` enum('before','after','none') COLLATE utf8_unicode_ci DEFAULT 'after',
  `siteSeoDescription` varchar(255) COLLATE utf8_unicode_ci DEFAULT '',
  `siteSeoKeywords` varchar(255) COLLATE utf8_unicode_ci DEFAULT '',
  `siteSeoTwitterImageTransform` varchar(255) COLLATE utf8_unicode_ci NOT NULL,
  `siteSeoFacebookImageTransform` varchar(255) COLLATE utf8_unicode_ci NOT NULL,
  `siteSeoImageTransform` varchar(255) COLLATE utf8_unicode_ci NOT NULL,
  `siteTwitterCardType` varchar(50) COLLATE utf8_unicode_ci DEFAULT NULL,
  `siteOpenGraphType` varchar(50) COLLATE utf8_unicode_ci DEFAULT NULL,
  `siteRobots` varchar(50) COLLATE utf8_unicode_ci DEFAULT NULL,
  `siteRobotsTxt` text COLLATE utf8_unicode_ci,
  `siteLinksQueryInput` varchar(50) COLLATE utf8_unicode_ci DEFAULT NULL,
  `siteLinksSearchTargets` text COLLATE utf8_unicode_ci NOT NULL,
  `googleSiteVerification` varchar(100) COLLATE utf8_unicode_ci DEFAULT NULL,
  `bingSiteVerification` varchar(100) COLLATE utf8_unicode_ci DEFAULT NULL,
  `googleAnalyticsUID` varchar(50) COLLATE utf8_unicode_ci DEFAULT NULL,
  `googleTagManagerID` varchar(50) COLLATE utf8_unicode_ci DEFAULT NULL,
  `googleAnalyticsSendPageview` tinyint(1) unsigned NOT NULL DEFAULT '1',
  `googleAnalyticsAdvertising` tinyint(1) unsigned NOT NULL DEFAULT '0',
  `googleAnalyticsEcommerce` tinyint(1) unsigned NOT NULL DEFAULT '0',
  `googleAnalyticsEEcommerce` tinyint(1) unsigned NOT NULL DEFAULT '0',
  `googleAnalyticsLinkAttribution` tinyint(1) unsigned NOT NULL DEFAULT '0',
  `googleAnalyticsLinker` tinyint(1) unsigned NOT NULL DEFAULT '0',
  `siteOwnerType` varchar(50) COLLATE utf8_unicode_ci DEFAULT NULL,
  `siteOwnerSubType` varchar(50) COLLATE utf8_unicode_ci DEFAULT NULL,
  `siteOwnerSpecificType` varchar(50) COLLATE utf8_unicode_ci DEFAULT NULL,
  `genericOwnerName` varchar(255) COLLATE utf8_unicode_ci DEFAULT '',
  `genericOwnerAlternateName` varchar(255) COLLATE utf8_unicode_ci DEFAULT '',
  `genericOwnerDescription` varchar(1024) COLLATE utf8_unicode_ci DEFAULT '',
  `genericOwnerUrl` varchar(255) COLLATE utf8_unicode_ci DEFAULT '',
  `genericOwnerTelephone` varchar(255) COLLATE utf8_unicode_ci DEFAULT '',
  `genericOwnerEmail` varchar(255) COLLATE utf8_unicode_ci DEFAULT '',
  `genericOwnerStreetAddress` varchar(255) COLLATE utf8_unicode_ci DEFAULT '',
  `genericOwnerAddressLocality` varchar(255) COLLATE utf8_unicode_ci DEFAULT '',
  `genericOwnerAddressRegion` varchar(255) COLLATE utf8_unicode_ci DEFAULT '',
  `genericOwnerPostalCode` varchar(255) COLLATE utf8_unicode_ci DEFAULT '',
  `genericOwnerAddressCountry` varchar(255) COLLATE utf8_unicode_ci DEFAULT '',
  `genericOwnerGeoLatitude` varchar(255) COLLATE utf8_unicode_ci DEFAULT '',
  `genericOwnerGeoLongitude` varchar(255) COLLATE utf8_unicode_ci DEFAULT '',
  `organizationOwnerDuns` varchar(255) COLLATE utf8_unicode_ci DEFAULT '',
  `organizationOwnerFounder` varchar(255) COLLATE utf8_unicode_ci DEFAULT '',
  `organizationOwnerFoundingDate` varchar(255) COLLATE utf8_unicode_ci DEFAULT '',
  `organizationOwnerFoundingLocation` varchar(255) COLLATE utf8_unicode_ci DEFAULT '',
  `organizationOwnerContactPoints` text COLLATE utf8_unicode_ci NOT NULL,
  `localBusinessPriceRange` varchar(10) COLLATE utf8_unicode_ci DEFAULT NULL,
  `localBusinessOwnerOpeningHours` text COLLATE utf8_unicode_ci,
  `corporationOwnerTickerSymbol` varchar(255) COLLATE utf8_unicode_ci DEFAULT '',
  `restaurantOwnerServesCuisine` varchar(255) COLLATE utf8_unicode_ci DEFAULT '',
  `restaurantOwnerMenuUrl` varchar(255) COLLATE utf8_unicode_ci DEFAULT '',
  `restaurantOwnerReservationsUrl` varchar(255) COLLATE utf8_unicode_ci DEFAULT '',
  `personOwnerGender` varchar(255) COLLATE utf8_unicode_ci DEFAULT '',
  `personOwnerBirthPlace` varchar(255) COLLATE utf8_unicode_ci DEFAULT '',
  `twitterHandle` varchar(50) COLLATE utf8_unicode_ci DEFAULT NULL,
  `facebookHandle` varchar(50) COLLATE utf8_unicode_ci DEFAULT NULL,
  `facebookProfileId` varchar(50) COLLATE utf8_unicode_ci DEFAULT NULL,
  `facebookAppId` varchar(50) COLLATE utf8_unicode_ci DEFAULT NULL,
  `linkedInHandle` varchar(50) COLLATE utf8_unicode_ci DEFAULT NULL,
  `googlePlusHandle` varchar(50) COLLATE utf8_unicode_ci DEFAULT NULL,
  `youtubeHandle` varchar(50) COLLATE utf8_unicode_ci DEFAULT NULL,
  `youtubeChannelHandle` varchar(50) COLLATE utf8_unicode_ci DEFAULT NULL,
  `instagramHandle` varchar(50) COLLATE utf8_unicode_ci DEFAULT NULL,
  `pinterestHandle` varchar(50) COLLATE utf8_unicode_ci DEFAULT NULL,
  `githubHandle` varchar(50) COLLATE utf8_unicode_ci DEFAULT NULL,
  `vimeoHandle` varchar(50) COLLATE utf8_unicode_ci DEFAULT NULL,
  `siteCreatorType` varchar(255) COLLATE utf8_unicode_ci DEFAULT '',
  `siteCreatorSubType` varchar(255) COLLATE utf8_unicode_ci DEFAULT '',
  `siteCreatorSpecificType` varchar(255) COLLATE utf8_unicode_ci DEFAULT '',
  `genericCreatorName` varchar(255) COLLATE utf8_unicode_ci DEFAULT '',
  `genericCreatorAlternateName` varchar(255) COLLATE utf8_unicode_ci DEFAULT '',
  `genericCreatorDescription` varchar(1024) COLLATE utf8_unicode_ci DEFAULT '',
  `genericCreatorUrl` varchar(255) COLLATE utf8_unicode_ci DEFAULT '',
  `genericCreatorTelephone` varchar(255) COLLATE utf8_unicode_ci DEFAULT '',
  `genericCreatorEmail` varchar(255) COLLATE utf8_unicode_ci DEFAULT '',
  `genericCreatorStreetAddress` varchar(255) COLLATE utf8_unicode_ci DEFAULT '',
  `genericCreatorAddressLocality` varchar(255) COLLATE utf8_unicode_ci DEFAULT '',
  `genericCreatorAddressRegion` varchar(255) COLLATE utf8_unicode_ci DEFAULT '',
  `genericCreatorPostalCode` varchar(255) COLLATE utf8_unicode_ci DEFAULT '',
  `genericCreatorAddressCountry` varchar(255) COLLATE utf8_unicode_ci DEFAULT '',
  `genericCreatorGeoLatitude` varchar(255) COLLATE utf8_unicode_ci DEFAULT '',
  `genericCreatorGeoLongitude` varchar(255) COLLATE utf8_unicode_ci DEFAULT '',
  `organizationCreatorDuns` varchar(255) COLLATE utf8_unicode_ci DEFAULT '',
  `organizationCreatorFounder` varchar(255) COLLATE utf8_unicode_ci DEFAULT '',
  `organizationCreatorFoundingDate` varchar(255) COLLATE utf8_unicode_ci DEFAULT '',
  `organizationCreatorFoundingLocation` varchar(255) COLLATE utf8_unicode_ci DEFAULT '',
  `organizationCreatorContactPoints` text COLLATE utf8_unicode_ci NOT NULL,
  `localBusinessCreatorOpeningHours` text COLLATE utf8_unicode_ci,
  `corporationCreatorTickerSymbol` varchar(255) COLLATE utf8_unicode_ci DEFAULT '',
  `restaurantCreatorServesCuisine` varchar(255) COLLATE utf8_unicode_ci DEFAULT '',
  `restaurantCreatorMenuUrl` varchar(255) COLLATE utf8_unicode_ci DEFAULT '',
  `restaurantCreatorReservationsUrl` varchar(255) COLLATE utf8_unicode_ci DEFAULT '',
  `personCreatorGender` varchar(255) COLLATE utf8_unicode_ci DEFAULT '',
  `personCreatorBirthPlace` varchar(255) COLLATE utf8_unicode_ci DEFAULT '',
  `genericCreatorHumansTxt` text COLLATE utf8_unicode_ci,
  `dateCreated` datetime NOT NULL,
  `dateUpdated` datetime NOT NULL,
  `uid` char(36) COLLATE utf8_unicode_ci NOT NULL DEFAULT '0',
  PRIMARY KEY (`id`),
  KEY `craft_seomatic_settings_siteSeoImageId_fk` (`siteSeoImageId`),
  KEY `craft_seomatic_settings_genericOwnerImageId_fk` (`genericOwnerImageId`),
  KEY `craft_seomatic_settings_genericCreatorImageId_fk` (`genericCreatorImageId`)
) ENGINE=InnoDB AUTO_INCREMENT=2 DEFAULT CHARSET=utf8 COLLATE=utf8_unicode_ci;

--
-- Data for table `craft_seomatic_settings`
--

INSERT INTO `craft_seomatic_settings` (`id`, `siteSeoImageId`, `siteSeoFacebookImageId`, `siteSeoTwitterImageId`, `genericOwnerImageId`, `genericCreatorImageId`, `locale`, `siteSeoName`, `siteSeoTitle`, `siteSeoTitleSeparator`, `siteSeoTitlePlacement`, `siteSeoDescription`, `siteSeoKeywords`, `siteSeoTwitterImageTransform`, `siteSeoFacebookImageTransform`, `siteSeoImageTransform`, `siteTwitterCardType`, `siteOpenGraphType`, `siteRobots`, `siteRobotsTxt`, `siteLinksQueryInput`, `siteLinksSearchTargets`, `googleSiteVerification`, `bingSiteVerification`, `googleAnalyticsUID`, `googleTagManagerID`, `googleAnalyticsSendPageview`, `googleAnalyticsAdvertising`, `googleAnalyticsEcommerce`, `googleAnalyticsEEcommerce`, `googleAnalyticsLinkAttribution`, `googleAnalyticsLinker`, `siteOwnerType`, `siteOwnerSubType`, `siteOwnerSpecificType`, `genericOwnerName`, `genericOwnerAlternateName`, `genericOwnerDescription`, `genericOwnerUrl`, `genericOwnerTelephone`, `genericOwnerEmail`, `genericOwnerStreetAddress`, `genericOwnerAddressLocality`, `genericOwnerAddressRegion`, `genericOwnerPostalCode`, `genericOwnerAddressCountry`, `genericOwnerGeoLatitude`, `genericOwnerGeoLongitude`, `organizationOwnerDuns`, `organizationOwnerFounder`, `organizationOwnerFoundingDate`, `organizationOwnerFoundingLocation`, `organizationOwnerContactPoints`, `localBusinessPriceRange`, `localBusinessOwnerOpeningHours`, `corporationOwnerTickerSymbol`, `restaurantOwnerServesCuisine`, `restaurantOwnerMenuUrl`, `restaurantOwnerReservationsUrl`, `personOwnerGender`, `personOwnerBirthPlace`, `twitterHandle`, `facebookHandle`, `facebookProfileId`, `facebookAppId`, `linkedInHandle`, `googlePlusHandle`, `youtubeHandle`, `youtubeChannelHandle`, `instagramHandle`, `pinterestHandle`, `githubHandle`, `vimeoHandle`, `siteCreatorType`, `siteCreatorSubType`, `siteCreatorSpecificType`, `genericCreatorName`, `genericCreatorAlternateName`, `genericCreatorDescription`, `genericCreatorUrl`, `genericCreatorTelephone`, `genericCreatorEmail`, `genericCreatorStreetAddress`, `genericCreatorAddressLocality`, `genericCreatorAddressRegion`, `genericCreatorPostalCode`, `genericCreatorAddressCountry`, `genericCreatorGeoLatitude`, `genericCreatorGeoLongitude`, `organizationCreatorDuns`, `organizationCreatorFounder`, `organizationCreatorFoundingDate`, `organizationCreatorFoundingLocation`, `organizationCreatorContactPoints`, `localBusinessCreatorOpeningHours`, `corporationCreatorTickerSymbol`, `restaurantCreatorServesCuisine`, `restaurantCreatorMenuUrl`, `restaurantCreatorReservationsUrl`, `personCreatorGender`, `personCreatorBirthPlace`, `genericCreatorHumansTxt`, `dateCreated`, `dateUpdated`, `uid`) VALUES
 ('1', NULL, NULL, NULL, NULL, NULL, 'en_us', 'Mark Riggan', 'This is the default global title of the site pages.', '|', 'after', 'This is the default global natural language description of the content on the site pages.', 'default,global,comma-separated,keywords', '', '', '', 'summary', 'website', '', '# robots.txt for {{ siteUrl }}\r\n\r\nSitemap: {{ siteUrl }}/sitemap.xml\r\n\r\n# Don\'t allow web crawlers to index Craft\r\n\r\nUser-agent: *\r\nDisallow: /craft/\r\n', '', '', '', '', '', '', '1', '1', '0', '0', '1', '1', 'Person', '', '', 'Mark Riggan', '', '', 'http://localhost:8888/', '', '', '', '', '', '', '', '', '', '', '', '', '', '', '', '[{\"open\":\"\",\"close\":\"\"},{\"open\":\"\",\"close\":\"\"},{\"open\":\"\",\"close\":\"\"},{\"open\":\"\",\"close\":\"\"},{\"open\":\"\",\"close\":\"\"},{\"open\":\"\",\"close\":\"\"},{\"open\":\"\",\"close\":\"\"}]', '', '', '', '', 'Male', '', 'asuwebdesign', '', '', '', 'markriggan', '', '', '', '', '', '', '', 'Person', 'Corporation', '', 'Mark Riggan', '', '', '', '', '', '', '', '', '', '', '', '', '', '', '', '', '', '', '', '', '', '', 'Male', '', '/* TEAM */\r\n\r\n{% if seomaticCreator.name is defined and seomaticCreator.name %}\r\nCreator: {{ seomaticCreator.name }}\r\n{% endif %}\r\n{% if seomaticCreator.url is defined and seomaticCreator.url %}\r\nURL: {{ seomaticCreator.url }}\r\n{% endif %}\r\n{% if seomaticCreator.description is defined and seomaticCreator.description %}\r\nDescription: {{ seomaticCreator.description }}\r\n{% endif %}\r\n\r\n/* THANKS */\r\n\r\nPixel & Tonic - https://pixelandtonic.com\r\n\r\n/* SITE */\r\n\r\nStandards: HTML5, CSS3\r\nComponents: Craft CMS, Yii, PHP, Javascript, SEOmatic', '2016-04-07 23:11:18', '2016-07-16 21:08:16', 'e54ad1dc-48d2-477f-ac85-ca0798e0e5c4');



DROP TABLE IF EXISTS `craft_sessions`;


--
-- Schema for table `craft_sessions`
--
CREATE TABLE `craft_sessions` (
  `id` int(11) NOT NULL AUTO_INCREMENT,
  `userId` int(11) NOT NULL,
  `token` char(100) COLLATE utf8_unicode_ci NOT NULL,
  `dateCreated` datetime NOT NULL,
  `dateUpdated` datetime NOT NULL,
  `uid` char(36) COLLATE utf8_unicode_ci NOT NULL DEFAULT '0',
  PRIMARY KEY (`id`),
  KEY `craft_sessions_uid_idx` (`uid`),
  KEY `craft_sessions_token_idx` (`token`),
  KEY `craft_sessions_dateUpdated_idx` (`dateUpdated`),
  KEY `craft_sessions_userId_fk` (`userId`)
) ENGINE=InnoDB AUTO_INCREMENT=3 DEFAULT CHARSET=utf8 COLLATE=utf8_unicode_ci;

DROP TABLE IF EXISTS `craft_shunnedmessages`;


--
-- Schema for table `craft_shunnedmessages`
--
CREATE TABLE `craft_shunnedmessages` (
  `id` int(11) NOT NULL AUTO_INCREMENT,
  `userId` int(11) NOT NULL,
  `message` varchar(255) COLLATE utf8_unicode_ci NOT NULL,
  `expiryDate` datetime DEFAULT NULL,
  `dateCreated` datetime NOT NULL,
  `dateUpdated` datetime NOT NULL,
  `uid` char(36) COLLATE utf8_unicode_ci NOT NULL DEFAULT '0',
  PRIMARY KEY (`id`),
  UNIQUE KEY `craft_shunnedmessages_userId_message_unq_idx` (`userId`,`message`)
) ENGINE=InnoDB DEFAULT CHARSET=utf8 COLLATE=utf8_unicode_ci;

DROP TABLE IF EXISTS `craft_structureelements`;


--
-- Schema for table `craft_structureelements`
--
CREATE TABLE `craft_structureelements` (
  `id` int(11) NOT NULL AUTO_INCREMENT,
  `structureId` int(11) NOT NULL,
  `elementId` int(11) DEFAULT NULL,
  `root` int(11) unsigned DEFAULT NULL,
  `lft` int(11) unsigned NOT NULL,
  `rgt` int(11) unsigned NOT NULL,
  `level` smallint(6) unsigned NOT NULL,
  `dateCreated` datetime NOT NULL,
  `dateUpdated` datetime NOT NULL,
  `uid` char(36) COLLATE utf8_unicode_ci NOT NULL DEFAULT '0',
  PRIMARY KEY (`id`),
  UNIQUE KEY `craft_structureelements_structureId_elementId_unq_idx` (`structureId`,`elementId`),
  KEY `craft_structureelements_root_idx` (`root`),
  KEY `craft_structureelements_lft_idx` (`lft`),
  KEY `craft_structureelements_rgt_idx` (`rgt`),
  KEY `craft_structureelements_level_idx` (`level`),
  KEY `craft_structureelements_elementId_fk` (`elementId`)
) ENGINE=InnoDB AUTO_INCREMENT=7 DEFAULT CHARSET=utf8 COLLATE=utf8_unicode_ci;

--
-- Data for table `craft_structureelements`
--

INSERT INTO `craft_structureelements` (`id`, `structureId`, `elementId`, `root`, `lft`, `rgt`, `level`, `dateCreated`, `dateUpdated`, `uid`) VALUES
 ('1', '1', NULL, '1', '1', '12', '0', '2016-06-02 22:40:30', '2016-06-02 22:40:30', '5265fdeb-7d08-4e27-836a-b93228a166ef'),
 ('2', '1', '92', '1', '4', '5', '1', '2016-06-02 22:40:30', '2016-06-02 22:40:30', '73badbdd-8f26-4833-a747-92f30e0c2733'),
 ('3', '1', '93', '1', '2', '3', '1', '2016-06-02 22:40:47', '2016-06-02 22:40:47', 'ec595c36-aea6-4bf8-b1cc-8a9bc2e635fb'),
 ('4', '1', '94', '1', '10', '11', '1', '2016-06-02 22:46:28', '2016-06-02 22:46:28', '56c7792d-d389-460e-9b97-857b81ae5149'),
 ('5', '1', '95', '1', '8', '9', '1', '2016-06-02 22:46:38', '2016-06-02 22:46:38', 'a65fd1ed-6655-489e-9c74-ecbe3ea3e1c0'),
 ('6', '1', '96', '1', '6', '7', '1', '2016-06-02 22:46:52', '2016-06-02 22:46:52', '4238e94c-c684-47ec-9168-35592e3e3101');



DROP TABLE IF EXISTS `craft_structures`;


--
-- Schema for table `craft_structures`
--
CREATE TABLE `craft_structures` (
  `id` int(11) NOT NULL AUTO_INCREMENT,
  `maxLevels` smallint(6) unsigned DEFAULT NULL,
  `dateCreated` datetime NOT NULL,
  `dateUpdated` datetime NOT NULL,
  `uid` char(36) COLLATE utf8_unicode_ci NOT NULL DEFAULT '0',
  PRIMARY KEY (`id`)
) ENGINE=InnoDB AUTO_INCREMENT=2 DEFAULT CHARSET=utf8 COLLATE=utf8_unicode_ci;

--
-- Data for table `craft_structures`
--

INSERT INTO `craft_structures` (`id`, `maxLevels`, `dateCreated`, `dateUpdated`, `uid`) VALUES
 ('1', '1', '2016-06-02 22:39:22', '2016-06-02 22:39:22', '1ff49e11-eb6a-418b-b8d6-eef056a0ac83');



DROP TABLE IF EXISTS `craft_systemsettings`;


--
-- Schema for table `craft_systemsettings`
--
CREATE TABLE `craft_systemsettings` (
  `id` int(11) NOT NULL AUTO_INCREMENT,
  `category` varchar(15) COLLATE utf8_unicode_ci NOT NULL,
  `settings` text COLLATE utf8_unicode_ci,
  `dateCreated` datetime NOT NULL,
  `dateUpdated` datetime NOT NULL,
  `uid` char(36) COLLATE utf8_unicode_ci NOT NULL DEFAULT '0',
  PRIMARY KEY (`id`),
  UNIQUE KEY `craft_systemsettings_category_unq_idx` (`category`)
) ENGINE=InnoDB AUTO_INCREMENT=2 DEFAULT CHARSET=utf8 COLLATE=utf8_unicode_ci;

--
-- Data for table `craft_systemsettings`
--

INSERT INTO `craft_systemsettings` (`id`, `category`, `settings`, `dateCreated`, `dateUpdated`, `uid`) VALUES
 ('1', 'email', '{\"protocol\":\"php\",\"emailAddress\":\"jmr82684@gmail.com\",\"senderName\":\"Mark Riggan\"}', '2016-03-26 15:55:41', '2016-03-26 15:55:41', '15986812-93d5-4504-b0fb-15b36819b660');



DROP TABLE IF EXISTS `craft_taggroups`;


--
-- Schema for table `craft_taggroups`
--
CREATE TABLE `craft_taggroups` (
  `id` int(11) NOT NULL AUTO_INCREMENT,
  `name` varchar(255) COLLATE utf8_unicode_ci NOT NULL,
  `handle` varchar(255) COLLATE utf8_unicode_ci NOT NULL,
  `fieldLayoutId` int(10) DEFAULT NULL,
  `dateCreated` datetime NOT NULL,
  `dateUpdated` datetime NOT NULL,
  `uid` char(36) COLLATE utf8_unicode_ci NOT NULL DEFAULT '0',
  PRIMARY KEY (`id`),
  UNIQUE KEY `craft_taggroups_name_unq_idx` (`name`),
  UNIQUE KEY `craft_taggroups_handle_unq_idx` (`handle`),
  KEY `craft_taggroups_fieldLayoutId_fk` (`fieldLayoutId`)
) ENGINE=InnoDB AUTO_INCREMENT=2 DEFAULT CHARSET=utf8 COLLATE=utf8_unicode_ci;

--
-- Data for table `craft_taggroups`
--

INSERT INTO `craft_taggroups` (`id`, `name`, `handle`, `fieldLayoutId`, `dateCreated`, `dateUpdated`, `uid`) VALUES
 ('1', 'Default', 'default', '1', '2016-03-26 15:55:41', '2016-03-26 15:55:41', 'b34f4de7-85b9-493a-964e-2a80f0d83a6d');



DROP TABLE IF EXISTS `craft_tags`;


--
-- Schema for table `craft_tags`
--
CREATE TABLE `craft_tags` (
  `id` int(11) NOT NULL,
  `groupId` int(11) NOT NULL,
  `dateCreated` datetime NOT NULL,
  `dateUpdated` datetime NOT NULL,
  `uid` char(36) COLLATE utf8_unicode_ci NOT NULL DEFAULT '0',
  PRIMARY KEY (`id`),
  KEY `craft_tags_groupId_fk` (`groupId`)
) ENGINE=InnoDB DEFAULT CHARSET=utf8 COLLATE=utf8_unicode_ci;

--
-- Data for table `craft_tags`
--

INSERT INTO `craft_tags` (`id`, `groupId`, `dateCreated`, `dateUpdated`, `uid`) VALUES
 ('20', '1', '2016-03-26 23:56:02', '2016-03-26 23:56:02', '15b92c5a-b3b5-4ecf-939c-751f7a9eb3a6'),
 ('21', '1', '2016-03-26 23:56:05', '2016-03-26 23:56:05', '51e67543-c545-464d-8ff9-2c069282c2d8'),
 ('22', '1', '2016-03-26 23:56:12', '2016-03-26 23:56:12', 'b7669c3f-aaaa-4639-8355-ff5da8616069');



DROP TABLE IF EXISTS `craft_tasks`;


--
-- Schema for table `craft_tasks`
--
CREATE TABLE `craft_tasks` (
  `id` int(11) NOT NULL AUTO_INCREMENT,
  `root` int(11) unsigned DEFAULT NULL,
  `lft` int(11) unsigned NOT NULL,
  `rgt` int(11) unsigned NOT NULL,
  `level` smallint(6) unsigned NOT NULL,
  `currentStep` int(11) unsigned DEFAULT NULL,
  `totalSteps` int(11) unsigned DEFAULT NULL,
  `status` enum('pending','error','running') COLLATE utf8_unicode_ci DEFAULT NULL,
  `type` varchar(150) COLLATE utf8_unicode_ci NOT NULL,
  `description` varchar(255) COLLATE utf8_unicode_ci DEFAULT NULL,
  `settings` mediumtext COLLATE utf8_unicode_ci,
  `dateCreated` datetime NOT NULL,
  `dateUpdated` datetime NOT NULL,
  `uid` char(36) COLLATE utf8_unicode_ci NOT NULL DEFAULT '0',
  PRIMARY KEY (`id`),
  KEY `craft_tasks_root_idx` (`root`),
  KEY `craft_tasks_lft_idx` (`lft`),
  KEY `craft_tasks_rgt_idx` (`rgt`),
  KEY `craft_tasks_level_idx` (`level`)
) ENGINE=InnoDB DEFAULT CHARSET=utf8 COLLATE=utf8_unicode_ci;

DROP TABLE IF EXISTS `craft_templatecachecriteria`;


--
-- Schema for table `craft_templatecachecriteria`
--
CREATE TABLE `craft_templatecachecriteria` (
  `id` int(11) NOT NULL AUTO_INCREMENT,
  `cacheId` int(11) NOT NULL,
  `type` varchar(150) COLLATE utf8_unicode_ci NOT NULL,
  `criteria` text COLLATE utf8_unicode_ci NOT NULL,
  PRIMARY KEY (`id`),
  KEY `craft_templatecachecriteria_cacheId_fk` (`cacheId`),
  KEY `craft_templatecachecriteria_type_idx` (`type`)
) ENGINE=InnoDB DEFAULT CHARSET=utf8 COLLATE=utf8_unicode_ci;

DROP TABLE IF EXISTS `craft_templatecacheelements`;


--
-- Schema for table `craft_templatecacheelements`
--
CREATE TABLE `craft_templatecacheelements` (
  `cacheId` int(11) NOT NULL,
  `elementId` int(11) NOT NULL,
  KEY `craft_templatecacheelements_cacheId_fk` (`cacheId`),
  KEY `craft_templatecacheelements_elementId_fk` (`elementId`)
) ENGINE=InnoDB DEFAULT CHARSET=utf8 COLLATE=utf8_unicode_ci;

DROP TABLE IF EXISTS `craft_templatecaches`;


--
-- Schema for table `craft_templatecaches`
--
CREATE TABLE `craft_templatecaches` (
  `id` int(11) NOT NULL AUTO_INCREMENT,
  `cacheKey` varchar(255) COLLATE utf8_unicode_ci NOT NULL,
  `locale` char(12) COLLATE utf8_unicode_ci NOT NULL,
  `path` varchar(255) COLLATE utf8_unicode_ci DEFAULT NULL,
  `expiryDate` datetime NOT NULL,
  `body` mediumtext COLLATE utf8_unicode_ci NOT NULL,
  PRIMARY KEY (`id`),
  KEY `craft_templatecaches_locale_fk` (`locale`),
  KEY `craft_templatecaches_locale_cacheKey_path_expiryDate_idx` (`locale`,`cacheKey`,`path`,`expiryDate`)
) ENGINE=InnoDB DEFAULT CHARSET=utf8 COLLATE=utf8_unicode_ci;

DROP TABLE IF EXISTS `craft_tokens`;


--
-- Schema for table `craft_tokens`
--
CREATE TABLE `craft_tokens` (
  `id` int(11) NOT NULL AUTO_INCREMENT,
  `token` char(32) COLLATE utf8_unicode_ci NOT NULL,
  `route` text COLLATE utf8_unicode_ci,
  `usageLimit` tinyint(3) unsigned DEFAULT NULL,
  `usageCount` tinyint(3) unsigned DEFAULT NULL,
  `expiryDate` datetime NOT NULL,
  `dateCreated` datetime NOT NULL,
  `dateUpdated` datetime NOT NULL,
  `uid` char(36) COLLATE utf8_unicode_ci NOT NULL DEFAULT '0',
  PRIMARY KEY (`id`),
  UNIQUE KEY `craft_tokens_token_unq_idx` (`token`),
  KEY `craft_tokens_expiryDate_idx` (`expiryDate`)
) ENGINE=InnoDB DEFAULT CHARSET=utf8 COLLATE=utf8_unicode_ci;

DROP TABLE IF EXISTS `craft_usergroups`;


--
-- Schema for table `craft_usergroups`
--
CREATE TABLE `craft_usergroups` (
  `id` int(11) NOT NULL AUTO_INCREMENT,
  `name` varchar(255) COLLATE utf8_unicode_ci NOT NULL,
  `handle` varchar(255) COLLATE utf8_unicode_ci NOT NULL,
  `dateCreated` datetime NOT NULL,
  `dateUpdated` datetime NOT NULL,
  `uid` char(36) COLLATE utf8_unicode_ci NOT NULL DEFAULT '0',
  PRIMARY KEY (`id`),
  UNIQUE KEY `craft_usergroups_handle_unq_idx` (`handle`),
  UNIQUE KEY `craft_usergroups_name_unq_idx` (`name`)
) ENGINE=InnoDB DEFAULT CHARSET=utf8 COLLATE=utf8_unicode_ci;

DROP TABLE IF EXISTS `craft_usergroups_users`;


--
-- Schema for table `craft_usergroups_users`
--
CREATE TABLE `craft_usergroups_users` (
  `id` int(11) NOT NULL AUTO_INCREMENT,
  `groupId` int(11) NOT NULL,
  `userId` int(11) NOT NULL,
  `dateCreated` datetime NOT NULL,
  `dateUpdated` datetime NOT NULL,
  `uid` char(36) COLLATE utf8_unicode_ci NOT NULL DEFAULT '0',
  PRIMARY KEY (`id`),
  UNIQUE KEY `craft_usergroups_users_groupId_userId_unq_idx` (`groupId`,`userId`),
  KEY `craft_usergroups_users_userId_fk` (`userId`)
) ENGINE=InnoDB DEFAULT CHARSET=utf8 COLLATE=utf8_unicode_ci;

DROP TABLE IF EXISTS `craft_userpermissions`;


--
-- Schema for table `craft_userpermissions`
--
CREATE TABLE `craft_userpermissions` (
  `id` int(11) NOT NULL AUTO_INCREMENT,
  `name` varchar(255) COLLATE utf8_unicode_ci NOT NULL,
  `dateCreated` datetime NOT NULL,
  `dateUpdated` datetime NOT NULL,
  `uid` char(36) COLLATE utf8_unicode_ci NOT NULL DEFAULT '0',
  PRIMARY KEY (`id`),
  UNIQUE KEY `craft_userpermissions_name_unq_idx` (`name`)
) ENGINE=InnoDB DEFAULT CHARSET=utf8 COLLATE=utf8_unicode_ci;

DROP TABLE IF EXISTS `craft_userpermissions_usergroups`;


--
-- Schema for table `craft_userpermissions_usergroups`
--
CREATE TABLE `craft_userpermissions_usergroups` (
  `id` int(11) NOT NULL AUTO_INCREMENT,
  `permissionId` int(11) NOT NULL,
  `groupId` int(11) NOT NULL,
  `dateCreated` datetime NOT NULL,
  `dateUpdated` datetime NOT NULL,
  `uid` char(36) COLLATE utf8_unicode_ci NOT NULL DEFAULT '0',
  PRIMARY KEY (`id`),
  UNIQUE KEY `craft_userpermissions_usergroups_permissionId_groupId_unq_idx` (`permissionId`,`groupId`),
  KEY `craft_userpermissions_usergroups_groupId_fk` (`groupId`)
) ENGINE=InnoDB DEFAULT CHARSET=utf8 COLLATE=utf8_unicode_ci;

DROP TABLE IF EXISTS `craft_userpermissions_users`;


--
-- Schema for table `craft_userpermissions_users`
--
CREATE TABLE `craft_userpermissions_users` (
  `id` int(11) NOT NULL AUTO_INCREMENT,
  `permissionId` int(11) NOT NULL,
  `userId` int(11) NOT NULL,
  `dateCreated` datetime NOT NULL,
  `dateUpdated` datetime NOT NULL,
  `uid` char(36) COLLATE utf8_unicode_ci NOT NULL DEFAULT '0',
  PRIMARY KEY (`id`),
  UNIQUE KEY `craft_userpermissions_users_permissionId_userId_unq_idx` (`permissionId`,`userId`),
  KEY `craft_userpermissions_users_userId_fk` (`userId`)
) ENGINE=InnoDB DEFAULT CHARSET=utf8 COLLATE=utf8_unicode_ci;

DROP TABLE IF EXISTS `craft_users`;


--
-- Schema for table `craft_users`
--
CREATE TABLE `craft_users` (
  `id` int(11) NOT NULL,
  `username` varchar(100) COLLATE utf8_unicode_ci NOT NULL,
  `photo` varchar(100) COLLATE utf8_unicode_ci DEFAULT NULL,
  `firstName` varchar(100) COLLATE utf8_unicode_ci DEFAULT NULL,
  `lastName` varchar(100) COLLATE utf8_unicode_ci DEFAULT NULL,
  `email` varchar(255) COLLATE utf8_unicode_ci NOT NULL,
  `password` char(255) COLLATE utf8_unicode_ci DEFAULT NULL,
  `preferredLocale` char(12) COLLATE utf8_unicode_ci DEFAULT NULL,
  `weekStartDay` tinyint(1) unsigned NOT NULL DEFAULT '0',
  `admin` tinyint(1) unsigned NOT NULL DEFAULT '0',
  `client` tinyint(1) unsigned NOT NULL DEFAULT '0',
  `locked` tinyint(1) unsigned NOT NULL DEFAULT '0',
  `suspended` tinyint(1) unsigned NOT NULL DEFAULT '0',
  `pending` tinyint(1) unsigned NOT NULL DEFAULT '0',
  `archived` tinyint(1) unsigned NOT NULL DEFAULT '0',
  `lastLoginDate` datetime DEFAULT NULL,
  `lastLoginAttemptIPAddress` varchar(45) COLLATE utf8_unicode_ci DEFAULT NULL,
  `invalidLoginWindowStart` datetime DEFAULT NULL,
  `invalidLoginCount` tinyint(4) unsigned DEFAULT NULL,
  `lastInvalidLoginDate` datetime DEFAULT NULL,
  `lockoutDate` datetime DEFAULT NULL,
  `verificationCode` char(100) COLLATE utf8_unicode_ci DEFAULT NULL,
  `verificationCodeIssuedDate` datetime DEFAULT NULL,
  `unverifiedEmail` varchar(255) COLLATE utf8_unicode_ci DEFAULT NULL,
  `passwordResetRequired` tinyint(1) unsigned NOT NULL DEFAULT '0',
  `lastPasswordChangeDate` datetime DEFAULT NULL,
  `dateCreated` datetime NOT NULL,
  `dateUpdated` datetime NOT NULL,
  `uid` char(36) COLLATE utf8_unicode_ci NOT NULL DEFAULT '0',
  PRIMARY KEY (`id`),
  UNIQUE KEY `craft_users_username_unq_idx` (`username`),
  UNIQUE KEY `craft_users_email_unq_idx` (`email`),
  KEY `craft_users_verificationCode_idx` (`verificationCode`),
  KEY `craft_users_uid_idx` (`uid`),
  KEY `craft_users_preferredLocale_fk` (`preferredLocale`)
) ENGINE=InnoDB DEFAULT CHARSET=utf8 COLLATE=utf8_unicode_ci;

--
-- Data for table `craft_users`
--

INSERT INTO `craft_users` (`id`, `username`, `photo`, `firstName`, `lastName`, `email`, `password`, `preferredLocale`, `weekStartDay`, `admin`, `client`, `locked`, `suspended`, `pending`, `archived`, `lastLoginDate`, `lastLoginAttemptIPAddress`, `invalidLoginWindowStart`, `invalidLoginCount`, `lastInvalidLoginDate`, `lockoutDate`, `verificationCode`, `verificationCodeIssuedDate`, `unverifiedEmail`, `passwordResetRequired`, `lastPasswordChangeDate`, `dateCreated`, `dateUpdated`, `uid`) VALUES
 ('1', 'jmr82684', 'Uoeikw62.jpeg', 'Mark', 'Riggan', 'jmr82684@gmail.com', '$2y$13$UZuPs2rXdFYlP9W1./XJeuOBX.MD1LubaNCxyAZ74ABWtONAm222.', NULL, '0', '1', '0', '0', '0', '0', '0', '2017-04-20 22:12:27', '::1', NULL, NULL, NULL, NULL, NULL, NULL, NULL, '0', '2016-03-26 15:55:38', '2016-03-26 15:55:38', '2017-04-20 22:12:27', 'f4b3c43b-1bd0-4163-ba77-4bf860ce6050');



DROP TABLE IF EXISTS `craft_widgets`;


--
-- Schema for table `craft_widgets`
--
CREATE TABLE `craft_widgets` (
  `id` int(11) NOT NULL AUTO_INCREMENT,
  `userId` int(11) NOT NULL,
  `type` varchar(150) COLLATE utf8_unicode_ci NOT NULL,
  `sortOrder` smallint(6) unsigned DEFAULT NULL,
  `colspan` tinyint(4) unsigned DEFAULT NULL,
  `settings` text COLLATE utf8_unicode_ci,
  `enabled` tinyint(1) unsigned NOT NULL DEFAULT '1',
  `dateCreated` datetime NOT NULL,
  `dateUpdated` datetime NOT NULL,
  `uid` char(36) COLLATE utf8_unicode_ci NOT NULL DEFAULT '0',
  PRIMARY KEY (`id`),
  KEY `craft_widgets_userId_fk` (`userId`)
) ENGINE=InnoDB AUTO_INCREMENT=7 DEFAULT CHARSET=utf8 COLLATE=utf8_unicode_ci;

--
-- Data for table `craft_widgets`
--

INSERT INTO `craft_widgets` (`id`, `userId`, `type`, `sortOrder`, `colspan`, `settings`, `enabled`, `dateCreated`, `dateUpdated`, `uid`) VALUES
 ('1', '1', 'RecentEntries', '3', '1', NULL, '1', '2016-03-26 15:55:50', '2016-04-01 11:37:04', 'c8191f3f-e306-4b04-a7ef-bf4e0c581830'),
 ('2', '1', 'GetHelp', '4', NULL, NULL, '1', '2016-03-26 15:55:50', '2016-04-01 11:37:04', '1e3ebc68-0f32-46be-8c22-4c46824c9418'),
 ('3', '1', 'Updates', '6', NULL, NULL, '1', '2016-03-26 15:55:50', '2016-04-01 11:37:04', '370fc832-4bee-47bd-81d2-8c6073131c3b'),
 ('4', '1', 'Feed', '5', NULL, '{\"url\":\"https:\\/\\/craftcms.com\\/news.rss\",\"title\":\"Craft News\"}', '1', '2016-03-26 15:55:50', '2016-04-01 11:37:04', '1ac18f1d-3908-4a30-965e-fed94eb0aa5a'),
 ('5', '1', 'SproutNotes_Notes', '1', NULL, '{\"heading\":\"Shortcodes\",\"notes\":\"## Button\\r\\n\\r\\nOutputs a styled button. Can pass a URL string to link to a page.\\r\\n\\r\\n`[button class=\\\"\\\" url=\\\"\\\"]`\",\"output\":\"markdown\"}', '1', '2016-04-01 11:33:54', '2016-04-02 19:05:47', 'cad856d6-a692-4a84-b72e-45aa45270777'),
 ('6', '1', 'SproutNotes_Notes', '2', NULL, '{\"heading\":\"Notes\",\"notes\":\"---\\r\\n\\r\\n**Projects**\\r\\n\\r\\nAllow for fullscreen bands. If fullscreen bands, then tuck them underneath the navigation.\\r\\n\\r\\n---\\r\\n\\r\\n**Homepage**\\r\\n\\r\\nMake featured projects a fullscreen band slideshow.\\r\\n\\r\\n---\\r\\n\\r\\n**Work**\\r\\n\\r\\nAnimations for project thumbs to show name of client and tags.\",\"output\":\"markdown\"}', '1', '2016-04-01 11:36:48', '2016-06-09 23:11:03', 'f8b76163-f6de-4465-9b21-037416877a0c');


--
-- Constraints for tables
--


--
-- Constraints for table `craft_assetfiles`
--
ALTER TABLE `craft_assetfiles`
	ADD CONSTRAINT `craft_assetfiles_folderId_fk` FOREIGN KEY (`folderId`) REFERENCES `craft_assetfolders` (`id`) ON DELETE CASCADE,
	ADD CONSTRAINT `craft_assetfiles_id_fk` FOREIGN KEY (`id`) REFERENCES `craft_elements` (`id`) ON DELETE CASCADE,
	ADD CONSTRAINT `craft_assetfiles_sourceId_fk` FOREIGN KEY (`sourceId`) REFERENCES `craft_assetsources` (`id`) ON DELETE CASCADE;

--
-- Constraints for table `craft_assetfolders`
--
ALTER TABLE `craft_assetfolders`
	ADD CONSTRAINT `craft_assetfolders_parentId_fk` FOREIGN KEY (`parentId`) REFERENCES `craft_assetfolders` (`id`) ON DELETE CASCADE,
	ADD CONSTRAINT `craft_assetfolders_sourceId_fk` FOREIGN KEY (`sourceId`) REFERENCES `craft_assetsources` (`id`) ON DELETE CASCADE;

--
-- Constraints for table `craft_assetindexdata`
--
ALTER TABLE `craft_assetindexdata`
	ADD CONSTRAINT `craft_assetindexdata_sourceId_fk` FOREIGN KEY (`sourceId`) REFERENCES `craft_assetsources` (`id`) ON DELETE CASCADE;

--
-- Constraints for table `craft_assetsources`
--
ALTER TABLE `craft_assetsources`
	ADD CONSTRAINT `craft_assetsources_fieldLayoutId_fk` FOREIGN KEY (`fieldLayoutId`) REFERENCES `craft_fieldlayouts` (`id`) ON DELETE SET NULL;

--
-- Constraints for table `craft_categories`
--
ALTER TABLE `craft_categories`
	ADD CONSTRAINT `craft_categories_groupId_fk` FOREIGN KEY (`groupId`) REFERENCES `craft_categorygroups` (`id`) ON DELETE CASCADE,
	ADD CONSTRAINT `craft_categories_id_fk` FOREIGN KEY (`id`) REFERENCES `craft_elements` (`id`) ON DELETE CASCADE;

--
-- Constraints for table `craft_categorygroups`
--
ALTER TABLE `craft_categorygroups`
	ADD CONSTRAINT `craft_categorygroups_fieldLayoutId_fk` FOREIGN KEY (`fieldLayoutId`) REFERENCES `craft_fieldlayouts` (`id`) ON DELETE SET NULL,
	ADD CONSTRAINT `craft_categorygroups_structureId_fk` FOREIGN KEY (`structureId`) REFERENCES `craft_structures` (`id`) ON DELETE CASCADE;

--
-- Constraints for table `craft_categorygroups_i18n`
--
ALTER TABLE `craft_categorygroups_i18n`
	ADD CONSTRAINT `craft_categorygroups_i18n_groupId_fk` FOREIGN KEY (`groupId`) REFERENCES `craft_categorygroups` (`id`) ON DELETE CASCADE,
	ADD CONSTRAINT `craft_categorygroups_i18n_locale_fk` FOREIGN KEY (`locale`) REFERENCES `craft_locales` (`locale`) ON DELETE CASCADE ON UPDATE CASCADE;

--
-- Constraints for table `craft_content`
--
ALTER TABLE `craft_content`
	ADD CONSTRAINT `craft_content_elementId_fk` FOREIGN KEY (`elementId`) REFERENCES `craft_elements` (`id`) ON DELETE CASCADE,
	ADD CONSTRAINT `craft_content_locale_fk` FOREIGN KEY (`locale`) REFERENCES `craft_locales` (`locale`) ON DELETE CASCADE ON UPDATE CASCADE;

--
-- Constraints for table `craft_elements_i18n`
--
ALTER TABLE `craft_elements_i18n`
	ADD CONSTRAINT `craft_elements_i18n_elementId_fk` FOREIGN KEY (`elementId`) REFERENCES `craft_elements` (`id`) ON DELETE CASCADE,
	ADD CONSTRAINT `craft_elements_i18n_locale_fk` FOREIGN KEY (`locale`) REFERENCES `craft_locales` (`locale`) ON DELETE CASCADE ON UPDATE CASCADE;

--
-- Constraints for table `craft_emailmessages`
--
ALTER TABLE `craft_emailmessages`
	ADD CONSTRAINT `craft_emailmessages_locale_fk` FOREIGN KEY (`locale`) REFERENCES `craft_locales` (`locale`) ON DELETE CASCADE ON UPDATE CASCADE;

--
-- Constraints for table `craft_entries`
--
ALTER TABLE `craft_entries`
	ADD CONSTRAINT `craft_entries_authorId_fk` FOREIGN KEY (`authorId`) REFERENCES `craft_users` (`id`) ON DELETE CASCADE,
	ADD CONSTRAINT `craft_entries_id_fk` FOREIGN KEY (`id`) REFERENCES `craft_elements` (`id`) ON DELETE CASCADE,
	ADD CONSTRAINT `craft_entries_sectionId_fk` FOREIGN KEY (`sectionId`) REFERENCES `craft_sections` (`id`) ON DELETE CASCADE,
	ADD CONSTRAINT `craft_entries_typeId_fk` FOREIGN KEY (`typeId`) REFERENCES `craft_entrytypes` (`id`) ON DELETE CASCADE;

--
-- Constraints for table `craft_entrydrafts`
--
ALTER TABLE `craft_entrydrafts`
	ADD CONSTRAINT `craft_entrydrafts_creatorId_fk` FOREIGN KEY (`creatorId`) REFERENCES `craft_users` (`id`) ON DELETE CASCADE,
	ADD CONSTRAINT `craft_entrydrafts_entryId_fk` FOREIGN KEY (`entryId`) REFERENCES `craft_entries` (`id`) ON DELETE CASCADE,
	ADD CONSTRAINT `craft_entrydrafts_locale_fk` FOREIGN KEY (`locale`) REFERENCES `craft_locales` (`locale`) ON DELETE CASCADE ON UPDATE CASCADE,
	ADD CONSTRAINT `craft_entrydrafts_sectionId_fk` FOREIGN KEY (`sectionId`) REFERENCES `craft_sections` (`id`) ON DELETE CASCADE;

--
-- Constraints for table `craft_entrytypes`
--
ALTER TABLE `craft_entrytypes`
	ADD CONSTRAINT `craft_entrytypes_fieldLayoutId_fk` FOREIGN KEY (`fieldLayoutId`) REFERENCES `craft_fieldlayouts` (`id`) ON DELETE SET NULL,
	ADD CONSTRAINT `craft_entrytypes_sectionId_fk` FOREIGN KEY (`sectionId`) REFERENCES `craft_sections` (`id`) ON DELETE CASCADE;

--
-- Constraints for table `craft_entryversions`
--
ALTER TABLE `craft_entryversions`
	ADD CONSTRAINT `craft_entryversions_creatorId_fk` FOREIGN KEY (`creatorId`) REFERENCES `craft_users` (`id`) ON DELETE SET NULL,
	ADD CONSTRAINT `craft_entryversions_entryId_fk` FOREIGN KEY (`entryId`) REFERENCES `craft_entries` (`id`) ON DELETE CASCADE,
	ADD CONSTRAINT `craft_entryversions_locale_fk` FOREIGN KEY (`locale`) REFERENCES `craft_locales` (`locale`) ON DELETE CASCADE ON UPDATE CASCADE,
	ADD CONSTRAINT `craft_entryversions_sectionId_fk` FOREIGN KEY (`sectionId`) REFERENCES `craft_sections` (`id`) ON DELETE CASCADE;

--
-- Constraints for table `craft_fieldlayoutfields`
--
ALTER TABLE `craft_fieldlayoutfields`
	ADD CONSTRAINT `craft_fieldlayoutfields_fieldId_fk` FOREIGN KEY (`fieldId`) REFERENCES `craft_fields` (`id`) ON DELETE CASCADE,
	ADD CONSTRAINT `craft_fieldlayoutfields_layoutId_fk` FOREIGN KEY (`layoutId`) REFERENCES `craft_fieldlayouts` (`id`) ON DELETE CASCADE,
	ADD CONSTRAINT `craft_fieldlayoutfields_tabId_fk` FOREIGN KEY (`tabId`) REFERENCES `craft_fieldlayouttabs` (`id`) ON DELETE CASCADE;

--
-- Constraints for table `craft_fieldlayouttabs`
--
ALTER TABLE `craft_fieldlayouttabs`
	ADD CONSTRAINT `craft_fieldlayouttabs_layoutId_fk` FOREIGN KEY (`layoutId`) REFERENCES `craft_fieldlayouts` (`id`) ON DELETE CASCADE;

--
-- Constraints for table `craft_fields`
--
ALTER TABLE `craft_fields`
	ADD CONSTRAINT `craft_fields_groupId_fk` FOREIGN KEY (`groupId`) REFERENCES `craft_fieldgroups` (`id`) ON DELETE CASCADE;

--
-- Constraints for table `craft_globalsets`
--
ALTER TABLE `craft_globalsets`
	ADD CONSTRAINT `craft_globalsets_fieldLayoutId_fk` FOREIGN KEY (`fieldLayoutId`) REFERENCES `craft_fieldlayouts` (`id`) ON DELETE SET NULL,
	ADD CONSTRAINT `craft_globalsets_id_fk` FOREIGN KEY (`id`) REFERENCES `craft_elements` (`id`) ON DELETE CASCADE;

--
-- Constraints for table `craft_matrixblocks`
--
ALTER TABLE `craft_matrixblocks`
	ADD CONSTRAINT `craft_matrixblocks_fieldId_fk` FOREIGN KEY (`fieldId`) REFERENCES `craft_fields` (`id`) ON DELETE CASCADE,
	ADD CONSTRAINT `craft_matrixblocks_id_fk` FOREIGN KEY (`id`) REFERENCES `craft_elements` (`id`) ON DELETE CASCADE,
	ADD CONSTRAINT `craft_matrixblocks_ownerId_fk` FOREIGN KEY (`ownerId`) REFERENCES `craft_elements` (`id`) ON DELETE CASCADE,
	ADD CONSTRAINT `craft_matrixblocks_ownerLocale_fk` FOREIGN KEY (`ownerLocale`) REFERENCES `craft_locales` (`locale`) ON DELETE CASCADE ON UPDATE CASCADE,
	ADD CONSTRAINT `craft_matrixblocks_typeId_fk` FOREIGN KEY (`typeId`) REFERENCES `craft_matrixblocktypes` (`id`) ON DELETE CASCADE;

--
-- Constraints for table `craft_matrixblocktypes`
--
ALTER TABLE `craft_matrixblocktypes`
	ADD CONSTRAINT `craft_matrixblocktypes_fieldId_fk` FOREIGN KEY (`fieldId`) REFERENCES `craft_fields` (`id`) ON DELETE CASCADE,
	ADD CONSTRAINT `craft_matrixblocktypes_fieldLayoutId_fk` FOREIGN KEY (`fieldLayoutId`) REFERENCES `craft_fieldlayouts` (`id`) ON DELETE SET NULL;

--
-- Constraints for table `craft_matrixcontent_awards`
--
ALTER TABLE `craft_matrixcontent_awards`
	ADD CONSTRAINT `craft_matrixcontent_awards_elementId_fk` FOREIGN KEY (`elementId`) REFERENCES `craft_elements` (`id`) ON DELETE CASCADE,
	ADD CONSTRAINT `craft_matrixcontent_awards_locale_fk` FOREIGN KEY (`locale`) REFERENCES `craft_locales` (`locale`) ON DELETE CASCADE ON UPDATE CASCADE;

--
-- Constraints for table `craft_matrixcontent_clients`
--
ALTER TABLE `craft_matrixcontent_clients`
	ADD CONSTRAINT `craft_matrixcontent_clients_elementId_fk` FOREIGN KEY (`elementId`) REFERENCES `craft_elements` (`id`) ON DELETE CASCADE,
	ADD CONSTRAINT `craft_matrixcontent_clients_locale_fk` FOREIGN KEY (`locale`) REFERENCES `craft_locales` (`locale`) ON DELETE CASCADE ON UPDATE CASCADE;

--
-- Constraints for table `craft_matrixcontent_menuitem`
--
ALTER TABLE `craft_matrixcontent_menuitem`
	ADD CONSTRAINT `craft_matrixcontent_menuitem_elementId_fk` FOREIGN KEY (`elementId`) REFERENCES `craft_elements` (`id`) ON DELETE CASCADE,
	ADD CONSTRAINT `craft_matrixcontent_menuitem_locale_fk` FOREIGN KEY (`locale`) REFERENCES `craft_locales` (`locale`) ON DELETE CASCADE ON UPDATE CASCADE;

--
-- Constraints for table `craft_matrixcontent_menuitems`
--
ALTER TABLE `craft_matrixcontent_menuitems`
	ADD CONSTRAINT `craft_matrixcontent_menuitems_elementId_fk` FOREIGN KEY (`elementId`) REFERENCES `craft_elements` (`id`) ON DELETE CASCADE,
	ADD CONSTRAINT `craft_matrixcontent_menuitems_locale_fk` FOREIGN KEY (`locale`) REFERENCES `craft_locales` (`locale`) ON DELETE CASCADE ON UPDATE CASCADE;

--
-- Constraints for table `craft_matrixcontent_projectimages`
--
ALTER TABLE `craft_matrixcontent_projectimages`
	ADD CONSTRAINT `craft_matrixcontent_projectimages_elementId_fk` FOREIGN KEY (`elementId`) REFERENCES `craft_elements` (`id`) ON DELETE CASCADE,
	ADD CONSTRAINT `craft_matrixcontent_projectimages_locale_fk` FOREIGN KEY (`locale`) REFERENCES `craft_locales` (`locale`) ON DELETE CASCADE ON UPDATE CASCADE;

--
-- Constraints for table `craft_matrixcontent_sociallinks`
--
ALTER TABLE `craft_matrixcontent_sociallinks`
	ADD CONSTRAINT `craft_matrixcontent_sociallinks_elementId_fk` FOREIGN KEY (`elementId`) REFERENCES `craft_elements` (`id`) ON DELETE CASCADE,
	ADD CONSTRAINT `craft_matrixcontent_sociallinks_locale_fk` FOREIGN KEY (`locale`) REFERENCES `craft_locales` (`locale`) ON DELETE CASCADE ON UPDATE CASCADE;

--
-- Constraints for table `craft_menus_nodes`
--
ALTER TABLE `craft_menus_nodes`
	ADD CONSTRAINT `craft_menus_nodes_id_fk` FOREIGN KEY (`id`) REFERENCES `craft_elements` (`id`) ON DELETE CASCADE,
	ADD CONSTRAINT `craft_menus_nodes_menuId_fk` FOREIGN KEY (`menuId`) REFERENCES `craft_menus` (`id`) ON DELETE CASCADE;

--
-- Constraints for table `craft_migrations`
--
ALTER TABLE `craft_migrations`
	ADD CONSTRAINT `craft_migrations_pluginId_fk` FOREIGN KEY (`pluginId`) REFERENCES `craft_plugins` (`id`) ON DELETE CASCADE;

--
-- Constraints for table `craft_relations`
--
ALTER TABLE `craft_relations`
	ADD CONSTRAINT `craft_relations_fieldId_fk` FOREIGN KEY (`fieldId`) REFERENCES `craft_fields` (`id`) ON DELETE CASCADE,
	ADD CONSTRAINT `craft_relations_sourceId_fk` FOREIGN KEY (`sourceId`) REFERENCES `craft_elements` (`id`) ON DELETE CASCADE,
	ADD CONSTRAINT `craft_relations_sourceLocale_fk` FOREIGN KEY (`sourceLocale`) REFERENCES `craft_locales` (`locale`) ON DELETE CASCADE ON UPDATE CASCADE,
	ADD CONSTRAINT `craft_relations_targetId_fk` FOREIGN KEY (`targetId`) REFERENCES `craft_elements` (`id`) ON DELETE CASCADE;

--
-- Constraints for table `craft_routes`
--
ALTER TABLE `craft_routes`
	ADD CONSTRAINT `craft_routes_locale_fk` FOREIGN KEY (`locale`) REFERENCES `craft_locales` (`locale`) ON DELETE CASCADE ON UPDATE CASCADE;

--
-- Constraints for table `craft_sections`
--
ALTER TABLE `craft_sections`
	ADD CONSTRAINT `craft_sections_structureId_fk` FOREIGN KEY (`structureId`) REFERENCES `craft_structures` (`id`) ON DELETE SET NULL;

--
-- Constraints for table `craft_sections_i18n`
--
ALTER TABLE `craft_sections_i18n`
	ADD CONSTRAINT `craft_sections_i18n_locale_fk` FOREIGN KEY (`locale`) REFERENCES `craft_locales` (`locale`) ON DELETE CASCADE ON UPDATE CASCADE,
	ADD CONSTRAINT `craft_sections_i18n_sectionId_fk` FOREIGN KEY (`sectionId`) REFERENCES `craft_sections` (`id`) ON DELETE CASCADE;

--
-- Constraints for table `craft_seomatic_meta`
--
ALTER TABLE `craft_seomatic_meta`
	ADD CONSTRAINT `craft_seomatic_meta_id_fk` FOREIGN KEY (`id`) REFERENCES `craft_elements` (`id`) ON DELETE CASCADE,
	ADD CONSTRAINT `craft_seomatic_meta_seoImageId_fk` FOREIGN KEY (`seoImageId`) REFERENCES `craft_assetfiles` (`id`) ON DELETE SET NULL;

--
-- Constraints for table `craft_seomatic_settings`
--
ALTER TABLE `craft_seomatic_settings`
	ADD CONSTRAINT `craft_seomatic_settings_genericCreatorImageId_fk` FOREIGN KEY (`genericCreatorImageId`) REFERENCES `craft_assetfiles` (`id`) ON DELETE SET NULL,
	ADD CONSTRAINT `craft_seomatic_settings_genericOwnerImageId_fk` FOREIGN KEY (`genericOwnerImageId`) REFERENCES `craft_assetfiles` (`id`) ON DELETE SET NULL,
	ADD CONSTRAINT `craft_seomatic_settings_siteSeoImageId_fk` FOREIGN KEY (`siteSeoImageId`) REFERENCES `craft_assetfiles` (`id`) ON DELETE SET NULL;

--
-- Constraints for table `craft_sessions`
--
ALTER TABLE `craft_sessions`
	ADD CONSTRAINT `craft_sessions_userId_fk` FOREIGN KEY (`userId`) REFERENCES `craft_users` (`id`) ON DELETE CASCADE;

--
-- Constraints for table `craft_shunnedmessages`
--
ALTER TABLE `craft_shunnedmessages`
	ADD CONSTRAINT `craft_shunnedmessages_userId_fk` FOREIGN KEY (`userId`) REFERENCES `craft_users` (`id`) ON DELETE CASCADE;

--
-- Constraints for table `craft_structureelements`
--
ALTER TABLE `craft_structureelements`
	ADD CONSTRAINT `craft_structureelements_elementId_fk` FOREIGN KEY (`elementId`) REFERENCES `craft_elements` (`id`) ON DELETE CASCADE,
	ADD CONSTRAINT `craft_structureelements_structureId_fk` FOREIGN KEY (`structureId`) REFERENCES `craft_structures` (`id`) ON DELETE CASCADE;

--
-- Constraints for table `craft_taggroups`
--
ALTER TABLE `craft_taggroups`
	ADD CONSTRAINT `craft_taggroups_fieldLayoutId_fk` FOREIGN KEY (`fieldLayoutId`) REFERENCES `craft_fieldlayouts` (`id`) ON DELETE SET NULL;

--
-- Constraints for table `craft_tags`
--
ALTER TABLE `craft_tags`
	ADD CONSTRAINT `craft_tags_groupId_fk` FOREIGN KEY (`groupId`) REFERENCES `craft_taggroups` (`id`) ON DELETE CASCADE,
	ADD CONSTRAINT `craft_tags_id_fk` FOREIGN KEY (`id`) REFERENCES `craft_elements` (`id`) ON DELETE CASCADE;

--
-- Constraints for table `craft_templatecachecriteria`
--
ALTER TABLE `craft_templatecachecriteria`
	ADD CONSTRAINT `craft_templatecachecriteria_cacheId_fk` FOREIGN KEY (`cacheId`) REFERENCES `craft_templatecaches` (`id`) ON DELETE CASCADE;

--
-- Constraints for table `craft_templatecacheelements`
--
ALTER TABLE `craft_templatecacheelements`
	ADD CONSTRAINT `craft_templatecacheelements_cacheId_fk` FOREIGN KEY (`cacheId`) REFERENCES `craft_templatecaches` (`id`) ON DELETE CASCADE,
	ADD CONSTRAINT `craft_templatecacheelements_elementId_fk` FOREIGN KEY (`elementId`) REFERENCES `craft_elements` (`id`) ON DELETE CASCADE;

--
-- Constraints for table `craft_templatecaches`
--
ALTER TABLE `craft_templatecaches`
	ADD CONSTRAINT `craft_templatecaches_locale_fk` FOREIGN KEY (`locale`) REFERENCES `craft_locales` (`locale`) ON DELETE CASCADE ON UPDATE CASCADE;

--
-- Constraints for table `craft_usergroups_users`
--
ALTER TABLE `craft_usergroups_users`
	ADD CONSTRAINT `craft_usergroups_users_groupId_fk` FOREIGN KEY (`groupId`) REFERENCES `craft_usergroups` (`id`) ON DELETE CASCADE,
	ADD CONSTRAINT `craft_usergroups_users_userId_fk` FOREIGN KEY (`userId`) REFERENCES `craft_users` (`id`) ON DELETE CASCADE;

--
-- Constraints for table `craft_userpermissions_usergroups`
--
ALTER TABLE `craft_userpermissions_usergroups`
	ADD CONSTRAINT `craft_userpermissions_usergroups_groupId_fk` FOREIGN KEY (`groupId`) REFERENCES `craft_usergroups` (`id`) ON DELETE CASCADE,
	ADD CONSTRAINT `craft_userpermissions_usergroups_permissionId_fk` FOREIGN KEY (`permissionId`) REFERENCES `craft_userpermissions` (`id`) ON DELETE CASCADE;

--
-- Constraints for table `craft_userpermissions_users`
--
ALTER TABLE `craft_userpermissions_users`
	ADD CONSTRAINT `craft_userpermissions_users_permissionId_fk` FOREIGN KEY (`permissionId`) REFERENCES `craft_userpermissions` (`id`) ON DELETE CASCADE,
	ADD CONSTRAINT `craft_userpermissions_users_userId_fk` FOREIGN KEY (`userId`) REFERENCES `craft_users` (`id`) ON DELETE CASCADE;

--
-- Constraints for table `craft_users`
--
ALTER TABLE `craft_users`
	ADD CONSTRAINT `craft_users_id_fk` FOREIGN KEY (`id`) REFERENCES `craft_elements` (`id`) ON DELETE CASCADE,
	ADD CONSTRAINT `craft_users_preferredLocale_fk` FOREIGN KEY (`preferredLocale`) REFERENCES `craft_locales` (`locale`) ON DELETE SET NULL ON UPDATE CASCADE;

--
-- Constraints for table `craft_widgets`
--
ALTER TABLE `craft_widgets`
	ADD CONSTRAINT `craft_widgets_userId_fk` FOREIGN KEY (`userId`) REFERENCES `craft_users` (`id`) ON DELETE CASCADE;

SET FOREIGN_KEY_CHECKS = 1;
